source_file,output_file,person_id,confidence,original_x1,original_y1,original_x2,original_y2,person_height_ratio,crop_ratio,status
campus_images_00000.jpg,campus_images_00000_p01.jpg,1.0,0.9365900158882141,608.0,82.0,1071.0,1138.0,0.55,0.8,success
campus_images_00000.jpg,campus_images_00000_p02.jpg,2.0,0.7218219041824341,407.0,475.0,447.0,614.0,0.07239583333333334,0.6,success
campus_images_00000.jpg,campus_images_00000_p03.jpg,3.0,0.4672228991985321,456.0,474.0,507.0,617.0,0.07447916666666667,0.6,success
campus_images_00001.jpg,campus_images_00001_p01.jpg,1.0,0.9309288263320923,538.0,59.0,870.0,1117.0,0.5510416666666667,0.8,success
campus_images_00001.jpg,campus_images_00001_p02.jpg,2.0,0.7005118131637573,475.0,453.0,526.0,595.0,0.07395833333333333,0.6,success
campus_images_00001.jpg,campus_images_00001_p03.jpg,3.0,0.5344944000244141,419.0,457.0,459.0,590.0,0.06927083333333334,0.6,success
campus_images_00001.jpg,campus_images_00001_p04.jpg,4.0,0.3489283621311188,52.0,554.0,92.0,681.0,0.06614583333333333,0.6,success
campus_images_00002.jpg,campus_images_00002_p01.jpg,1.0,0.9034950137138367,454.0,54.0,820.0,1094.0,0.5416666666666666,0.6,success
campus_images_00002.jpg,campus_images_00002_p02.jpg,2.0,0.4990204870700836,444.0,423.0,489.0,569.0,0.07604166666666666,0.6,success
campus_images_00002.jpg,campus_images_00002_p03.jpg,3.0,0.3601768910884857,917.0,467.0,964.0,504.0,0.019270833333333334,0.6,success
campus_images_00003.jpg,campus_images_00003_p01.jpg,1.0,0.9290009140968323,425.0,46.0,805.0,1053.0,0.5244791666666667,0.6,success
campus_images_00004.jpg,campus_images_00004_p01.jpg,1.0,0.622805655002594,391.0,23.0,640.0,1001.0,0.509375,0.6,success
campus_images_00004.jpg,campus_images_00004_p02.jpg,2.0,0.39819103479385376,538.0,83.0,713.0,904.0,0.4276041666666667,0.6,success
campus_images_00005.jpg,campus_images_00005_p01.jpg,1.0,0.898428201675415,295.0,38.0,572.0,996.0,0.49895833333333334,0.6,success
campus_images_00005.jpg,campus_images_00005_p02.jpg,2.0,0.8346930146217346,493.0,87.0,672.0,890.0,0.41822916666666665,0.6,success
campus_images_00006.jpg,campus_images_00006_p01.jpg,1.0,0.925087034702301,239.0,71.0,570.0,998.0,0.4828125,0.6,success
campus_images_00006.jpg,campus_images_00006_p02.jpg,2.0,0.7618846893310547,443.0,105.0,648.0,885.0,0.40625,0.6,success
campus_images_00007.jpg,campus_images_00007_p01.jpg,1.0,0.762235701084137,385.0,103.0,571.0,860.0,0.39427083333333335,0.6,success
campus_images_00007.jpg,campus_images_00007_p02.jpg,2.0,0.7206252217292786,222.0,63.0,450.0,967.0,0.4708333333333333,0.6,success
campus_images_00007.jpg,campus_images_00007_p03.jpg,3.0,0.37097081542015076,584.0,392.0,617.0,518.0,0.065625,0.6,success
campus_images_00007.jpg,campus_images_00007_p04.jpg,4.0,0.36673790216445923,550.0,386.0,589.0,523.0,0.07135416666666666,0.6,success
campus_images_00008.jpg,campus_images_00008_p01.jpg,1.0,0.7900285124778748,143.0,71.0,415.0,956.0,0.4609375,0.6,success
campus_images_00008.jpg,campus_images_00008_p02.jpg,2.0,0.7074514627456665,353.0,111.0,536.0,872.0,0.3963541666666667,0.6,success
campus_images_00008.jpg,campus_images_00008_p03.jpg,3.0,0.5251293778419495,553.0,386.0,593.0,519.0,0.06927083333333334,0.6,success
campus_images_00009.jpg,campus_images_00009_p01.jpg,1.0,0.6027573943138123,310.0,123.0,492.0,865.0,0.38645833333333335,0.6,success
campus_images_00009.jpg,campus_images_00009_p02.jpg,2.0,0.5357436537742615,128.0,109.0,368.0,945.0,0.4354166666666667,0.6,success
campus_images_00009.jpg,campus_images_00009_p03.jpg,3.0,0.5322387218475342,520.0,379.0,560.0,516.0,0.07135416666666666,0.6,success
campus_images_00009.jpg,campus_images_00009_p04.jpg,4.0,0.441615492105484,600.0,391.0,631.0,502.0,0.0578125,0.6,success
campus_images_00010.jpg,campus_images_00010_p01.jpg,1.0,0.8300337791442871,105.0,112.0,332.0,909.0,0.41510416666666666,0.6,success
campus_images_00010.jpg,campus_images_00010_p02.jpg,2.0,0.7465529441833496,273.0,133.0,448.0,843.0,0.3697916666666667,0.6,success
campus_images_00010.jpg,campus_images_00010_p03.jpg,3.0,0.6679301261901855,567.0,384.0,620.0,521.0,0.07135416666666666,0.6,success
campus_images_00010.jpg,campus_images_00010_p04.jpg,4.0,0.6352173686027527,521.0,376.0,565.0,520.0,0.075,0.6,success
campus_images_00011.jpg,campus_images_00011_p01.jpg,1.0,0.9096587300300598,88.0,115.0,294.0,885.0,0.4010416666666667,0.6,success
campus_images_00011.jpg,campus_images_00011_p02.jpg,2.0,0.5590380430221558,571.0,380.0,619.0,518.0,0.071875,0.6,success
campus_images_00011.jpg,campus_images_00011_p03.jpg,3.0,0.4774352014064789,531.0,377.0,574.0,519.0,0.07395833333333333,0.6,success
campus_images_00012.jpg,campus_images_00012_p01.jpg,1.0,0.9059829115867615,44.0,133.0,279.0,884.0,0.39114583333333336,0.6,success
campus_images_00012.jpg,campus_images_00012_p02.jpg,2.0,0.8853233456611633,204.0,155.0,377.0,829.0,0.35104166666666664,0.6,success
campus_images_00012.jpg,campus_images_00012_p03.jpg,3.0,0.5419825315475464,535.0,374.0,579.0,523.0,0.07760416666666667,0.6,success
campus_images_00012.jpg,campus_images_00012_p04.jpg,4.0,0.49880683422088623,576.0,383.0,624.0,525.0,0.07395833333333333,0.6,success
campus_images_00013.jpg,campus_images_00013_p01.jpg,1.0,0.8587198853492737,12.0,161.0,271.0,885.0,0.3770833333333333,0.6,success
campus_images_00013.jpg,campus_images_00013_p02.jpg,2.0,0.8189443349838257,142.0,173.0,362.0,823.0,0.3385416666666667,0.6,success
campus_images_00013.jpg,campus_images_00013_p03.jpg,3.0,0.7179627418518066,536.0,384.0,576.0,526.0,0.07395833333333333,0.6,success
campus_images_00013.jpg,campus_images_00013_p04.jpg,4.0,0.49052193760871887,578.0,389.0,622.0,526.0,0.07135416666666666,0.6,success
campus_images_00014.jpg,campus_images_00014_p01.jpg,1.0,0.8783830404281616,87.0,179.0,295.0,833.0,0.340625,0.6,success
campus_images_00014.jpg,campus_images_00014_p02.jpg,2.0,0.6517911553382874,538.0,388.0,575.0,535.0,0.0765625,0.6,success
campus_images_00014.jpg,campus_images_00014_p03.jpg,3.0,0.6135622262954712,571.0,399.0,616.0,536.0,0.07135416666666666,0.6,success
campus_images_00014.jpg,campus_images_00014_p04.jpg,4.0,0.6078194975852966,1.0,169.0,201.0,862.0,0.3609375,0.6,success
campus_images_00014.jpg,campus_images_00014_p05.jpg,5.0,0.3145875036716461,613.0,408.0,643.0,524.0,0.06041666666666667,0.6,success
campus_images_00015.jpg,campus_images_00015_p01.jpg,1.0,0.7692925930023193,57.0,193.0,244.0,833.0,0.3333333333333333,0.6,success
campus_images_00015.jpg,campus_images_00015_p02.jpg,2.0,0.6209543347358704,571.0,402.0,613.0,540.0,0.071875,0.6,success
campus_images_00015.jpg,campus_images_00015_p03.jpg,3.0,0.5002704858779907,536.0,393.0,577.0,539.0,0.07604166666666666,0.6,success
campus_images_00015.jpg,campus_images_00015_p04.jpg,4.0,0.4537564516067505,0.0,264.0,136.0,877.0,0.31927083333333334,0.6,success
campus_images_00015.jpg,campus_images_00015_p05.jpg,5.0,0.4358581602573395,0.0,266.0,135.0,866.0,0.3125,0.6,success
campus_images_00016.jpg,campus_images_00016_p01.jpg,1.0,0.7694541811943054,36.0,223.0,219.0,829.0,0.315625,0.6,success
campus_images_00016.jpg,campus_images_00016_p02.jpg,2.0,0.4810522794723511,540.0,401.0,580.0,546.0,0.07552083333333333,0.6,success
campus_images_00016.jpg,campus_images_00016_p03.jpg,3.0,0.34010741114616394,572.0,407.0,616.0,554.0,0.0765625,0.6,success
campus_images_00017.jpg,campus_images_00017_p01.jpg,1.0,0.8563975691795349,7.0,273.0,197.0,913.0,0.3333333333333333,0.6,success
campus_images_00017.jpg,campus_images_00017_p02.jpg,2.0,0.40352070331573486,572.0,421.0,618.0,551.0,0.06770833333333333,0.6,success
campus_images_00017.jpg,campus_images_00017_p03.jpg,3.0,0.3629084527492523,539.0,412.0,575.0,545.0,0.06927083333333334,0.6,success
campus_images_00018.jpg,campus_images_00018_p01.jpg,1.0,0.8092647790908813,4.0,291.0,159.0,790.0,0.2598958333333333,0.6,success
campus_images_00018.jpg,campus_images_00018_p02.jpg,2.0,0.5034295916557312,572.0,425.0,611.0,563.0,0.071875,0.6,success
campus_images_00018.jpg,campus_images_00018_p03.jpg,3.0,0.3428713381290436,541.0,426.0,579.0,560.0,0.06979166666666667,0.6,success
campus_images_00019.jpg,campus_images_00019_p01.jpg,1.0,0.8133563995361328,1.0,305.0,151.0,894.0,0.3067708333333333,0.6,success
campus_images_00019.jpg,campus_images_00019_p02.jpg,2.0,0.6430025100708008,574.0,434.0,610.0,569.0,0.0703125,0.6,success
campus_images_00019.jpg,campus_images_00019_p03.jpg,3.0,0.5761591792106628,617.0,446.0,657.0,564.0,0.06145833333333333,0.6,success
campus_images_00019.jpg,campus_images_00019_p04.jpg,4.0,0.49824440479278564,541.0,425.0,582.0,572.0,0.0765625,0.6,success
campus_images_00020.jpg,campus_images_00020_p01.jpg,1.0,0.9002198576927185,0.0,342.0,130.0,916.0,0.2989583333333333,0.6,success
campus_images_00020.jpg,campus_images_00020_p02.jpg,2.0,0.6396944522857666,620.0,454.0,655.0,568.0,0.059375,0.6,success
campus_images_00020.jpg,campus_images_00020_p03.jpg,3.0,0.5101601481437683,576.0,440.0,613.0,574.0,0.06979166666666667,0.6,success
campus_images_00020.jpg,campus_images_00020_p04.jpg,4.0,0.4444735646247864,544.0,435.0,578.0,573.0,0.071875,0.6,success
campus_images_00021.jpg,campus_images_00021_p01.jpg,1.0,0.7451278567314148,0.0,0.0,311.0,1911.0,0.9953125,1.0,success
campus_images_00021.jpg,campus_images_00021_p02.jpg,2.0,0.5425435304641724,572.0,448.0,616.0,577.0,0.0671875,0.6,success
campus_images_00021.jpg,campus_images_00021_p03.jpg,3.0,0.5125871896743774,618.0,458.0,656.0,568.0,0.057291666666666664,0.6,success
campus_images_00022.jpg,campus_images_00022_p01.jpg,1.0,0.9225569367408752,0.0,2.0,384.0,1920.0,0.9989583333333333,1.0,success
campus_images_00022.jpg,campus_images_00022_p02.jpg,2.0,0.7347111105918884,572.0,453.0,620.0,583.0,0.06770833333333333,0.6,success
campus_images_00022.jpg,campus_images_00022_p03.jpg,3.0,0.4051302671432495,622.0,466.0,656.0,573.0,0.05572916666666667,0.6,success
campus_images_00023.jpg,campus_images_00023_p01.jpg,1.0,0.9188146591186523,0.0,2.0,602.0,1904.0,0.990625,1.0,success
campus_images_00023.jpg,campus_images_00023_p02.jpg,2.0,0.5724347829818726,575.0,458.0,618.0,584.0,0.065625,0.6,success
campus_images_00023.jpg,campus_images_00023_p03.jpg,3.0,0.43540236353874207,542.0,460.0,580.0,586.0,0.065625,0.6,success
campus_images_00024.jpg,campus_images_00024_p01.jpg,1.0,0.8897099494934082,130.0,3.0,957.0,1920.0,0.9984375,1.0,success
campus_images_00025.jpg,campus_images_00025_p01.jpg,1.0,0.7547473311424255,146.0,6.0,1080.0,1919.0,0.9963541666666667,1.0,success
campus_images_00025.jpg,campus_images_00025_p02.jpg,2.0,0.5443718433380127,136.0,8.0,1080.0,1920.0,0.9958333333333333,1.0,success
campus_images_00026.jpg,campus_images_00026_p01.jpg,1.0,0.4940926432609558,636.0,0.0,1080.0,1920.0,1.0,1.0,success
campus_images_00027.jpg,,,,,,,,,,no_person
campus_images_00028.jpg,campus_images_00028_p01.jpg,1.0,0.5723797082901001,535.0,469.0,581.0,612.0,0.07447916666666667,0.6,success
campus_images_00028.jpg,campus_images_00028_p02.jpg,2.0,0.45959481596946716,564.0,471.0,600.0,615.0,0.075,0.6,success
campus_images_00028.jpg,campus_images_00028_p03.jpg,3.0,0.38214346766471863,534.0,469.0,593.0,619.0,0.078125,0.6,success
campus_images_00028.jpg,campus_images_00028_p04.jpg,4.0,0.37733179330825806,595.0,491.0,636.0,615.0,0.06458333333333334,0.6,success
campus_images_00029.jpg,campus_images_00029_p01.jpg,1.0,0.5522862076759338,534.0,478.0,580.0,611.0,0.06927083333333334,0.6,success
campus_images_00029.jpg,campus_images_00029_p02.jpg,2.0,0.358051061630249,598.0,493.0,640.0,614.0,0.06302083333333333,0.6,success
campus_images_00030.jpg,campus_images_00030_p01.jpg,1.0,0.5980424284934998,531.0,477.0,586.0,612.0,0.0703125,0.6,success
campus_images_00031.jpg,campus_images_00031_p01.jpg,1.0,0.6523495316505432,529.0,476.0,584.0,617.0,0.0734375,0.6,success
campus_images_00031.jpg,campus_images_00031_p02.jpg,2.0,0.306005597114563,596.0,498.0,628.0,593.0,0.049479166666666664,0.6,success
campus_images_00032.jpg,campus_images_00032_p01.jpg,1.0,0.6509497761726379,526.0,471.0,579.0,617.0,0.07604166666666666,0.6,success
campus_images_00032.jpg,campus_images_00032_p02.jpg,2.0,0.39254385232925415,594.0,496.0,622.0,602.0,0.05520833333333333,0.6,success
campus_images_00033.jpg,campus_images_00033_p01.jpg,1.0,0.5748782157897949,525.0,473.0,576.0,616.0,0.07447916666666667,0.6,success
campus_images_00034.jpg,campus_images_00034_p01.jpg,1.0,0.5364499688148499,527.0,480.0,573.0,608.0,0.06666666666666667,0.6,success
campus_images_00035.jpg,campus_images_00035_p01.jpg,1.0,0.6479030847549438,524.0,473.0,572.0,610.0,0.07135416666666666,0.6,success
campus_images_00036.jpg,campus_images_00036_p01.jpg,1.0,0.36782118678092957,525.0,464.0,564.0,593.0,0.0671875,0.6,success
campus_images_00037.jpg,campus_images_00037_p01.jpg,1.0,0.47148075699806213,585.0,483.0,622.0,607.0,0.06458333333333334,0.6,success
campus_images_00037.jpg,campus_images_00037_p02.jpg,2.0,0.46772560477256775,527.0,465.0,565.0,589.0,0.06458333333333334,0.6,success
campus_images_00038.jpg,campus_images_00038_p01.jpg,1.0,0.6022016406059265,573.0,473.0,619.0,606.0,0.06927083333333334,0.6,success
campus_images_00038.jpg,campus_images_00038_p02.jpg,2.0,0.3995296359062195,523.0,467.0,558.0,595.0,0.06666666666666667,0.6,success
campus_images_00038.jpg,campus_images_00038_p03.jpg,3.0,0.34175369143486023,522.0,466.0,565.0,598.0,0.06875,0.6,success
campus_images_00039.jpg,campus_images_00039_p01.jpg,1.0,0.5319146513938904,1032.0,497.0,1076.0,636.0,0.07239583333333334,0.6,success
campus_images_00039.jpg,campus_images_00039_p02.jpg,2.0,0.3472819924354553,576.0,472.0,609.0,583.0,0.0578125,0.6,success
campus_images_00039.jpg,campus_images_00039_p03.jpg,3.0,0.32783809304237366,130.0,552.0,163.0,623.0,0.03697916666666667,0.6,success
campus_images_00040.jpg,campus_images_00040_p01.jpg,1.0,0.690056324005127,1015.0,411.0,1080.0,825.0,0.215625,0.6,success
campus_images_00040.jpg,campus_images_00040_p02.jpg,2.0,0.6599626541137695,570.0,473.0,612.0,598.0,0.06510416666666667,0.6,success
campus_images_00041.jpg,campus_images_00041_p01.jpg,1.0,0.8540859222412109,977.0,392.0,1079.0,870.0,0.24895833333333334,0.6,success
campus_images_00041.jpg,campus_images_00041_p02.jpg,2.0,0.49421024322509766,511.0,468.0,550.0,598.0,0.06770833333333333,0.6,success
campus_images_00042.jpg,campus_images_00042_p01.jpg,1.0,0.7612372040748596,957.0,297.0,1080.0,865.0,0.29583333333333334,0.6,success
campus_images_00042.jpg,campus_images_00042_p02.jpg,2.0,0.46004632115364075,504.0,464.0,540.0,592.0,0.06666666666666667,0.6,success
campus_images_00043.jpg,campus_images_00043_p01.jpg,1.0,0.8491706848144531,926.0,293.0,1079.0,851.0,0.290625,0.6,success
campus_images_00043.jpg,campus_images_00043_p02.jpg,2.0,0.40929996967315674,107.0,558.0,139.0,641.0,0.043229166666666666,0.6,success
campus_images_00043.jpg,campus_images_00043_p03.jpg,3.0,0.3015877902507782,499.0,462.0,534.0,592.0,0.06770833333333333,0.6,success
campus_images_00044.jpg,campus_images_00044_p01.jpg,1.0,0.9293699264526367,877.0,300.0,1078.0,852.0,0.2875,0.6,success
campus_images_00044.jpg,campus_images_00044_p02.jpg,2.0,0.6576408743858337,490.0,462.0,534.0,599.0,0.07135416666666666,0.6,success
campus_images_00045.jpg,campus_images_00045_p01.jpg,1.0,0.9273003339767456,853.0,313.0,1068.0,850.0,0.2796875,0.6,success
campus_images_00045.jpg,campus_images_00045_p02.jpg,2.0,0.37206727266311646,482.0,461.0,521.0,590.0,0.0671875,0.6,success
campus_images_00046.jpg,campus_images_00046_p01.jpg,1.0,0.9283426403999329,834.0,310.0,1037.0,827.0,0.26927083333333335,0.6,success
campus_images_00046.jpg,campus_images_00046_p02.jpg,2.0,0.6798906326293945,475.0,448.0,518.0,591.0,0.07447916666666667,0.6,success
campus_images_00047.jpg,campus_images_00047_p01.jpg,1.0,0.8478530645370483,823.0,314.0,1009.0,816.0,0.26145833333333335,0.6,success
campus_images_00047.jpg,campus_images_00047_p02.jpg,2.0,0.5055197477340698,471.0,460.0,507.0,584.0,0.06458333333333334,0.6,success
campus_images_00048.jpg,campus_images_00048_p01.jpg,1.0,0.8744975328445435,799.0,330.0,972.0,802.0,0.24583333333333332,0.6,success
campus_images_00048.jpg,campus_images_00048_p02.jpg,2.0,0.35838067531585693,548.0,468.0,585.0,582.0,0.059375,0.6,success
campus_images_00049.jpg,campus_images_00049_p01.jpg,1.0,0.8494918346405029,790.0,327.0,971.0,799.0,0.24583333333333332,0.6,success
campus_images_00050.jpg,campus_images_00050_p01.jpg,1.0,0.8986955881118774,766.0,324.0,947.0,783.0,0.2390625,0.6,success
campus_images_00050.jpg,campus_images_00050_p02.jpg,2.0,0.5371654033660889,552.0,467.0,585.0,569.0,0.053125,0.6,success
campus_images_00050.jpg,campus_images_00050_p03.jpg,3.0,0.4258556365966797,467.0,454.0,505.0,579.0,0.06510416666666667,0.6,success
campus_images_00051.jpg,campus_images_00051_p01.jpg,1.0,0.8841938376426697,735.0,331.0,919.0,771.0,0.22916666666666666,0.6,success
campus_images_00051.jpg,campus_images_00051_p02.jpg,2.0,0.4408789873123169,554.0,459.0,594.0,563.0,0.05416666666666667,0.6,success
campus_images_00052.jpg,campus_images_00052_p01.jpg,1.0,0.8914065361022949,736.0,321.0,905.0,758.0,0.22760416666666666,0.6,success
campus_images_00052.jpg,campus_images_00052_p02.jpg,2.0,0.38208919763565063,924.0,471.0,965.0,507.0,0.01875,0.6,success
campus_images_00052.jpg,campus_images_00052_p03.jpg,3.0,0.339334100484848,473.0,442.0,508.0,567.0,0.06510416666666667,0.6,success
campus_images_00052.jpg,campus_images_00052_p04.jpg,4.0,0.3324185609817505,556.0,456.0,589.0,556.0,0.052083333333333336,0.6,success
campus_images_00053.jpg,campus_images_00053_p01.jpg,1.0,0.9158856868743896,744.0,315.0,894.0,744.0,0.2234375,0.6,success
campus_images_00053.jpg,campus_images_00053_p02.jpg,2.0,0.47714564204216003,563.0,446.0,594.0,543.0,0.050520833333333334,0.6,success
campus_images_00053.jpg,campus_images_00053_p03.jpg,3.0,0.33761170506477356,478.0,430.0,528.0,559.0,0.0671875,0.6,success
campus_images_00054.jpg,campus_images_00054_p01.jpg,1.0,0.8940121531486511,736.0,323.0,883.0,731.0,0.2125,0.6,success
campus_images_00055.jpg,campus_images_00055_p01.jpg,1.0,0.9061323404312134,735.0,311.0,866.0,718.0,0.21197916666666666,0.6,success
campus_images_00055.jpg,campus_images_00055_p02.jpg,2.0,0.5063190460205078,573.0,431.0,604.0,542.0,0.0578125,0.6,success
campus_images_00055.jpg,campus_images_00055_p03.jpg,3.0,0.49570900201797485,497.0,411.0,534.0,542.0,0.06822916666666666,0.6,success
campus_images_00056.jpg,campus_images_00056_p01.jpg,1.0,0.8827186822891235,724.0,303.0,861.0,699.0,0.20625,0.6,success
campus_images_00056.jpg,campus_images_00056_p02.jpg,2.0,0.4598208963871002,578.0,417.0,609.0,526.0,0.05677083333333333,0.6,success
campus_images_00056.jpg,campus_images_00056_p03.jpg,3.0,0.45065221190452576,501.0,390.0,547.0,527.0,0.07135416666666666,0.6,success
campus_images_00057.jpg,campus_images_00057_p01.jpg,1.0,0.9028332829475403,712.0,296.0,861.0,680.0,0.2,0.6,success
campus_images_00057.jpg,campus_images_00057_p02.jpg,2.0,0.49388179183006287,513.0,384.0,555.0,524.0,0.07291666666666667,0.6,success
campus_images_00057.jpg,campus_images_00057_p03.jpg,3.0,0.37486377358436584,586.0,407.0,618.0,512.0,0.0546875,0.6,success
campus_images_00058.jpg,campus_images_00058_p01.jpg,1.0,0.9147768616676331,707.0,280.0,858.0,665.0,0.20052083333333334,0.6,success
campus_images_00058.jpg,campus_images_00058_p02.jpg,2.0,0.4434189200401306,519.0,365.0,564.0,501.0,0.07083333333333333,0.6,success
campus_images_00058.jpg,campus_images_00058_p03.jpg,3.0,0.3639034628868103,593.0,395.0,624.0,498.0,0.05364583333333333,0.6,success
campus_images_00059.jpg,campus_images_00059_p01.jpg,1.0,0.8493552803993225,712.0,265.0,850.0,645.0,0.19791666666666666,0.6,success
campus_images_00059.jpg,campus_images_00059_p02.jpg,2.0,0.5885723233222961,526.0,359.0,572.0,487.0,0.06666666666666667,0.6,success
campus_images_00059.jpg,campus_images_00059_p03.jpg,3.0,0.48271116614341736,596.0,383.0,630.0,479.0,0.05,0.6,success
campus_images_00060.jpg,campus_images_00060_p01.jpg,1.0,0.8825715780258179,699.0,260.0,835.0,624.0,0.18958333333333333,0.6,success
campus_images_00060.jpg,campus_images_00060_p02.jpg,2.0,0.3566340506076813,531.0,340.0,575.0,485.0,0.07552083333333333,0.6,success
campus_images_00061.jpg,campus_images_00061_p01.jpg,1.0,0.8910344243049622,705.0,250.0,821.0,614.0,0.18958333333333333,0.6,success
campus_images_00061.jpg,campus_images_00061_p02.jpg,2.0,0.5594315528869629,537.0,329.0,582.0,474.0,0.07552083333333333,0.6,success
campus_images_00061.jpg,campus_images_00061_p03.jpg,3.0,0.45462244749069214,598.0,352.0,632.0,443.0,0.04739583333333333,0.6,success
campus_images_00062.jpg,campus_images_00062_p01.jpg,1.0,0.8825272917747498,690.0,243.0,816.0,602.0,0.18697916666666667,0.6,success
campus_images_00062.jpg,campus_images_00062_p02.jpg,2.0,0.4930736720561981,540.0,322.0,584.0,466.0,0.075,0.6,success
campus_images_00063.jpg,campus_images_00063_p01.jpg,1.0,0.9090878367424011,670.0,255.0,803.0,610.0,0.18489583333333334,0.6,success
campus_images_00063.jpg,campus_images_00063_p02.jpg,2.0,0.5341134667396545,542.0,327.0,585.0,471.0,0.075,0.6,success
campus_images_00063.jpg,campus_images_00063_p03.jpg,3.0,0.3826437294483185,591.0,351.0,630.0,470.0,0.06197916666666667,0.6,success
campus_images_00064.jpg,campus_images_00064_p01.jpg,1.0,0.9098876118659973,662.0,259.0,793.0,603.0,0.17916666666666667,0.6,success
campus_images_00064.jpg,campus_images_00064_p02.jpg,2.0,0.33654162287712097,545.0,327.0,584.0,475.0,0.07708333333333334,0.6,success
campus_images_00065.jpg,campus_images_00065_p01.jpg,1.0,0.8986551761627197,668.0,263.0,786.0,601.0,0.17604166666666668,0.6,success
campus_images_00065.jpg,campus_images_00065_p02.jpg,2.0,0.3532455861568451,548.0,341.0,582.0,473.0,0.06875,0.6,success
campus_images_00065.jpg,campus_images_00065_p03.jpg,3.0,0.320510596036911,584.0,360.0,624.0,466.0,0.05520833333333333,0.6,success
campus_images_00066.jpg,campus_images_00066_p01.jpg,1.0,0.8914844393730164,658.0,285.0,768.0,607.0,0.16770833333333332,0.6,success
campus_images_00066.jpg,campus_images_00066_p02.jpg,2.0,0.5163627862930298,574.0,374.0,613.0,474.0,0.052083333333333336,0.6,success
campus_images_00066.jpg,campus_images_00066_p03.jpg,3.0,0.4447290301322937,543.0,363.0,577.0,484.0,0.06302083333333333,0.6,success
campus_images_00067.jpg,campus_images_00067_p01.jpg,1.0,0.8806928396224976,648.0,292.0,758.0,602.0,0.16145833333333334,0.6,success
campus_images_00068.jpg,campus_images_00068_p01.jpg,1.0,0.8922759294509888,623.0,304.0,746.0,610.0,0.159375,0.6,success
campus_images_00068.jpg,campus_images_00068_p02.jpg,2.0,0.4405553936958313,548.0,355.0,604.0,496.0,0.0734375,0.6,success
campus_images_00069.jpg,campus_images_00069_p01.jpg,1.0,0.8635960221290588,622.0,324.0,732.0,626.0,0.15729166666666666,0.6,success
campus_images_00069.jpg,campus_images_00069_p02.jpg,2.0,0.3106338381767273,546.0,360.0,598.0,512.0,0.07916666666666666,0.6,success
campus_images_00070.jpg,campus_images_00070_p01.jpg,1.0,0.8646523356437683,619.0,331.0,724.0,621.0,0.15104166666666666,0.6,success
campus_images_00070.jpg,campus_images_00070_p02.jpg,2.0,0.609006941318512,547.0,373.0,596.0,521.0,0.07708333333333334,0.6,success
campus_images_00071.jpg,campus_images_00071_p01.jpg,1.0,0.8839349150657654,617.0,336.0,719.0,621.0,0.1484375,0.6,success
campus_images_00072.jpg,campus_images_00072_p01.jpg,1.0,0.8818041086196899,604.0,352.0,709.0,631.0,0.1453125,0.6,success
campus_images_00072.jpg,campus_images_00072_p02.jpg,2.0,0.3911498486995697,545.0,390.0,591.0,535.0,0.07552083333333333,0.6,success
campus_images_00073.jpg,campus_images_00073_p01.jpg,1.0,0.854529619216919,599.0,359.0,697.0,633.0,0.14270833333333333,0.6,success
campus_images_00073.jpg,campus_images_00073_p02.jpg,2.0,0.6254039406776428,548.0,393.0,592.0,536.0,0.07447916666666667,0.6,success
campus_images_00074.jpg,campus_images_00074_p01.jpg,1.0,0.8557971119880676,594.0,360.0,691.0,634.0,0.14270833333333333,0.6,success
campus_images_00074.jpg,campus_images_00074_p02.jpg,2.0,0.5511014461517334,547.0,392.0,597.0,542.0,0.078125,0.6,success
campus_images_00074.jpg,campus_images_00074_p03.jpg,3.0,0.39076367020606995,547.0,396.0,597.0,541.0,0.07552083333333333,0.6,success
campus_images_00075.jpg,campus_images_00075_p01.jpg,1.0,0.8611034750938416,595.0,362.0,684.0,637.0,0.14322916666666666,0.6,success
campus_images_00075.jpg,campus_images_00075_p02.jpg,2.0,0.762033998966217,545.0,402.0,594.0,549.0,0.0765625,0.6,success
campus_images_00076.jpg,campus_images_00076_p01.jpg,1.0,0.8579577207565308,594.0,366.0,685.0,637.0,0.14114583333333333,0.6,success
campus_images_00076.jpg,campus_images_00076_p02.jpg,2.0,0.4857556223869324,543.0,405.0,594.0,549.0,0.075,0.6,success
campus_images_00076.jpg,campus_images_00076_p03.jpg,3.0,0.3025183379650116,518.0,426.0,549.0,534.0,0.05625,0.6,success
campus_images_00077.jpg,campus_images_00077_p01.jpg,1.0,0.8527374863624573,593.0,368.0,696.0,638.0,0.140625,0.6,success
campus_images_00078.jpg,campus_images_00078_p01.jpg,1.0,0.8522759675979614,594.0,365.0,706.0,635.0,0.140625,0.6,success
campus_images_00078.jpg,campus_images_00078_p02.jpg,2.0,0.4648398756980896,538.0,405.0,579.0,553.0,0.07708333333333334,0.6,success
campus_images_00079.jpg,campus_images_00079_p01.jpg,1.0,0.7331961393356323,610.0,366.0,713.0,637.0,0.14114583333333333,0.6,success
campus_images_00079.jpg,campus_images_00079_p02.jpg,2.0,0.4083697199821472,534.0,406.0,573.0,557.0,0.07864583333333333,0.6,success
campus_images_00079.jpg,campus_images_00079_p03.jpg,3.0,0.31743597984313965,975.0,455.0,1017.0,492.0,0.019270833333333334,0.6,success
campus_images_00080.jpg,campus_images_00080_p01.jpg,1.0,0.7165138721466064,616.0,368.0,721.0,637.0,0.14010416666666667,0.6,success
campus_images_00080.jpg,campus_images_00080_p02.jpg,2.0,0.581784188747406,527.0,405.0,573.0,555.0,0.078125,0.6,success
campus_images_00081.jpg,campus_images_00081_p01.jpg,1.0,0.8687436580657959,639.0,370.0,729.0,642.0,0.14166666666666666,0.6,success
campus_images_00081.jpg,campus_images_00081_p02.jpg,2.0,0.3127434551715851,523.0,412.0,560.0,546.0,0.06979166666666667,0.6,success
campus_images_00082.jpg,campus_images_00082_p01.jpg,1.0,0.8634270429611206,655.0,370.0,733.0,644.0,0.14270833333333333,0.6,success
campus_images_00082.jpg,campus_images_00082_p02.jpg,2.0,0.6033508777618408,519.0,414.0,559.0,552.0,0.071875,0.6,success
campus_images_00082.jpg,campus_images_00082_p03.jpg,3.0,0.3281826972961426,575.0,428.0,607.0,526.0,0.051041666666666666,0.6,success
campus_images_00083.jpg,campus_images_00083_p01.jpg,1.0,0.5098609328269958,675.0,374.0,734.0,640.0,0.13854166666666667,0.6,success
campus_images_00084.jpg,campus_images_00084_p01.jpg,1.0,0.694105863571167,679.0,378.0,735.0,641.0,0.13697916666666668,0.6,success
campus_images_00084.jpg,campus_images_00084_p02.jpg,2.0,0.5785828232765198,561.0,430.0,600.0,532.0,0.053125,0.6,success
campus_images_00084.jpg,campus_images_00084_p03.jpg,3.0,0.4173465073108673,511.0,411.0,555.0,549.0,0.071875,0.6,success
campus_images_00085.jpg,campus_images_00085_p01.jpg,1.0,0.646129310131073,682.0,405.0,733.0,641.0,0.12291666666666666,0.6,success
campus_images_00085.jpg,campus_images_00085_p02.jpg,2.0,0.6226988434791565,505.0,411.0,550.0,551.0,0.07291666666666667,0.6,success
campus_images_00086.jpg,campus_images_00086_p01.jpg,1.0,0.5809880495071411,504.0,408.0,548.0,555.0,0.0765625,0.6,success
campus_images_00086.jpg,campus_images_00086_p02.jpg,2.0,0.44110700488090515,680.0,467.0,732.0,641.0,0.090625,0.6,success
campus_images_00086.jpg,campus_images_00086_p03.jpg,3.0,0.3467516601085663,503.0,408.0,548.0,556.0,0.07708333333333334,0.6,success
campus_images_00087.jpg,campus_images_00087_p01.jpg,1.0,0.6723029017448425,499.0,408.0,545.0,561.0,0.0796875,0.6,success
campus_images_00088.jpg,campus_images_00088_p01.jpg,1.0,0.5084953308105469,495.0,412.0,541.0,559.0,0.0765625,0.6,success
campus_images_00089.jpg,campus_images_00089_p01.jpg,1.0,0.32084572315216064,492.0,405.0,551.0,564.0,0.0828125,0.6,success
campus_images_00090.jpg,campus_images_00090_p01.jpg,1.0,0.5490210652351379,493.0,407.0,554.0,559.0,0.07916666666666666,0.6,success
campus_images_00091.jpg,campus_images_00091_p01.jpg,1.0,0.3792649805545807,492.0,421.0,547.0,555.0,0.06979166666666667,0.6,success
campus_images_00092.jpg,,,,,,,,,,no_person
campus_images_00093.jpg,,,,,,,,,,no_person
campus_images_00094.jpg,,,,,,,,,,no_person
campus_images_00095.jpg,,,,,,,,,,no_person
campus_images_00096.jpg,campus_images_00096_p01.jpg,1.0,0.45198312401771545,488.0,438.0,527.0,552.0,0.059375,0.6,success
campus_images_00097.jpg,campus_images_00097_p01.jpg,1.0,0.3147645890712738,487.0,435.0,525.0,555.0,0.0625,0.6,success
campus_images_00098.jpg,,,,,,,,,,no_person
campus_images_00099.jpg,campus_images_00099_p01.jpg,1.0,0.37357962131500244,488.0,427.0,525.0,554.0,0.06614583333333333,0.6,success
campus_images_00100.jpg,,,,,,,,,,no_person
campus_images_00101.jpg,,,,,,,,,,no_person
campus_images_00102.jpg,campus_images_00102_p01.jpg,1.0,0.40835991501808167,484.0,422.0,523.0,551.0,0.0671875,0.6,success
campus_images_00103.jpg,,,,,,,,,,no_person
campus_images_00104.jpg,,,,,,,,,,no_person
campus_images_00105.jpg,campus_images_00105_p01.jpg,1.0,0.9161028265953064,550.0,0.0,1079.0,1872.0,0.975,1.0,success
campus_images_00105.jpg,campus_images_00105_p02.jpg,2.0,0.9139982461929321,0.0,87.0,547.0,1415.0,0.6916666666666667,0.8,success
campus_images_00105.jpg,campus_images_00105_p03.jpg,3.0,0.5357730984687805,995.0,533.0,1060.0,640.0,0.05572916666666667,0.6,success
campus_images_00106.jpg,campus_images_00106_p01.jpg,1.0,0.9226146340370178,0.0,65.0,463.0,1425.0,0.7083333333333334,0.8,success
campus_images_00106.jpg,campus_images_00106_p02.jpg,2.0,0.9085792899131775,661.0,4.0,1080.0,1770.0,0.9197916666666667,1.0,success
campus_images_00106.jpg,campus_images_00106_p03.jpg,3.0,0.6769841313362122,335.0,443.0,544.0,953.0,0.265625,0.6,success
campus_images_00107.jpg,campus_images_00107_p01.jpg,1.0,0.8508884310722351,664.0,0.0,1080.0,1643.0,0.8557291666666667,1.0,success
campus_images_00107.jpg,campus_images_00107_p02.jpg,2.0,0.8446063995361328,302.0,435.0,438.0,956.0,0.2713541666666667,0.6,success
campus_images_00107.jpg,campus_images_00107_p03.jpg,3.0,0.6928932666778564,500.0,536.0,572.0,746.0,0.109375,0.6,success
campus_images_00107.jpg,campus_images_00107_p04.jpg,4.0,0.6526395082473755,0.0,225.0,235.0,1434.0,0.6296875,0.8,success
campus_images_00107.jpg,campus_images_00107_p05.jpg,5.0,0.47238823771476746,569.0,546.0,626.0,739.0,0.10052083333333334,0.6,success
campus_images_00108.jpg,campus_images_00108_p01.jpg,1.0,0.9119775295257568,178.0,434.0,410.0,955.0,0.2713541666666667,0.6,success
campus_images_00108.jpg,campus_images_00108_p02.jpg,2.0,0.8406290411949158,688.0,0.0,1080.0,1639.0,0.8536458333333333,1.0,success
campus_images_00108.jpg,campus_images_00108_p03.jpg,3.0,0.7906356453895569,488.0,539.0,565.0,750.0,0.10989583333333333,0.6,success
campus_images_00108.jpg,campus_images_00108_p04.jpg,4.0,0.7486691474914551,569.0,548.0,631.0,745.0,0.10260416666666666,0.6,success
campus_images_00108.jpg,campus_images_00108_p05.jpg,5.0,0.5905133485794067,630.0,563.0,682.0,743.0,0.09375,0.6,success
campus_images_00109.jpg,campus_images_00109_p01.jpg,1.0,0.9152950644493103,90.0,447.0,405.0,970.0,0.27239583333333334,0.6,success
campus_images_00109.jpg,campus_images_00109_p02.jpg,2.0,0.8532986044883728,481.0,536.0,561.0,752.0,0.1125,0.6,success
campus_images_00109.jpg,campus_images_00109_p03.jpg,3.0,0.7765620350837708,573.0,543.0,634.0,744.0,0.1046875,0.6,success
campus_images_00109.jpg,campus_images_00109_p04.jpg,4.0,0.7526030540466309,737.0,84.0,1080.0,1602.0,0.790625,0.8,success
campus_images_00109.jpg,campus_images_00109_p05.jpg,5.0,0.44025999307632446,633.0,566.0,682.0,741.0,0.09114583333333333,0.6,success
campus_images_00109.jpg,campus_images_00109_p06.jpg,6.0,0.3576921820640564,0.0,469.0,97.0,1413.0,0.49166666666666664,0.6,success
campus_images_00109.jpg,campus_images_00109_p07.jpg,7.0,0.35427892208099365,306.0,523.0,391.0,841.0,0.165625,0.6,success
campus_images_00109.jpg,campus_images_00109_p08.jpg,8.0,0.3436717391014099,635.0,567.0,684.0,740.0,0.09010416666666667,0.6,success
campus_images_00110.jpg,campus_images_00110_p01.jpg,1.0,0.8278165459632874,488.0,535.0,566.0,757.0,0.115625,0.6,success
campus_images_00110.jpg,campus_images_00110_p02.jpg,2.0,0.824183464050293,56.0,442.0,333.0,962.0,0.2708333333333333,0.6,success
campus_images_00110.jpg,campus_images_00110_p03.jpg,3.0,0.8002771139144897,838.0,516.0,938.0,800.0,0.14791666666666667,0.6,success
campus_images_00110.jpg,campus_images_00110_p04.jpg,4.0,0.786768913269043,573.0,543.0,633.0,747.0,0.10625,0.6,success
campus_images_00110.jpg,campus_images_00110_p05.jpg,5.0,0.736168622970581,269.0,520.0,376.0,852.0,0.17291666666666666,0.6,success
campus_images_00110.jpg,campus_images_00110_p06.jpg,6.0,0.44033434987068176,0.0,1241.0,81.0,1419.0,0.09270833333333334,0.6,success
campus_images_00110.jpg,campus_images_00110_p07.jpg,7.0,0.3937200903892517,635.0,564.0,681.0,739.0,0.09114583333333333,0.6,success
campus_images_00111.jpg,campus_images_00111_p01.jpg,1.0,0.8469963073730469,61.0,434.0,218.0,935.0,0.2609375,0.6,success
campus_images_00111.jpg,campus_images_00111_p02.jpg,2.0,0.8176596760749817,835.0,521.0,935.0,798.0,0.14427083333333332,0.6,success
campus_images_00111.jpg,campus_images_00111_p03.jpg,3.0,0.8010708689689636,253.0,519.0,376.0,853.0,0.17395833333333333,0.6,success
campus_images_00111.jpg,campus_images_00111_p04.jpg,4.0,0.7980746626853943,574.0,545.0,636.0,750.0,0.10677083333333333,0.6,success
campus_images_00111.jpg,campus_images_00111_p05.jpg,5.0,0.7562329769134521,491.0,532.0,570.0,755.0,0.11614583333333334,0.6,success
campus_images_00111.jpg,campus_images_00111_p06.jpg,6.0,0.34197402000427246,633.0,561.0,679.0,739.0,0.09270833333333334,0.6,success
campus_images_00112.jpg,campus_images_00112_p01.jpg,1.0,0.8783326148986816,2.0,445.0,194.0,998.0,0.28802083333333334,0.6,success
campus_images_00112.jpg,campus_images_00112_p02.jpg,2.0,0.8223016262054443,487.0,532.0,566.0,757.0,0.1171875,0.6,success
campus_images_00112.jpg,campus_images_00112_p03.jpg,3.0,0.8043830990791321,227.0,505.0,342.0,852.0,0.18072916666666666,0.6,success
campus_images_00112.jpg,campus_images_00112_p04.jpg,4.0,0.7783044576644897,829.0,514.0,939.0,798.0,0.14791666666666667,0.6,success
campus_images_00112.jpg,campus_images_00112_p05.jpg,5.0,0.7268022298812866,569.0,543.0,635.0,750.0,0.1078125,0.6,success
campus_images_00112.jpg,campus_images_00112_p06.jpg,6.0,0.44685015082359314,983.0,528.0,1078.0,822.0,0.153125,0.6,success
campus_images_00113.jpg,campus_images_00113_p01.jpg,1.0,0.8604596257209778,481.0,530.0,564.0,753.0,0.11614583333333334,0.6,success
campus_images_00113.jpg,campus_images_00113_p02.jpg,2.0,0.8289270401000977,217.0,508.0,319.0,854.0,0.18020833333333333,0.6,success
campus_images_00113.jpg,campus_images_00113_p03.jpg,3.0,0.7796674966812134,0.0,467.0,193.0,1043.0,0.3,0.6,success
campus_images_00113.jpg,campus_images_00113_p04.jpg,4.0,0.7488390207290649,565.0,537.0,634.0,746.0,0.10885416666666667,0.6,success
campus_images_00113.jpg,campus_images_00113_p05.jpg,5.0,0.4205245077610016,625.0,565.0,673.0,739.0,0.090625,0.6,success
campus_images_00113.jpg,campus_images_00113_p06.jpg,6.0,0.360396146774292,827.0,505.0,938.0,794.0,0.15052083333333333,0.6,success
campus_images_00113.jpg,campus_images_00113_p07.jpg,7.0,0.35459083318710327,981.0,529.0,1052.0,635.0,0.05520833333333333,0.6,success
campus_images_00114.jpg,campus_images_00114_p01.jpg,1.0,0.8319668769836426,195.0,518.0,315.0,848.0,0.171875,0.6,success
campus_images_00114.jpg,campus_images_00114_p02.jpg,2.0,0.8265895247459412,557.0,528.0,631.0,745.0,0.11302083333333333,0.6,success
campus_images_00114.jpg,campus_images_00114_p03.jpg,3.0,0.7589660882949829,479.0,525.0,556.0,745.0,0.11458333333333333,0.6,success
campus_images_00114.jpg,campus_images_00114_p04.jpg,4.0,0.7584953904151917,823.0,518.0,923.0,787.0,0.14010416666666667,0.6,success
campus_images_00114.jpg,campus_images_00114_p05.jpg,5.0,0.699019730091095,0.0,486.0,86.0,1024.0,0.28020833333333334,0.6,success
campus_images_00114.jpg,campus_images_00114_p06.jpg,6.0,0.43841755390167236,95.0,620.0,197.0,910.0,0.15104166666666666,0.6,success
campus_images_00114.jpg,campus_images_00114_p07.jpg,7.0,0.43035098910331726,621.0,548.0,672.0,726.0,0.09270833333333334,0.6,success
campus_images_00114.jpg,campus_images_00114_p08.jpg,8.0,0.3845774531364441,981.0,521.0,1058.0,625.0,0.05416666666666667,0.6,success
campus_images_00115.jpg,campus_images_00115_p01.jpg,1.0,0.7982304096221924,555.0,525.0,630.0,737.0,0.11041666666666666,0.6,success
campus_images_00115.jpg,campus_images_00115_p02.jpg,2.0,0.7798230051994324,78.0,642.0,180.0,931.0,0.15052083333333333,0.6,success
campus_images_00115.jpg,campus_images_00115_p03.jpg,3.0,0.7714043259620667,483.0,514.0,558.0,748.0,0.121875,0.6,success
campus_images_00115.jpg,campus_images_00115_p04.jpg,4.0,0.7566665410995483,823.0,520.0,922.0,787.0,0.1390625,0.6,success
campus_images_00115.jpg,campus_images_00115_p05.jpg,5.0,0.49499961733818054,0.0,570.0,59.0,1040.0,0.24479166666666666,0.6,success
campus_images_00115.jpg,campus_images_00115_p06.jpg,6.0,0.4913962185382843,990.0,522.0,1070.0,622.0,0.052083333333333336,0.6,success
campus_images_00115.jpg,campus_images_00115_p07.jpg,7.0,0.4911641478538513,181.0,536.0,282.0,858.0,0.16770833333333332,0.6,success
campus_images_00115.jpg,campus_images_00115_p08.jpg,8.0,0.3817369043827057,621.0,543.0,670.0,721.0,0.09270833333333334,0.6,success
campus_images_00115.jpg,campus_images_00115_p09.jpg,9.0,0.30835649371147156,621.0,544.0,672.0,725.0,0.09427083333333333,0.6,success
campus_images_00116.jpg,campus_images_00116_p01.jpg,1.0,0.7681290507316589,481.0,508.0,564.0,737.0,0.11927083333333334,0.6,success
campus_images_00116.jpg,campus_images_00116_p02.jpg,2.0,0.6947783827781677,163.0,538.0,273.0,855.0,0.16510416666666666,0.6,success
campus_images_00116.jpg,campus_images_00116_p03.jpg,3.0,0.6854812502861023,826.0,493.0,937.0,777.0,0.14791666666666667,0.6,success
campus_images_00116.jpg,campus_images_00116_p04.jpg,4.0,0.6491760611534119,556.0,513.0,628.0,726.0,0.1109375,0.6,success
campus_images_00116.jpg,campus_images_00116_p05.jpg,5.0,0.5735174417495728,1001.0,512.0,1077.0,610.0,0.051041666666666666,0.6,success
campus_images_00116.jpg,campus_images_00116_p06.jpg,6.0,0.5629934668540955,69.0,630.0,167.0,910.0,0.14583333333333334,0.6,success
campus_images_00116.jpg,campus_images_00116_p07.jpg,7.0,0.5565412640571594,623.0,539.0,674.0,717.0,0.09270833333333334,0.6,success
campus_images_00116.jpg,campus_images_00116_p08.jpg,8.0,0.5049771666526794,625.0,536.0,672.0,715.0,0.09322916666666667,0.6,success
campus_images_00117.jpg,campus_images_00117_p01.jpg,1.0,0.7418791651725769,40.0,626.0,159.0,918.0,0.15208333333333332,0.6,success
campus_images_00117.jpg,campus_images_00117_p02.jpg,2.0,0.7311378717422485,828.0,489.0,933.0,773.0,0.14791666666666667,0.6,success
campus_images_00117.jpg,campus_images_00117_p03.jpg,3.0,0.7288699150085449,153.0,524.0,258.0,864.0,0.17708333333333334,0.6,success
campus_images_00117.jpg,campus_images_00117_p04.jpg,4.0,0.6798393726348877,37.0,626.0,156.0,919.0,0.15260416666666668,0.6,success
campus_images_00117.jpg,campus_images_00117_p05.jpg,5.0,0.6399343013763428,565.0,512.0,630.0,730.0,0.11354166666666667,0.6,success
campus_images_00117.jpg,campus_images_00117_p06.jpg,6.0,0.6124373078346252,494.0,506.0,571.0,742.0,0.12291666666666666,0.6,success
campus_images_00117.jpg,campus_images_00117_p07.jpg,7.0,0.5195508599281311,1004.0,510.0,1075.0,608.0,0.051041666666666666,0.6,success
campus_images_00117.jpg,campus_images_00117_p08.jpg,8.0,0.36746078729629517,625.0,534.0,671.0,715.0,0.09427083333333333,0.6,success
campus_images_00117.jpg,campus_images_00117_p09.jpg,9.0,0.352278470993042,1006.0,510.0,1077.0,607.0,0.050520833333333334,0.6,success
campus_images_00117.jpg,campus_images_00117_p10.jpg,10.0,0.3068814277648926,623.0,538.0,673.0,714.0,0.09166666666666666,0.6,success
campus_images_00118.jpg,campus_images_00118_p01.jpg,1.0,0.8317193984985352,499.0,498.0,572.0,733.0,0.12239583333333333,0.6,success
campus_images_00118.jpg,campus_images_00118_p02.jpg,2.0,0.8056371212005615,829.0,494.0,933.0,769.0,0.14322916666666666,0.6,success
campus_images_00118.jpg,campus_images_00118_p03.jpg,3.0,0.7807597517967224,567.0,507.0,636.0,729.0,0.115625,0.6,success
campus_images_00118.jpg,campus_images_00118_p04.jpg,4.0,0.7223985195159912,138.0,528.0,249.0,880.0,0.18333333333333332,0.6,success
campus_images_00118.jpg,campus_images_00118_p05.jpg,5.0,0.5405141115188599,1008.0,505.0,1076.0,605.0,0.052083333333333336,0.6,success
campus_images_00118.jpg,campus_images_00118_p06.jpg,6.0,0.4535737931728363,34.0,617.0,154.0,929.0,0.1625,0.6,success
campus_images_00118.jpg,campus_images_00118_p07.jpg,7.0,0.32856741547584534,35.0,619.0,154.0,930.0,0.16197916666666667,0.6,success
campus_images_00119.jpg,campus_images_00119_p01.jpg,1.0,0.8479526042938232,500.0,488.0,576.0,738.0,0.13020833333333334,0.6,success
campus_images_00119.jpg,campus_images_00119_p02.jpg,2.0,0.8069616556167603,574.0,495.0,645.0,723.0,0.11875,0.6,success
campus_images_00119.jpg,campus_images_00119_p03.jpg,3.0,0.6957873702049255,24.0,644.0,137.0,937.0,0.15260416666666668,0.6,success
campus_images_00119.jpg,campus_images_00119_p04.jpg,4.0,0.6791832447052002,119.0,536.0,247.0,875.0,0.1765625,0.6,success
campus_images_00119.jpg,campus_images_00119_p05.jpg,5.0,0.6697011590003967,828.0,473.0,944.0,762.0,0.15052083333333333,0.6,success
campus_images_00119.jpg,campus_images_00119_p06.jpg,6.0,0.4324537515640259,1010.0,498.0,1075.0,594.0,0.05,0.6,success
campus_images_00120.jpg,campus_images_00120_p01.jpg,1.0,0.8271234035491943,493.0,484.0,572.0,732.0,0.12916666666666668,0.6,success
campus_images_00120.jpg,campus_images_00120_p02.jpg,2.0,0.7796217203140259,571.0,486.0,638.0,727.0,0.12552083333333333,0.6,success
campus_images_00120.jpg,campus_images_00120_p03.jpg,3.0,0.7045763731002808,825.0,481.0,925.0,753.0,0.14166666666666666,0.6,success
campus_images_00120.jpg,campus_images_00120_p04.jpg,4.0,0.6690418124198914,98.0,538.0,213.0,879.0,0.17760416666666667,0.6,success
campus_images_00120.jpg,campus_images_00120_p05.jpg,5.0,0.5695043206214905,1005.0,490.0,1070.0,594.0,0.05416666666666667,0.6,success
campus_images_00120.jpg,campus_images_00120_p06.jpg,6.0,0.313267320394516,895.0,481.0,954.0,618.0,0.07135416666666666,0.6,success
campus_images_00120.jpg,campus_images_00120_p07.jpg,7.0,0.3014657497406006,627.0,517.0,672.0,692.0,0.09114583333333333,0.6,success
campus_images_00121.jpg,campus_images_00121_p01.jpg,1.0,0.8207060694694519,490.0,474.0,573.0,730.0,0.13333333333333333,0.6,success
campus_images_00121.jpg,campus_images_00121_p02.jpg,2.0,0.773108959197998,571.0,485.0,636.0,717.0,0.12083333333333333,0.6,success
campus_images_00121.jpg,campus_images_00121_p03.jpg,3.0,0.7042981386184692,84.0,541.0,195.0,884.0,0.17864583333333334,0.6,success
campus_images_00121.jpg,campus_images_00121_p04.jpg,4.0,0.5938411355018616,1004.0,484.0,1066.0,586.0,0.053125,0.6,success
campus_images_00121.jpg,campus_images_00121_p05.jpg,5.0,0.5796286463737488,826.0,463.0,930.0,750.0,0.14947916666666666,0.6,success
campus_images_00121.jpg,campus_images_00121_p06.jpg,6.0,0.5619025230407715,826.0,464.0,928.0,748.0,0.14791666666666667,0.6,success
campus_images_00121.jpg,campus_images_00121_p07.jpg,7.0,0.5183809399604797,628.0,500.0,674.0,691.0,0.09947916666666666,0.6,success
campus_images_00121.jpg,campus_images_00121_p08.jpg,8.0,0.3734798729419708,895.0,475.0,956.0,615.0,0.07291666666666667,0.6,success
campus_images_00122.jpg,campus_images_00122_p01.jpg,1.0,0.866507351398468,481.0,463.0,565.0,723.0,0.13541666666666666,0.6,success
campus_images_00122.jpg,campus_images_00122_p02.jpg,2.0,0.776331901550293,557.0,472.0,637.0,715.0,0.1265625,0.6,success
campus_images_00122.jpg,campus_images_00122_p03.jpg,3.0,0.7465677857398987,822.0,468.0,925.0,743.0,0.14322916666666666,0.6,success
campus_images_00122.jpg,campus_images_00122_p04.jpg,4.0,0.7105761766433716,61.0,555.0,186.0,875.0,0.16666666666666666,0.6,success
campus_images_00122.jpg,campus_images_00122_p05.jpg,5.0,0.5469104647636414,998.0,475.0,1068.0,581.0,0.05520833333333333,0.6,success
campus_images_00122.jpg,campus_images_00122_p06.jpg,6.0,0.36064857244491577,624.0,491.0,669.0,686.0,0.1015625,0.6,success
campus_images_00123.jpg,campus_images_00123_p01.jpg,1.0,0.8212966322898865,482.0,460.0,568.0,726.0,0.13854166666666667,0.6,success
campus_images_00123.jpg,campus_images_00123_p02.jpg,2.0,0.740037739276886,825.0,461.0,926.0,739.0,0.14479166666666668,0.6,success
campus_images_00123.jpg,campus_images_00123_p03.jpg,3.0,0.724757730960846,999.0,471.0,1064.0,578.0,0.05572916666666667,0.6,success
campus_images_00123.jpg,campus_images_00123_p04.jpg,4.0,0.718603253364563,562.0,465.0,637.0,714.0,0.1296875,0.6,success
campus_images_00123.jpg,campus_images_00123_p05.jpg,5.0,0.6297059059143066,51.0,564.0,171.0,885.0,0.1671875,0.6,success
campus_images_00123.jpg,campus_images_00123_p06.jpg,6.0,0.4203603267669678,628.0,493.0,673.0,693.0,0.10416666666666667,0.6,success
campus_images_00123.jpg,campus_images_00123_p07.jpg,7.0,0.4129883050918579,629.0,492.0,672.0,694.0,0.10520833333333333,0.6,success
campus_images_00124.jpg,campus_images_00124_p01.jpg,1.0,0.8197531700134277,494.0,455.0,574.0,726.0,0.14114583333333333,0.6,success
campus_images_00124.jpg,campus_images_00124_p02.jpg,2.0,0.8045907020568848,32.0,559.0,145.0,887.0,0.17083333333333334,0.6,success
campus_images_00124.jpg,campus_images_00124_p03.jpg,3.0,0.7943397760391235,569.0,462.0,651.0,715.0,0.13177083333333334,0.6,success
campus_images_00124.jpg,campus_images_00124_p04.jpg,4.0,0.7834373712539673,1000.0,470.0,1065.0,572.0,0.053125,0.6,success
campus_images_00124.jpg,campus_images_00124_p05.jpg,5.0,0.7720006704330444,827.0,460.0,930.0,738.0,0.14479166666666668,0.6,success
campus_images_00125.jpg,campus_images_00125_p01.jpg,1.0,0.8414655327796936,489.0,449.0,575.0,708.0,0.13489583333333333,0.6,success
campus_images_00125.jpg,campus_images_00125_p02.jpg,2.0,0.809120237827301,21.0,573.0,135.0,899.0,0.16979166666666667,0.6,success
campus_images_00125.jpg,campus_images_00125_p03.jpg,3.0,0.7787193655967712,827.0,455.0,930.0,734.0,0.1453125,0.6,success
campus_images_00125.jpg,campus_images_00125_p04.jpg,4.0,0.7033674716949463,1000.0,467.0,1073.0,570.0,0.05364583333333333,0.6,success
campus_images_00125.jpg,campus_images_00125_p05.jpg,5.0,0.43761399388313293,577.0,455.0,666.0,712.0,0.13385416666666666,0.6,success
campus_images_00126.jpg,campus_images_00126_p01.jpg,1.0,0.8573111891746521,494.0,439.0,583.0,716.0,0.14427083333333332,0.6,success
campus_images_00126.jpg,campus_images_00126_p02.jpg,2.0,0.7511866092681885,827.0,446.0,932.0,730.0,0.14791666666666667,0.6,success
campus_images_00126.jpg,campus_images_00126_p03.jpg,3.0,0.7250987887382507,583.0,450.0,671.0,711.0,0.1359375,0.6,success
campus_images_00126.jpg,campus_images_00126_p04.jpg,4.0,0.546031653881073,6.0,584.0,101.0,905.0,0.1671875,0.6,success
campus_images_00126.jpg,campus_images_00126_p05.jpg,5.0,0.3674420416355133,1000.0,465.0,1074.0,565.0,0.052083333333333336,0.6,success
campus_images_00127.jpg,campus_images_00127_p01.jpg,1.0,0.8419405221939087,579.0,449.0,667.0,715.0,0.13854166666666667,0.6,success
campus_images_00127.jpg,campus_images_00127_p02.jpg,2.0,0.833125650882721,496.0,442.0,577.0,723.0,0.14635416666666667,0.6,success
campus_images_00127.jpg,campus_images_00127_p03.jpg,3.0,0.7734602689743042,827.0,444.0,930.0,731.0,0.14947916666666666,0.6,success
campus_images_00127.jpg,campus_images_00127_p04.jpg,4.0,0.6810990571975708,1.0,587.0,108.0,905.0,0.165625,0.6,success
campus_images_00127.jpg,campus_images_00127_p05.jpg,5.0,0.44766518473625183,1002.0,466.0,1074.0,564.0,0.051041666666666666,0.6,success
campus_images_00128.jpg,campus_images_00128_p01.jpg,1.0,0.8688757419586182,485.0,438.0,572.0,713.0,0.14322916666666666,0.6,success
campus_images_00128.jpg,campus_images_00128_p02.jpg,2.0,0.8355470895767212,571.0,445.0,655.0,715.0,0.140625,0.6,success
campus_images_00128.jpg,campus_images_00128_p03.jpg,3.0,0.7247567176818848,823.0,450.0,924.0,727.0,0.14427083333333332,0.6,success
campus_images_00128.jpg,campus_images_00128_p04.jpg,4.0,0.6245511770248413,1.0,605.0,76.0,897.0,0.15208333333333332,0.6,success
campus_images_00128.jpg,campus_images_00128_p05.jpg,5.0,0.37859517335891724,1001.0,463.0,1074.0,561.0,0.051041666666666666,0.6,success
campus_images_00129.jpg,campus_images_00129_p01.jpg,1.0,0.8855835795402527,468.0,435.0,569.0,714.0,0.1453125,0.6,success
campus_images_00129.jpg,campus_images_00129_p02.jpg,2.0,0.8692523837089539,564.0,441.0,656.0,717.0,0.14375,0.6,success
campus_images_00129.jpg,campus_images_00129_p03.jpg,3.0,0.7628632187843323,823.0,443.0,923.0,727.0,0.14791666666666667,0.6,success
campus_images_00129.jpg,campus_images_00129_p04.jpg,4.0,0.5913990139961243,1000.0,463.0,1075.0,565.0,0.053125,0.6,success
campus_images_00130.jpg,campus_images_00130_p01.jpg,1.0,0.8471439480781555,479.0,429.0,571.0,717.0,0.15,0.6,success
campus_images_00130.jpg,campus_images_00130_p02.jpg,2.0,0.8435619473457336,567.0,438.0,660.0,715.0,0.14427083333333332,0.6,success
campus_images_00130.jpg,campus_images_00130_p03.jpg,3.0,0.6878986954689026,823.0,438.0,922.0,722.0,0.14791666666666667,0.6,success
campus_images_00131.jpg,campus_images_00131_p01.jpg,1.0,0.8555523753166199,490.0,430.0,575.0,713.0,0.14739583333333334,0.6,success
campus_images_00131.jpg,campus_images_00131_p02.jpg,2.0,0.7925209999084473,826.0,442.0,927.0,724.0,0.146875,0.6,success
campus_images_00131.jpg,campus_images_00131_p03.jpg,3.0,0.7761951684951782,571.0,438.0,668.0,713.0,0.14322916666666666,0.6,success
campus_images_00131.jpg,campus_images_00131_p04.jpg,4.0,0.5447829365730286,1004.0,460.0,1075.0,562.0,0.053125,0.6,success
campus_images_00132.jpg,campus_images_00132_p01.jpg,1.0,0.8731997013092041,585.0,432.0,680.0,716.0,0.14791666666666667,0.6,success
campus_images_00132.jpg,campus_images_00132_p02.jpg,2.0,0.858715832233429,486.0,424.0,584.0,714.0,0.15104166666666666,0.6,success
campus_images_00132.jpg,campus_images_00132_p03.jpg,3.0,0.7354166507720947,829.0,436.0,930.0,722.0,0.14895833333333333,0.6,success
campus_images_00132.jpg,campus_images_00132_p04.jpg,4.0,0.5831245183944702,1004.0,459.0,1076.0,561.0,0.053125,0.6,success
campus_images_00133.jpg,campus_images_00133_p01.jpg,1.0,0.8730664849281311,598.0,424.0,684.0,713.0,0.15052083333333333,0.6,success
campus_images_00133.jpg,campus_images_00133_p02.jpg,2.0,0.8582490086555481,487.0,415.0,595.0,717.0,0.15729166666666666,0.6,success
campus_images_00133.jpg,campus_images_00133_p03.jpg,3.0,0.7066998481750488,833.0,431.0,953.0,718.0,0.14947916666666666,0.6,success
campus_images_00133.jpg,campus_images_00133_p04.jpg,4.0,0.6999280452728271,1010.0,456.0,1076.0,556.0,0.052083333333333336,0.6,success
campus_images_00134.jpg,campus_images_00134_p01.jpg,1.0,0.892479658126831,597.0,425.0,684.0,717.0,0.15208333333333332,0.6,success
campus_images_00134.jpg,campus_images_00134_p02.jpg,2.0,0.8561488389968872,480.0,418.0,594.0,722.0,0.15833333333333333,0.6,success
campus_images_00134.jpg,campus_images_00134_p03.jpg,3.0,0.7081213593482971,1012.0,457.0,1076.0,557.0,0.052083333333333336,0.6,success
campus_images_00134.jpg,campus_images_00134_p04.jpg,4.0,0.7051015496253967,834.0,431.0,952.0,719.0,0.15,0.6,success
campus_images_00135.jpg,campus_images_00135_p01.jpg,1.0,0.8988074660301208,592.0,423.0,688.0,718.0,0.15364583333333334,0.6,success
campus_images_00135.jpg,campus_images_00135_p02.jpg,2.0,0.8770688772201538,485.0,413.0,591.0,724.0,0.16197916666666667,0.6,success
campus_images_00135.jpg,campus_images_00135_p03.jpg,3.0,0.7784048318862915,835.0,434.0,935.0,718.0,0.14791666666666667,0.6,success
campus_images_00135.jpg,campus_images_00135_p04.jpg,4.0,0.6543453335762024,1009.0,457.0,1077.0,561.0,0.05416666666666667,0.6,success
campus_images_00136.jpg,campus_images_00136_p01.jpg,1.0,0.8942365646362305,593.0,418.0,697.0,718.0,0.15625,0.6,success
campus_images_00136.jpg,campus_images_00136_p02.jpg,2.0,0.8674458265304565,482.0,407.0,594.0,723.0,0.16458333333333333,0.6,success
campus_images_00136.jpg,campus_images_00136_p03.jpg,3.0,0.7845655679702759,837.0,434.0,937.0,718.0,0.14791666666666667,0.6,success
campus_images_00136.jpg,campus_images_00136_p04.jpg,4.0,0.6339287757873535,1009.0,457.0,1078.0,559.0,0.053125,0.6,success
campus_images_00137.jpg,campus_images_00137_p01.jpg,1.0,0.8831737041473389,599.0,418.0,701.0,723.0,0.15885416666666666,0.6,success
campus_images_00137.jpg,campus_images_00137_p02.jpg,2.0,0.8562365770339966,495.0,407.0,598.0,730.0,0.16822916666666668,0.6,success
campus_images_00137.jpg,campus_images_00137_p03.jpg,3.0,0.7730644941329956,838.0,432.0,939.0,718.0,0.14895833333333333,0.6,success
campus_images_00137.jpg,campus_images_00137_p04.jpg,4.0,0.6089257001876831,1010.0,456.0,1079.0,558.0,0.053125,0.6,success
campus_images_00138.jpg,campus_images_00138_p01.jpg,1.0,0.8648219704627991,601.0,419.0,710.0,724.0,0.15885416666666666,0.6,success
campus_images_00138.jpg,campus_images_00138_p02.jpg,2.0,0.8450916409492493,516.0,408.0,614.0,729.0,0.1671875,0.6,success
campus_images_00138.jpg,campus_images_00138_p03.jpg,3.0,0.6929600238800049,840.0,430.0,952.0,717.0,0.14947916666666666,0.6,success
campus_images_00138.jpg,campus_images_00138_p04.jpg,4.0,0.6437932848930359,1015.0,455.0,1079.0,559.0,0.05416666666666667,0.6,success
campus_images_00139.jpg,campus_images_00139_p01.jpg,1.0,0.8338128924369812,520.0,401.0,622.0,716.0,0.1640625,0.6,success
campus_images_00139.jpg,campus_images_00139_p02.jpg,2.0,0.6736149787902832,841.0,428.0,953.0,718.0,0.15104166666666666,0.6,success
campus_images_00139.jpg,campus_images_00139_p03.jpg,3.0,0.6693194508552551,1016.0,454.0,1079.0,557.0,0.05364583333333333,0.6,success
campus_images_00139.jpg,campus_images_00139_p04.jpg,4.0,0.5892912149429321,592.0,414.0,723.0,731.0,0.16510416666666666,0.6,success
campus_images_00139.jpg,campus_images_00139_p05.jpg,5.0,0.3667934834957123,482.0,480.0,527.0,649.0,0.08802083333333334,0.6,success
campus_images_00140.jpg,campus_images_00140_p01.jpg,1.0,0.8740860223770142,621.0,411.0,720.0,730.0,0.16614583333333333,0.6,success
campus_images_00140.jpg,campus_images_00140_p02.jpg,2.0,0.7594422101974487,532.0,396.0,629.0,733.0,0.17552083333333332,0.6,success
campus_images_00140.jpg,campus_images_00140_p03.jpg,3.0,0.7489373087882996,0.0,566.0,72.0,914.0,0.18125,0.6,success
campus_images_00140.jpg,campus_images_00140_p04.jpg,4.0,0.7241204380989075,842.0,432.0,939.0,716.0,0.14791666666666667,0.6,success
campus_images_00140.jpg,campus_images_00140_p05.jpg,5.0,0.481170654296875,483.0,476.0,529.0,648.0,0.08958333333333333,0.6,success
campus_images_00140.jpg,campus_images_00140_p06.jpg,6.0,0.44403311610221863,1016.0,453.0,1079.0,559.0,0.05520833333333333,0.6,success
campus_images_00140.jpg,campus_images_00140_p07.jpg,7.0,0.3788008391857147,877.0,1341.0,1080.0,1455.0,0.059375,0.6,success
campus_images_00141.jpg,campus_images_00141_p01.jpg,1.0,0.8932183384895325,629.0,411.0,724.0,740.0,0.17135416666666667,0.6,success
campus_images_00141.jpg,campus_images_00141_p02.jpg,2.0,0.8735598921775818,534.0,397.0,634.0,735.0,0.17604166666666668,0.6,success
campus_images_00141.jpg,campus_images_00141_p03.jpg,3.0,0.6922087669372559,0.0,531.0,78.0,918.0,0.2015625,0.6,success
campus_images_00141.jpg,campus_images_00141_p04.jpg,4.0,0.6225967407226562,845.0,429.0,942.0,716.0,0.14947916666666666,0.6,success
campus_images_00142.jpg,campus_images_00142_p01.jpg,1.0,0.8774873614311218,630.0,402.0,731.0,734.0,0.17291666666666666,0.6,success
campus_images_00142.jpg,campus_images_00142_p02.jpg,2.0,0.868857741355896,533.0,390.0,639.0,737.0,0.18072916666666666,0.6,success
campus_images_00142.jpg,campus_images_00142_p03.jpg,3.0,0.6689740419387817,0.0,523.0,87.0,909.0,0.20104166666666667,0.6,success
campus_images_00142.jpg,campus_images_00142_p04.jpg,4.0,0.46053650975227356,862.0,13.0,1080.0,1461.0,0.7541666666666667,0.8,success
campus_images_00142.jpg,campus_images_00142_p05.jpg,5.0,0.358013778924942,838.0,383.0,953.0,714.0,0.17239583333333333,0.6,success
campus_images_00143.jpg,campus_images_00143_p01.jpg,1.0,0.8935182690620422,528.0,384.0,648.0,735.0,0.1828125,0.6,success
campus_images_00143.jpg,campus_images_00143_p02.jpg,2.0,0.8811125159263611,638.0,398.0,744.0,733.0,0.17447916666666666,0.6,success
campus_images_00143.jpg,campus_images_00143_p03.jpg,3.0,0.7802268266677856,1.0,520.0,114.0,911.0,0.20364583333333333,0.6,success
campus_images_00143.jpg,campus_images_00143_p04.jpg,4.0,0.76710444688797,688.0,0.0,1080.0,1577.0,0.8213541666666667,0.8,success
campus_images_00144.jpg,campus_images_00144_p01.jpg,1.0,0.8882783651351929,538.0,383.0,652.0,740.0,0.1859375,0.6,success
campus_images_00144.jpg,campus_images_00144_p02.jpg,2.0,0.8602989315986633,3.0,524.0,138.0,917.0,0.2046875,0.6,success
campus_images_00144.jpg,campus_images_00144_p03.jpg,3.0,0.8427605628967285,458.0,0.0,1080.0,1490.0,0.7760416666666666,0.8,success
campus_images_00144.jpg,campus_images_00144_p04.jpg,4.0,0.8201016187667847,639.0,397.0,741.0,739.0,0.178125,0.6,success
campus_images_00144.jpg,campus_images_00144_p05.jpg,5.0,0.4337489604949951,486.0,463.0,541.0,650.0,0.09739583333333333,0.6,success
campus_images_00145.jpg,campus_images_00145_p01.jpg,1.0,0.9156797528266907,445.0,0.0,1080.0,1499.0,0.7807291666666667,0.8,success
campus_images_00145.jpg,campus_images_00145_p02.jpg,2.0,0.8697420358657837,8.0,503.0,143.0,910.0,0.21197916666666666,0.6,success
campus_images_00145.jpg,campus_images_00145_p03.jpg,3.0,0.7724003791809082,482.0,458.0,543.0,647.0,0.0984375,0.6,success
campus_images_00145.jpg,campus_images_00145_p04.jpg,4.0,0.6327387690544128,544.0,381.0,627.0,685.0,0.15833333333333333,0.6,success
campus_images_00146.jpg,campus_images_00146_p01.jpg,1.0,0.8587362766265869,28.0,476.0,147.0,876.0,0.20833333333333334,0.6,success
campus_images_00146.jpg,campus_images_00146_p02.jpg,2.0,0.6874775290489197,417.0,5.0,868.0,1486.0,0.7713541666666667,0.8,success
campus_images_00146.jpg,campus_images_00146_p03.jpg,3.0,0.3366456627845764,0.0,530.0,65.0,918.0,0.20208333333333334,0.6,success
campus_images_00147.jpg,campus_images_00147_p01.jpg,1.0,0.8161619305610657,260.0,2.0,821.0,1485.0,0.7723958333333333,0.8,success
campus_images_00147.jpg,campus_images_00147_p02.jpg,2.0,0.8103571534156799,49.0,457.0,172.0,860.0,0.20989583333333334,0.6,success
campus_images_00147.jpg,campus_images_00147_p03.jpg,3.0,0.7486253976821899,0.0,511.0,95.0,904.0,0.2046875,0.6,success
campus_images_00147.jpg,campus_images_00147_p04.jpg,4.0,0.7067246437072754,864.0,417.0,957.0,701.0,0.14791666666666667,0.6,success
campus_images_00147.jpg,campus_images_00147_p05.jpg,5.0,0.46219316124916077,1040.0,433.0,1080.0,532.0,0.0515625,0.6,success
campus_images_00148.jpg,campus_images_00148_p01.jpg,1.0,0.9211671948432922,119.0,0.0,714.0,1496.0,0.7791666666666667,0.8,success
campus_images_00148.jpg,campus_images_00148_p02.jpg,2.0,0.8810771703720093,685.0,370.0,795.0,741.0,0.19322916666666667,0.6,success
campus_images_00148.jpg,campus_images_00148_p03.jpg,3.0,0.7544158697128296,867.0,410.0,960.0,697.0,0.14947916666666666,0.6,success
campus_images_00148.jpg,campus_images_00148_p04.jpg,4.0,0.7094484567642212,0.0,493.0,103.0,907.0,0.215625,0.6,success
campus_images_00148.jpg,campus_images_00148_p05.jpg,5.0,0.696416437625885,63.0,455.0,191.0,859.0,0.21041666666666667,0.6,success
campus_images_00148.jpg,campus_images_00148_p06.jpg,6.0,0.3845398724079132,922.0,436.0,1080.0,941.0,0.2630208333333333,0.6,success
campus_images_00149.jpg,campus_images_00149_p01.jpg,1.0,0.8972333669662476,679.0,362.0,800.0,740.0,0.196875,0.6,success
campus_images_00149.jpg,campus_images_00149_p02.jpg,2.0,0.8970168232917786,106.0,0.0,697.0,1476.0,0.76875,0.8,success
campus_images_00149.jpg,campus_images_00149_p03.jpg,3.0,0.8770178556442261,562.0,345.0,683.0,746.0,0.20885416666666667,0.6,success
campus_images_00149.jpg,campus_images_00149_p04.jpg,4.0,0.7503702640533447,82.0,446.0,182.0,857.0,0.2140625,0.6,success
campus_images_00149.jpg,campus_images_00149_p05.jpg,5.0,0.725068986415863,870.0,405.0,959.0,693.0,0.15,0.6,success
campus_images_00149.jpg,campus_images_00149_p06.jpg,6.0,0.7171482443809509,0.0,463.0,106.0,913.0,0.234375,0.6,success
campus_images_00149.jpg,campus_images_00149_p07.jpg,7.0,0.5592613816261292,900.0,219.0,1080.0,935.0,0.3729166666666667,0.6,success
campus_images_00150.jpg,campus_images_00150_p01.jpg,1.0,0.8939835429191589,684.0,348.0,805.0,733.0,0.20052083333333334,0.6,success
campus_images_00150.jpg,campus_images_00150_p02.jpg,2.0,0.87981116771698,890.0,220.0,1079.0,933.0,0.37135416666666665,0.6,success
campus_images_00150.jpg,campus_images_00150_p03.jpg,3.0,0.8653457164764404,34.0,1.0,468.0,1451.0,0.7552083333333334,0.8,success
campus_images_00150.jpg,campus_images_00150_p04.jpg,4.0,0.8259061574935913,549.0,333.0,692.0,737.0,0.21041666666666667,0.6,success
campus_images_00150.jpg,campus_images_00150_p05.jpg,5.0,0.3488833010196686,868.0,395.0,951.0,682.0,0.14947916666666666,0.6,success
campus_images_00151.jpg,campus_images_00151_p01.jpg,1.0,0.9286700487136841,797.0,217.0,1074.0,922.0,0.3671875,0.6,success
campus_images_00151.jpg,campus_images_00151_p02.jpg,2.0,0.9011414647102356,0.0,0.0,347.0,1414.0,0.7364583333333333,0.8,success
campus_images_00151.jpg,campus_images_00151_p03.jpg,3.0,0.8838734030723572,681.0,341.0,816.0,730.0,0.20260416666666667,0.6,success
campus_images_00151.jpg,campus_images_00151_p04.jpg,4.0,0.8247120380401611,557.0,324.0,700.0,734.0,0.21354166666666666,0.6,success
campus_images_00152.jpg,campus_images_00152_p01.jpg,1.0,0.9096524119377136,762.0,233.0,1024.0,914.0,0.3546875,0.6,success
campus_images_00152.jpg,campus_images_00152_p02.jpg,2.0,0.8710525631904602,576.0,322.0,709.0,735.0,0.21510416666666668,0.6,success
campus_images_00152.jpg,campus_images_00152_p03.jpg,3.0,0.7599601149559021,695.0,335.0,821.0,731.0,0.20625,0.6,success
campus_images_00152.jpg,campus_images_00152_p04.jpg,4.0,0.7481546998023987,0.0,6.0,329.0,1344.0,0.696875,0.8,success
campus_images_00152.jpg,campus_images_00152_p05.jpg,5.0,0.43416041135787964,528.0,416.0,582.0,617.0,0.1046875,0.6,success
campus_images_00153.jpg,campus_images_00153_p01.jpg,1.0,0.8959106206893921,586.0,300.0,715.0,735.0,0.2265625,0.6,success
campus_images_00153.jpg,campus_images_00153_p02.jpg,2.0,0.8550145030021667,138.0,376.0,264.0,782.0,0.21145833333333333,0.6,success
campus_images_00153.jpg,campus_images_00153_p03.jpg,3.0,0.8257037997245789,753.0,236.0,976.0,888.0,0.33958333333333335,0.6,success
campus_images_00153.jpg,campus_images_00153_p04.jpg,4.0,0.7655245661735535,530.0,405.0,592.0,615.0,0.109375,0.6,success
campus_images_00153.jpg,campus_images_00153_p05.jpg,5.0,0.6681866645812988,1.0,137.0,172.0,859.0,0.37604166666666666,0.6,success
campus_images_00153.jpg,campus_images_00153_p06.jpg,6.0,0.6253064870834351,720.0,318.0,811.0,720.0,0.209375,0.6,success
campus_images_00153.jpg,campus_images_00153_p07.jpg,7.0,0.577908456325531,0.0,901.0,280.0,1303.0,0.209375,0.6,success
campus_images_00154.jpg,campus_images_00154_p01.jpg,1.0,0.8956001996994019,697.0,236.0,900.0,872.0,0.33125,0.6,success
campus_images_00154.jpg,campus_images_00154_p02.jpg,2.0,0.8627815842628479,43.0,380.0,176.0,833.0,0.2359375,0.6,success
campus_images_00154.jpg,campus_images_00154_p03.jpg,3.0,0.8507590293884277,581.0,289.0,721.0,727.0,0.228125,0.6,success
campus_images_00154.jpg,campus_images_00154_p04.jpg,4.0,0.8485115766525269,147.0,364.0,275.0,783.0,0.21822916666666667,0.6,success
campus_images_00154.jpg,campus_images_00154_p05.jpg,5.0,0.6364535689353943,1005.0,390.0,1080.0,750.0,0.1875,0.6,success
campus_images_00154.jpg,campus_images_00154_p06.jpg,6.0,0.4986855983734131,538.0,400.0,599.0,606.0,0.10729166666666666,0.6,success
campus_images_00155.jpg,campus_images_00155_p01.jpg,1.0,0.9005737900733948,619.0,250.0,863.0,863.0,0.31927083333333334,0.6,success
campus_images_00155.jpg,campus_images_00155_p02.jpg,2.0,0.8543079495429993,153.0,330.0,276.0,769.0,0.22864583333333333,0.6,success
campus_images_00155.jpg,campus_images_00155_p03.jpg,3.0,0.7456015348434448,63.0,369.0,201.0,816.0,0.2328125,0.6,success
campus_images_00155.jpg,campus_images_00155_p04.jpg,4.0,0.7287253141403198,578.0,285.0,706.0,727.0,0.23020833333333332,0.6,success
campus_images_00155.jpg,campus_images_00155_p05.jpg,5.0,0.6831196546554565,878.0,372.0,960.0,657.0,0.1484375,0.6,success
campus_images_00155.jpg,campus_images_00155_p06.jpg,6.0,0.6463677883148193,996.0,382.0,1080.0,926.0,0.2833333333333333,0.6,success
campus_images_00155.jpg,campus_images_00155_p07.jpg,7.0,0.3288142681121826,929.0,360.0,1014.0,521.0,0.08385416666666666,0.6,success
campus_images_00156.jpg,campus_images_00156_p01.jpg,1.0,0.8889817595481873,601.0,244.0,817.0,841.0,0.3109375,0.6,success
campus_images_00156.jpg,campus_images_00156_p02.jpg,2.0,0.871070384979248,808.0,165.0,1080.0,927.0,0.396875,0.6,success
campus_images_00156.jpg,campus_images_00156_p03.jpg,3.0,0.8551732301712036,161.0,311.0,282.0,765.0,0.23645833333333333,0.6,success
campus_images_00156.jpg,campus_images_00156_p04.jpg,4.0,0.7842740416526794,768.0,287.0,887.0,710.0,0.2203125,0.6,success
campus_images_00156.jpg,campus_images_00156_p05.jpg,5.0,0.7733900547027588,57.0,361.0,206.0,807.0,0.23229166666666667,0.6,success
campus_images_00157.jpg,campus_images_00157_p01.jpg,1.0,0.8879357576370239,173.0,299.0,300.0,756.0,0.23802083333333332,0.6,success
campus_images_00157.jpg,campus_images_00157_p02.jpg,2.0,0.8732029795646667,542.0,245.0,779.0,832.0,0.30572916666666666,0.6,success
campus_images_00157.jpg,campus_images_00157_p03.jpg,3.0,0.8237386345863342,753.0,277.0,868.0,730.0,0.2359375,0.6,success
campus_images_00157.jpg,campus_images_00157_p04.jpg,4.0,0.7893946766853333,48.0,356.0,222.0,797.0,0.2296875,0.6,success
campus_images_00157.jpg,campus_images_00157_p05.jpg,5.0,0.6262626647949219,803.0,156.0,995.0,912.0,0.39375,0.6,success
campus_images_00158.jpg,campus_images_00158_p01.jpg,1.0,0.8588278889656067,187.0,295.0,332.0,758.0,0.24114583333333334,0.6,success
campus_images_00158.jpg,campus_images_00158_p02.jpg,2.0,0.8252027034759521,582.0,49.0,1080.0,1151.0,0.5739583333333333,0.8,success
campus_images_00158.jpg,campus_images_00158_p03.jpg,3.0,0.7989578247070312,60.0,355.0,233.0,795.0,0.22916666666666666,0.6,success
campus_images_00158.jpg,campus_images_00158_p04.jpg,4.0,0.7316880822181702,525.0,263.0,742.0,824.0,0.2921875,0.6,success
campus_images_00158.jpg,campus_images_00158_p05.jpg,5.0,0.6640982031822205,604.0,164.0,881.0,909.0,0.3880208333333333,0.6,success
campus_images_00159.jpg,campus_images_00159_p01.jpg,1.0,0.8925947546958923,210.0,299.0,361.0,762.0,0.24114583333333334,0.6,success
campus_images_00159.jpg,campus_images_00159_p02.jpg,2.0,0.8666151165962219,564.0,37.0,993.0,1141.0,0.575,0.8,success
campus_images_00159.jpg,campus_images_00159_p03.jpg,3.0,0.8319902420043945,85.0,330.0,242.0,798.0,0.24375,0.6,success
campus_images_00159.jpg,campus_images_00159_p04.jpg,4.0,0.8157830238342285,983.0,304.0,1079.0,724.0,0.21875,0.6,success
campus_images_00159.jpg,campus_images_00159_p05.jpg,5.0,0.4976027011871338,494.0,260.0,678.0,915.0,0.3411458333333333,0.6,success
campus_images_00160.jpg,campus_images_00160_p01.jpg,1.0,0.9142506122589111,799.0,259.0,987.0,752.0,0.25677083333333334,0.6,success
campus_images_00160.jpg,campus_images_00160_p02.jpg,2.0,0.9138669967651367,444.0,54.0,803.0,1143.0,0.5671875,0.8,success
campus_images_00160.jpg,campus_images_00160_p03.jpg,3.0,0.9120039939880371,230.0,290.0,362.0,759.0,0.24427083333333333,0.6,success
campus_images_00160.jpg,campus_images_00160_p04.jpg,4.0,0.8731706142425537,941.0,304.0,1077.0,717.0,0.21510416666666668,0.6,success
campus_images_00160.jpg,campus_images_00160_p05.jpg,5.0,0.828108012676239,89.0,308.0,253.0,785.0,0.2484375,0.6,success
campus_images_00161.jpg,campus_images_00161_p01.jpg,1.0,0.944258451461792,202.0,95.0,737.0,1137.0,0.5427083333333333,0.6,success
campus_images_00161.jpg,campus_images_00161_p02.jpg,2.0,0.8911784887313843,642.0,237.0,800.0,754.0,0.26927083333333335,0.6,success
campus_images_00161.jpg,campus_images_00161_p03.jpg,3.0,0.8406345248222351,932.0,312.0,1079.0,720.0,0.2125,0.6,success
campus_images_00161.jpg,campus_images_00161_p04.jpg,4.0,0.8303413987159729,818.0,255.0,986.0,754.0,0.2598958333333333,0.6,success
campus_images_00161.jpg,campus_images_00161_p05.jpg,5.0,0.8094006180763245,94.0,308.0,266.0,774.0,0.24270833333333333,0.6,success
campus_images_00161.jpg,campus_images_00161_p06.jpg,6.0,0.5934537053108215,248.0,289.0,369.0,761.0,0.24583333333333332,0.6,success
campus_images_00161.jpg,campus_images_00161_p07.jpg,7.0,0.44365304708480835,530.0,288.0,675.0,788.0,0.2604166666666667,0.6,success
campus_images_00162.jpg,campus_images_00162_p01.jpg,1.0,0.8446730971336365,484.0,287.0,641.0,772.0,0.2526041666666667,0.6,success
campus_images_00162.jpg,campus_images_00162_p02.jpg,2.0,0.8338982462882996,661.0,235.0,827.0,765.0,0.2760416666666667,0.6,success
campus_images_00162.jpg,campus_images_00162_p03.jpg,3.0,0.8034186363220215,841.0,258.0,1041.0,761.0,0.26197916666666665,0.6,success
campus_images_00162.jpg,campus_images_00162_p04.jpg,4.0,0.7877523899078369,118.0,92.0,496.0,1100.0,0.525,0.6,success
campus_images_00162.jpg,campus_images_00162_p05.jpg,5.0,0.5454850196838379,964.0,323.0,1080.0,740.0,0.2171875,0.6,success
campus_images_00163.jpg,campus_images_00163_p01.jpg,1.0,0.9015167355537415,439.0,296.0,629.0,777.0,0.25052083333333336,0.6,success
campus_images_00163.jpg,campus_images_00163_p02.jpg,2.0,0.7841179370880127,685.0,236.0,865.0,778.0,0.28229166666666666,0.6,success
campus_images_00163.jpg,campus_images_00163_p03.jpg,3.0,0.7517310976982117,869.0,246.0,1021.0,780.0,0.278125,0.6,success
campus_images_00163.jpg,campus_images_00163_p04.jpg,4.0,0.6418583989143372,0.0,108.0,356.0,1108.0,0.5208333333333334,0.6,success
campus_images_00163.jpg,campus_images_00163_p05.jpg,5.0,0.6300111413002014,620.0,381.0,684.0,602.0,0.11510416666666666,0.6,success
campus_images_00163.jpg,campus_images_00163_p06.jpg,6.0,0.5568875670433044,241.0,221.0,442.0,872.0,0.3390625,0.6,success
campus_images_00164.jpg,campus_images_00164_p01.jpg,1.0,0.9007012248039246,0.0,271.0,343.0,1098.0,0.43072916666666666,0.6,success
campus_images_00164.jpg,campus_images_00164_p02.jpg,2.0,0.8846392035484314,689.0,4.0,1080.0,1438.0,0.746875,0.8,success
campus_images_00164.jpg,campus_images_00164_p03.jpg,3.0,0.8418669104576111,435.0,312.0,622.0,769.0,0.23802083333333332,0.6,success
campus_images_00164.jpg,campus_images_00164_p04.jpg,4.0,0.7661644816398621,697.0,226.0,858.0,793.0,0.2953125,0.6,success
campus_images_00164.jpg,campus_images_00164_p05.jpg,5.0,0.742579460144043,311.0,296.0,424.0,783.0,0.25364583333333335,0.6,success
campus_images_00164.jpg,campus_images_00164_p06.jpg,6.0,0.628352165222168,156.0,228.0,366.0,876.0,0.3375,0.6,success
campus_images_00165.jpg,campus_images_00165_p01.jpg,1.0,0.8687651753425598,443.0,314.0,622.0,759.0,0.23177083333333334,0.6,success
campus_images_00165.jpg,campus_images_00165_p02.jpg,2.0,0.8676469922065735,306.0,292.0,439.0,782.0,0.2552083333333333,0.6,success
campus_images_00165.jpg,campus_images_00165_p03.jpg,3.0,0.8209883570671082,649.0,5.0,1080.0,1439.0,0.746875,0.8,success
campus_images_00165.jpg,campus_images_00165_p04.jpg,4.0,0.7743391394615173,74.0,259.0,347.0,886.0,0.3265625,0.6,success
campus_images_00165.jpg,campus_images_00165_p05.jpg,5.0,0.3375653326511383,197.0,318.0,322.0,689.0,0.19322916666666667,0.6,success
campus_images_00166.jpg,campus_images_00166_p01.jpg,1.0,0.895331859588623,321.0,296.0,461.0,784.0,0.25416666666666665,0.6,success
campus_images_00166.jpg,campus_images_00166_p02.jpg,2.0,0.8946444988250732,498.0,0.0,1002.0,1437.0,0.7484375,0.8,success
campus_images_00166.jpg,campus_images_00166_p03.jpg,3.0,0.8652384877204895,205.0,313.0,338.0,802.0,0.2546875,0.6,success
campus_images_00166.jpg,campus_images_00166_p04.jpg,4.0,0.859697699546814,46.0,270.0,247.0,875.0,0.3151041666666667,0.6,success
campus_images_00166.jpg,campus_images_00166_p05.jpg,5.0,0.8281851410865784,447.0,318.0,594.0,758.0,0.22916666666666666,0.6,success
campus_images_00167.jpg,campus_images_00167_p01.jpg,1.0,0.9011797904968262,307.0,2.0,892.0,1456.0,0.7572916666666667,0.8,success
campus_images_00167.jpg,campus_images_00167_p02.jpg,2.0,0.8599648475646973,982.0,303.0,1080.0,806.0,0.26197916666666665,0.6,success
campus_images_00167.jpg,campus_images_00167_p03.jpg,3.0,0.8352527022361755,10.0,283.0,186.0,875.0,0.30833333333333335,0.6,success
campus_images_00167.jpg,campus_images_00167_p04.jpg,4.0,0.7873554825782776,210.0,321.0,419.0,812.0,0.2557291666666667,0.6,success
campus_images_00167.jpg,campus_images_00167_p05.jpg,5.0,0.7214303612709045,342.0,351.0,510.0,794.0,0.23072916666666668,0.6,success
campus_images_00168.jpg,campus_images_00168_p01.jpg,1.0,0.8996909856796265,116.0,0.0,853.0,1448.0,0.7541666666666667,0.8,success
campus_images_00168.jpg,campus_images_00168_p02.jpg,2.0,0.8843027353286743,750.0,208.0,985.0,836.0,0.32708333333333334,0.6,success
campus_images_00168.jpg,campus_images_00168_p03.jpg,3.0,0.7707198262214661,1022.0,334.0,1080.0,821.0,0.25364583333333335,0.6,success
campus_images_00168.jpg,campus_images_00168_p04.jpg,4.0,0.5326276421546936,0.0,340.0,160.0,905.0,0.2942708333333333,0.6,success
campus_images_00169.jpg,campus_images_00169_p01.jpg,1.0,0.9188637137413025,7.0,0.0,585.0,1413.0,0.7359375,0.8,success
campus_images_00169.jpg,campus_images_00169_p02.jpg,2.0,0.9185972213745117,782.0,198.0,1020.0,861.0,0.3453125,0.6,success
campus_images_00169.jpg,campus_images_00169_p03.jpg,3.0,0.8721138834953308,657.0,401.0,747.0,631.0,0.11979166666666667,0.6,success
campus_images_00169.jpg,campus_images_00169_p04.jpg,4.0,0.3214792311191559,0.0,390.0,95.0,942.0,0.2875,0.6,success
campus_images_00170.jpg,campus_images_00170_p01.jpg,1.0,0.9291484951972961,0.0,5.0,416.0,1421.0,0.7375,0.8,success
campus_images_00170.jpg,campus_images_00170_p02.jpg,2.0,0.9094206690788269,791.0,200.0,1061.0,875.0,0.3515625,0.6,success
campus_images_00170.jpg,campus_images_00170_p03.jpg,3.0,0.8268485069274902,670.0,398.0,756.0,637.0,0.12447916666666667,0.6,success
campus_images_00170.jpg,campus_images_00170_p04.jpg,4.0,0.7470225691795349,452.0,301.0,603.0,808.0,0.2640625,0.6,success
campus_images_00171.jpg,campus_images_00171_p01.jpg,1.0,0.9251896142959595,0.0,9.0,413.0,1380.0,0.7140625,0.8,success
campus_images_00171.jpg,campus_images_00171_p02.jpg,2.0,0.9017091989517212,824.0,182.0,1062.0,882.0,0.3645833333333333,0.6,success
campus_images_00171.jpg,campus_images_00171_p03.jpg,3.0,0.8894404172897339,316.0,318.0,496.0,835.0,0.26927083333333335,0.6,success
campus_images_00171.jpg,campus_images_00171_p04.jpg,4.0,0.8651376366615295,464.0,300.0,624.0,831.0,0.2765625,0.6,success
campus_images_00171.jpg,campus_images_00171_p05.jpg,5.0,0.7308204174041748,685.0,397.0,761.0,637.0,0.125,0.6,success
campus_images_00171.jpg,campus_images_00171_p06.jpg,6.0,0.592898428440094,738.0,330.0,862.0,724.0,0.20520833333333333,0.6,success
campus_images_00171.jpg,campus_images_00171_p07.jpg,7.0,0.38666224479675293,1050.0,407.0,1080.0,593.0,0.096875,0.6,success
campus_images_00172.jpg,campus_images_00172_p01.jpg,1.0,0.9231972694396973,846.0,163.0,1080.0,886.0,0.3765625,0.6,success
campus_images_00172.jpg,campus_images_00172_p02.jpg,2.0,0.8943224549293518,490.0,292.0,632.0,827.0,0.2786458333333333,0.6,success
campus_images_00172.jpg,campus_images_00172_p03.jpg,3.0,0.8560717105865479,726.0,333.0,872.0,726.0,0.2046875,0.6,success
campus_images_00172.jpg,campus_images_00172_p04.jpg,4.0,0.7552627325057983,350.0,317.0,536.0,852.0,0.2786458333333333,0.6,success
campus_images_00172.jpg,campus_images_00172_p05.jpg,5.0,0.7305379509925842,688.0,397.0,757.0,641.0,0.12708333333333333,0.6,success
campus_images_00172.jpg,campus_images_00172_p06.jpg,6.0,0.3644370138645172,661.0,428.0,699.0,617.0,0.0984375,0.6,success
campus_images_00172.jpg,campus_images_00172_p07.jpg,7.0,0.31587517261505127,0.0,971.0,262.0,1333.0,0.18854166666666666,0.6,success
campus_images_00173.jpg,campus_images_00173_p01.jpg,1.0,0.9187543988227844,876.0,161.0,1080.0,903.0,0.38645833333333335,0.6,success
campus_images_00173.jpg,campus_images_00173_p02.jpg,2.0,0.8733206987380981,700.0,329.0,838.0,721.0,0.20416666666666666,0.6,success
campus_images_00173.jpg,campus_images_00173_p03.jpg,3.0,0.8570849895477295,409.0,293.0,564.0,851.0,0.290625,0.6,success
campus_images_00173.jpg,campus_images_00173_p04.jpg,4.0,0.8481246829032898,0.0,385.0,129.0,895.0,0.265625,0.6,success
campus_images_00173.jpg,campus_images_00173_p05.jpg,5.0,0.7615249752998352,522.0,282.0,660.0,821.0,0.28072916666666664,0.6,success
campus_images_00173.jpg,campus_images_00173_p06.jpg,6.0,0.6730294227600098,310.0,360.0,445.0,723.0,0.1890625,0.6,success
campus_images_00174.jpg,campus_images_00174_p01.jpg,1.0,0.8983449935913086,690.0,335.0,832.0,721.0,0.20104166666666667,0.6,success
campus_images_00174.jpg,campus_images_00174_p02.jpg,2.0,0.8130056858062744,556.0,283.0,692.0,830.0,0.28489583333333335,0.6,success
campus_images_00174.jpg,campus_images_00174_p03.jpg,3.0,0.7864869236946106,298.0,371.0,450.0,726.0,0.18489583333333334,0.6,success
campus_images_00174.jpg,campus_images_00174_p04.jpg,4.0,0.7408831715583801,0.0,586.0,224.0,1673.0,0.5661458333333333,0.8,success
campus_images_00174.jpg,campus_images_00174_p05.jpg,5.0,0.7387617230415344,886.0,246.0,1080.0,910.0,0.3458333333333333,0.6,success
campus_images_00174.jpg,campus_images_00174_p06.jpg,6.0,0.6654974222183228,870.0,384.0,964.0,678.0,0.153125,0.6,success
campus_images_00174.jpg,campus_images_00174_p07.jpg,7.0,0.6460671424865723,1.0,373.0,147.0,806.0,0.22552083333333334,0.6,success
campus_images_00174.jpg,campus_images_00174_p08.jpg,8.0,0.502072811126709,452.0,306.0,606.0,852.0,0.284375,0.6,success
campus_images_00174.jpg,campus_images_00174_p09.jpg,9.0,0.4716864228248596,434.0,290.0,608.0,858.0,0.29583333333333334,0.6,success
campus_images_00174.jpg,campus_images_00174_p10.jpg,10.0,0.30029982328414917,163.0,557.0,207.0,696.0,0.07239583333333334,0.6,success
campus_images_00175.jpg,campus_images_00175_p01.jpg,1.0,0.9156226515769958,0.0,0.0,496.0,1641.0,0.8546875,1.0,success
campus_images_00175.jpg,campus_images_00175_p02.jpg,2.0,0.9031035900115967,453.0,286.0,684.0,870.0,0.30416666666666664,0.6,success
campus_images_00175.jpg,campus_images_00175_p03.jpg,3.0,0.8550116419792175,702.0,344.0,832.0,724.0,0.19791666666666666,0.6,success
campus_images_00175.jpg,campus_images_00175_p04.jpg,4.0,0.7961834073066711,268.0,359.0,396.0,718.0,0.18697916666666667,0.6,success
campus_images_00175.jpg,campus_images_00175_p05.jpg,5.0,0.7726859450340271,871.0,392.0,960.0,675.0,0.14739583333333334,0.6,success
campus_images_00175.jpg,campus_images_00175_p06.jpg,6.0,0.4440465271472931,600.0,286.0,753.0,839.0,0.28802083333333334,0.6,success
campus_images_00176.jpg,campus_images_00176_p01.jpg,1.0,0.9235420227050781,3.0,0.0,479.0,1764.0,0.91875,1.0,success
campus_images_00176.jpg,campus_images_00176_p02.jpg,2.0,0.8375423550605774,487.0,276.0,694.0,877.0,0.31302083333333336,0.6,success
campus_images_00176.jpg,campus_images_00176_p03.jpg,3.0,0.7391814589500427,869.0,394.0,959.0,677.0,0.14739583333333334,0.6,success
campus_images_00176.jpg,campus_images_00176_p04.jpg,4.0,0.5437743067741394,663.0,325.0,825.0,849.0,0.27291666666666664,0.6,success
campus_images_00176.jpg,campus_images_00176_p05.jpg,5.0,0.3206283748149872,1029.0,407.0,1080.0,610.0,0.10572916666666667,0.6,success
campus_images_00176.jpg,campus_images_00176_p06.jpg,6.0,0.3064437508583069,461.0,372.0,552.0,695.0,0.16822916666666668,0.6,success
campus_images_00177.jpg,campus_images_00177_p01.jpg,1.0,0.8796042203903198,156.0,2.0,700.0,1838.0,0.95625,1.0,success
campus_images_00177.jpg,campus_images_00177_p02.jpg,2.0,0.7498437762260437,870.0,392.0,961.0,678.0,0.14895833333333333,0.6,success
campus_images_00177.jpg,campus_images_00177_p03.jpg,3.0,0.5992767810821533,602.0,268.0,750.0,870.0,0.31354166666666666,0.6,success
campus_images_00177.jpg,campus_images_00177_p04.jpg,4.0,0.44704627990722656,680.0,270.0,799.0,765.0,0.2578125,0.6,success
campus_images_00178.jpg,campus_images_00178_p01.jpg,1.0,0.9129905104637146,235.0,0.0,1074.0,1894.0,0.9864583333333333,1.0,success
campus_images_00178.jpg,campus_images_00178_p02.jpg,2.0,0.9095740914344788,75.0,260.0,312.0,852.0,0.30833333333333335,0.6,success
campus_images_00178.jpg,campus_images_00178_p03.jpg,3.0,0.6165095567703247,871.0,400.0,953.0,678.0,0.14479166666666668,0.6,success
campus_images_00178.jpg,campus_images_00178_p04.jpg,4.0,0.5634788274765015,993.0,409.0,1058.0,518.0,0.05677083333333333,0.6,success
campus_images_00178.jpg,campus_images_00178_p05.jpg,5.0,0.31885847449302673,1051.0,414.0,1080.0,520.0,0.05520833333333333,0.6,success
campus_images_00178.jpg,campus_images_00178_p06.jpg,6.0,0.3132561147212982,793.0,270.0,836.0,340.0,0.036458333333333336,0.6,success
campus_images_00179.jpg,campus_images_00179_p01.jpg,1.0,0.9264853596687317,427.0,4.0,1080.0,1920.0,0.9979166666666667,1.0,success
campus_images_00179.jpg,campus_images_00179_p02.jpg,2.0,0.9208384156227112,99.0,257.0,301.0,865.0,0.31666666666666665,0.6,success
campus_images_00179.jpg,campus_images_00179_p03.jpg,3.0,0.8958059549331665,467.0,387.0,608.0,719.0,0.17291666666666666,0.6,success
campus_images_00180.jpg,campus_images_00180_p01.jpg,1.0,0.9225537776947021,140.0,260.0,410.0,878.0,0.321875,0.6,success
campus_images_00180.jpg,campus_images_00180_p02.jpg,2.0,0.8600868582725525,639.0,260.0,855.0,941.0,0.3546875,0.6,success
campus_images_00180.jpg,campus_images_00180_p03.jpg,3.0,0.8514062762260437,464.0,395.0,605.0,708.0,0.16302083333333334,0.6,success
campus_images_00180.jpg,campus_images_00180_p04.jpg,4.0,0.5339421629905701,745.0,0.0,1080.0,1900.0,0.9895833333333334,1.0,success
campus_images_00181.jpg,campus_images_00181_p01.jpg,1.0,0.9064037203788757,189.0,250.0,411.0,884.0,0.3302083333333333,0.6,success
campus_images_00181.jpg,campus_images_00181_p02.jpg,2.0,0.8683134913444519,678.0,250.0,905.0,934.0,0.35625,0.6,success
campus_images_00181.jpg,campus_images_00181_p03.jpg,3.0,0.8400604724884033,753.0,855.0,1080.0,1913.0,0.5510416666666667,0.8,success
campus_images_00181.jpg,campus_images_00181_p04.jpg,4.0,0.8394364714622498,466.0,399.0,603.0,709.0,0.16145833333333334,0.6,success
campus_images_00181.jpg,campus_images_00181_p05.jpg,5.0,0.6335479617118835,121.0,450.0,226.0,785.0,0.17447916666666666,0.6,success
campus_images_00181.jpg,campus_images_00181_p06.jpg,6.0,0.6014539003372192,637.0,367.0,731.0,693.0,0.16979166666666667,0.6,success
campus_images_00181.jpg,campus_images_00181_p07.jpg,7.0,0.4380226731300354,850.0,243.0,1012.0,897.0,0.340625,0.6,success
campus_images_00182.jpg,campus_images_00182_p01.jpg,1.0,0.9237697720527649,250.0,245.0,477.0,897.0,0.33958333333333335,0.6,success
campus_images_00182.jpg,campus_images_00182_p02.jpg,2.0,0.8647468090057373,710.0,262.0,968.0,944.0,0.35520833333333335,0.6,success
campus_images_00182.jpg,campus_images_00182_p03.jpg,3.0,0.8579012155532837,96.0,453.0,219.0,829.0,0.19583333333333333,0.6,success
campus_images_00182.jpg,campus_images_00182_p04.jpg,4.0,0.8268016576766968,468.0,409.0,609.0,710.0,0.15677083333333333,0.6,success
campus_images_00182.jpg,campus_images_00182_p05.jpg,5.0,0.8248833417892456,645.0,378.0,758.0,713.0,0.17447916666666666,0.6,success
campus_images_00183.jpg,campus_images_00183_p01.jpg,1.0,0.9260919094085693,290.0,253.0,546.0,923.0,0.3489583333333333,0.6,success
campus_images_00183.jpg,campus_images_00183_p02.jpg,2.0,0.8993510603904724,749.0,238.0,1051.0,965.0,0.37864583333333335,0.6,success
campus_images_00183.jpg,campus_images_00183_p03.jpg,3.0,0.8345584273338318,649.0,382.0,770.0,708.0,0.16979166666666667,0.6,success
campus_images_00183.jpg,campus_images_00183_p04.jpg,4.0,0.7628142237663269,500.0,410.0,603.0,701.0,0.1515625,0.6,success
campus_images_00183.jpg,campus_images_00183_p05.jpg,5.0,0.7519382238388062,75.0,487.0,186.0,840.0,0.18385416666666668,0.6,success
campus_images_00183.jpg,campus_images_00183_p06.jpg,6.0,0.5418863892555237,626.0,400.0,686.0,680.0,0.14583333333333334,0.6,success
campus_images_00184.jpg,campus_images_00184_p01.jpg,1.0,0.9262233972549438,329.0,240.0,581.0,929.0,0.35885416666666664,0.6,success
campus_images_00184.jpg,campus_images_00184_p02.jpg,2.0,0.8910065293312073,858.0,222.0,1079.0,967.0,0.3880208333333333,0.6,success
campus_images_00184.jpg,campus_images_00184_p03.jpg,3.0,0.8797001838684082,645.0,380.0,771.0,704.0,0.16875,0.6,success
campus_images_00184.jpg,campus_images_00184_p04.jpg,4.0,0.850264310836792,50.0,492.0,169.0,845.0,0.18385416666666668,0.6,success
campus_images_00184.jpg,campus_images_00184_p05.jpg,5.0,0.4956635534763336,626.0,400.0,686.0,686.0,0.14895833333333333,0.6,success
campus_images_00185.jpg,campus_images_00185_p01.jpg,1.0,0.8825162053108215,419.0,219.0,631.0,935.0,0.3729166666666667,0.6,success
campus_images_00185.jpg,campus_images_00185_p02.jpg,2.0,0.8617737293243408,641.0,380.0,769.0,700.0,0.16666666666666666,0.6,success
campus_images_00185.jpg,campus_images_00185_p03.jpg,3.0,0.8506131172180176,873.0,217.0,1080.0,1011.0,0.41354166666666664,0.6,success
campus_images_00185.jpg,campus_images_00185_p04.jpg,4.0,0.8136394619941711,23.0,467.0,165.0,880.0,0.21510416666666668,0.6,success
campus_images_00185.jpg,campus_images_00185_p05.jpg,5.0,0.36242958903312683,629.0,400.0,691.0,688.0,0.15,0.6,success
campus_images_00186.jpg,campus_images_00186_p01.jpg,1.0,0.9400001168251038,447.0,224.0,754.0,936.0,0.37083333333333335,0.6,success
campus_images_00186.jpg,campus_images_00186_p02.jpg,2.0,0.8404958844184875,644.0,385.0,769.0,699.0,0.16354166666666667,0.6,success
campus_images_00186.jpg,campus_images_00186_p03.jpg,3.0,0.8175936937332153,4.0,527.0,139.0,856.0,0.17135416666666667,0.6,success
campus_images_00186.jpg,campus_images_00186_p04.jpg,4.0,0.7337819337844849,884.0,396.0,998.0,693.0,0.1546875,0.6,success
campus_images_00186.jpg,campus_images_00186_p05.jpg,5.0,0.5713485479354858,915.0,362.0,1080.0,971.0,0.3171875,0.6,success
campus_images_00186.jpg,campus_images_00186_p06.jpg,6.0,0.37851956486701965,174.0,578.0,210.0,674.0,0.05,0.6,success
campus_images_00187.jpg,campus_images_00187_p01.jpg,1.0,0.9300849437713623,473.0,210.0,766.0,933.0,0.3765625,0.6,success
campus_images_00187.jpg,campus_images_00187_p02.jpg,2.0,0.7401772737503052,478.0,409.0,553.0,678.0,0.14010416666666667,0.6,success
campus_images_00187.jpg,campus_images_00187_p03.jpg,3.0,0.6553342938423157,0.0,525.0,119.0,891.0,0.190625,0.6,success
campus_images_00187.jpg,campus_images_00187_p04.jpg,4.0,0.623731255531311,883.0,400.0,986.0,693.0,0.15260416666666668,0.6,success
campus_images_00187.jpg,campus_images_00187_p05.jpg,5.0,0.3005753457546234,1002.0,786.0,1080.0,936.0,0.078125,0.6,success
campus_images_00188.jpg,campus_images_00188_p01.jpg,1.0,0.9092756509780884,599.0,202.0,811.0,933.0,0.3807291666666667,0.6,success
campus_images_00188.jpg,campus_images_00188_p02.jpg,2.0,0.8411688208580017,488.0,413.0,579.0,679.0,0.13854166666666667,0.6,success
campus_images_00188.jpg,campus_images_00188_p03.jpg,3.0,0.7531251311302185,0.0,535.0,96.0,898.0,0.1890625,0.6,success
campus_images_00188.jpg,campus_images_00188_p04.jpg,4.0,0.7292246222496033,890.0,402.0,982.0,691.0,0.15052083333333333,0.6,success
campus_images_00189.jpg,campus_images_00189_p01.jpg,1.0,0.8929330706596375,672.0,199.0,975.0,954.0,0.3932291666666667,0.6,success
campus_images_00189.jpg,campus_images_00189_p02.jpg,2.0,0.879069983959198,500.0,410.0,585.0,673.0,0.13697916666666668,0.6,success
campus_images_00189.jpg,campus_images_00189_p03.jpg,3.0,0.6574753522872925,582.0,410.0,652.0,628.0,0.11354166666666667,0.6,success
campus_images_00189.jpg,campus_images_00189_p04.jpg,4.0,0.592724621295929,890.0,398.0,973.0,689.0,0.1515625,0.6,success
campus_images_00189.jpg,campus_images_00189_p05.jpg,5.0,0.47423499822616577,668.0,383.0,736.0,676.0,0.15260416666666668,0.6,success
campus_images_00189.jpg,campus_images_00189_p06.jpg,6.0,0.463949054479599,2.0,622.0,91.0,896.0,0.14270833333333333,0.6,success
campus_images_00190.jpg,campus_images_00190_p01.jpg,1.0,0.9324970245361328,701.0,189.0,1022.0,972.0,0.4078125,0.6,success
campus_images_00190.jpg,campus_images_00190_p02.jpg,2.0,0.891360342502594,679.0,383.0,777.0,681.0,0.15520833333333334,0.6,success
campus_images_00190.jpg,campus_images_00190_p03.jpg,3.0,0.8815658092498779,499.0,411.0,591.0,670.0,0.13489583333333333,0.6,success
campus_images_00190.jpg,campus_images_00190_p04.jpg,4.0,0.813444197177887,590.0,408.0,659.0,623.0,0.11197916666666667,0.6,success
campus_images_00191.jpg,campus_images_00191_p01.jpg,1.0,0.8806671500205994,867.0,170.0,1080.0,971.0,0.4171875,0.6,success
campus_images_00191.jpg,campus_images_00191_p02.jpg,2.0,0.8646402955055237,505.0,415.0,599.0,669.0,0.13229166666666667,0.6,success
campus_images_00191.jpg,campus_images_00191_p03.jpg,3.0,0.8264445662498474,6.0,617.0,119.0,886.0,0.14010416666666667,0.6,success
campus_images_00191.jpg,campus_images_00191_p04.jpg,4.0,0.8259962201118469,595.0,411.0,665.0,625.0,0.11145833333333334,0.6,success
campus_images_00191.jpg,campus_images_00191_p05.jpg,5.0,0.8242480158805847,678.0,380.0,787.0,681.0,0.15677083333333333,0.6,success
campus_images_00192.jpg,campus_images_00192_p01.jpg,1.0,0.8548958897590637,510.0,413.0,605.0,666.0,0.13177083333333334,0.6,success
campus_images_00192.jpg,campus_images_00192_p02.jpg,2.0,0.8488567471504211,673.0,383.0,786.0,681.0,0.15520833333333334,0.6,success
campus_images_00192.jpg,campus_images_00192_p03.jpg,3.0,0.8319599628448486,605.0,405.0,674.0,627.0,0.115625,0.6,success
campus_images_00192.jpg,campus_images_00192_p04.jpg,4.0,0.766377866268158,895.0,189.0,1080.0,972.0,0.4078125,0.6,success
campus_images_00192.jpg,campus_images_00192_p05.jpg,5.0,0.7374469041824341,9.0,592.0,139.0,885.0,0.15260416666666668,0.6,success
campus_images_00192.jpg,campus_images_00192_p06.jpg,6.0,0.7296735048294067,893.0,191.0,1080.0,971.0,0.40625,0.6,success
campus_images_00193.jpg,campus_images_00193_p01.jpg,1.0,0.8811757564544678,512.0,416.0,609.0,672.0,0.13333333333333333,0.6,success
campus_images_00193.jpg,campus_images_00193_p02.jpg,2.0,0.8504577875137329,608.0,404.0,679.0,632.0,0.11875,0.6,success
campus_images_00193.jpg,campus_images_00193_p03.jpg,3.0,0.8447761535644531,682.0,385.0,786.0,683.0,0.15520833333333334,0.6,success
campus_images_00193.jpg,campus_images_00193_p04.jpg,4.0,0.7907412052154541,45.0,589.0,173.0,860.0,0.14114583333333333,0.6,success
campus_images_00193.jpg,campus_images_00193_p05.jpg,5.0,0.7644198536872864,897.0,402.0,992.0,690.0,0.15,0.6,success
campus_images_00193.jpg,campus_images_00193_p06.jpg,6.0,0.5800809860229492,909.0,730.0,1080.0,971.0,0.12552083333333333,0.6,success
campus_images_00193.jpg,campus_images_00193_p07.jpg,7.0,0.5616029500961304,1008.0,395.0,1078.0,605.0,0.109375,0.6,success
campus_images_00194.jpg,campus_images_00194_p01.jpg,1.0,0.878832221031189,520.0,418.0,613.0,669.0,0.13072916666666667,0.6,success
campus_images_00194.jpg,campus_images_00194_p02.jpg,2.0,0.8567747473716736,682.0,384.0,786.0,677.0,0.15260416666666668,0.6,success
campus_images_00194.jpg,campus_images_00194_p03.jpg,3.0,0.8342108130455017,615.0,406.0,682.0,633.0,0.11822916666666666,0.6,success
campus_images_00194.jpg,campus_images_00194_p04.jpg,4.0,0.7183193564414978,898.0,402.0,997.0,691.0,0.15052083333333333,0.6,success
campus_images_00194.jpg,campus_images_00194_p05.jpg,5.0,0.6953614950180054,69.0,559.0,184.0,849.0,0.15104166666666666,0.6,success
campus_images_00195.jpg,campus_images_00195_p01.jpg,1.0,0.8869888186454773,523.0,417.0,614.0,657.0,0.125,0.6,success
campus_images_00195.jpg,campus_images_00195_p02.jpg,2.0,0.8521261811256409,681.0,384.0,782.0,666.0,0.146875,0.6,success
campus_images_00195.jpg,campus_images_00195_p03.jpg,3.0,0.7930784225463867,619.0,405.0,693.0,632.0,0.11822916666666666,0.6,success
campus_images_00195.jpg,campus_images_00195_p04.jpg,4.0,0.7813226580619812,82.0,546.0,206.0,839.0,0.15260416666666668,0.6,success
campus_images_00195.jpg,campus_images_00195_p05.jpg,5.0,0.7377873659133911,901.0,402.0,997.0,689.0,0.14947916666666666,0.6,success
campus_images_00195.jpg,campus_images_00195_p06.jpg,6.0,0.49769356846809387,1025.0,414.0,1079.0,524.0,0.057291666666666664,0.6,success
campus_images_00196.jpg,campus_images_00196_p01.jpg,1.0,0.8539862632751465,527.0,420.0,616.0,655.0,0.12239583333333333,0.6,success
campus_images_00196.jpg,campus_images_00196_p02.jpg,2.0,0.8372187614440918,621.0,395.0,696.0,639.0,0.12708333333333333,0.6,success
campus_images_00196.jpg,campus_images_00196_p03.jpg,3.0,0.8336964845657349,688.0,387.0,793.0,665.0,0.14479166666666668,0.6,success
campus_images_00196.jpg,campus_images_00196_p04.jpg,4.0,0.8250296115875244,103.0,538.0,233.0,813.0,0.14322916666666666,0.6,success
campus_images_00196.jpg,campus_images_00196_p05.jpg,5.0,0.7701123952865601,902.0,400.0,995.0,686.0,0.14895833333333333,0.6,success
campus_images_00197.jpg,campus_images_00197_p01.jpg,1.0,0.8306035399436951,624.0,392.0,700.0,634.0,0.12604166666666666,0.6,success
campus_images_00197.jpg,campus_images_00197_p02.jpg,2.0,0.8285019397735596,527.0,421.0,610.0,640.0,0.1140625,0.6,success
campus_images_00197.jpg,campus_images_00197_p03.jpg,3.0,0.8163025975227356,692.0,390.0,781.0,662.0,0.14166666666666666,0.6,success
campus_images_00197.jpg,campus_images_00197_p04.jpg,4.0,0.8030540943145752,144.0,531.0,259.0,810.0,0.1453125,0.6,success
campus_images_00197.jpg,campus_images_00197_p05.jpg,5.0,0.7986897230148315,908.0,399.0,997.0,681.0,0.146875,0.6,success
campus_images_00198.jpg,campus_images_00198_p01.jpg,1.0,0.8874313235282898,532.0,418.0,613.0,638.0,0.11458333333333333,0.6,success
campus_images_00198.jpg,campus_images_00198_p02.jpg,2.0,0.8511040806770325,691.0,385.0,790.0,655.0,0.140625,0.6,success
campus_images_00198.jpg,campus_images_00198_p03.jpg,3.0,0.8458898067474365,630.0,393.0,700.0,630.0,0.1234375,0.6,success
campus_images_00198.jpg,campus_images_00198_p04.jpg,4.0,0.8310649991035461,158.0,513.0,278.0,797.0,0.14791666666666667,0.6,success
campus_images_00198.jpg,campus_images_00198_p05.jpg,5.0,0.7656763792037964,910.0,398.0,998.0,678.0,0.14583333333333334,0.6,success
campus_images_00199.jpg,campus_images_00199_p01.jpg,1.0,0.8592458963394165,688.0,380.0,787.0,647.0,0.1390625,0.6,success
campus_images_00199.jpg,campus_images_00199_p02.jpg,2.0,0.8156635165214539,203.0,504.0,308.0,769.0,0.13802083333333334,0.6,success
campus_images_00199.jpg,campus_images_00199_p03.jpg,3.0,0.8061847686767578,536.0,421.0,612.0,632.0,0.10989583333333333,0.6,success
campus_images_00199.jpg,campus_images_00199_p04.jpg,4.0,0.7974083423614502,912.0,393.0,1000.0,672.0,0.1453125,0.6,success
campus_images_00199.jpg,campus_images_00199_p05.jpg,5.0,0.500831127166748,634.0,384.0,704.0,624.0,0.125,0.6,success
campus_images_00200.jpg,campus_images_00200_p01.jpg,1.0,0.8579550981521606,690.0,384.0,788.0,647.0,0.13697916666666668,0.6,success
campus_images_00200.jpg,campus_images_00200_p02.jpg,2.0,0.8226203918457031,632.0,381.0,706.0,630.0,0.1296875,0.6,success
campus_images_00200.jpg,campus_images_00200_p03.jpg,3.0,0.8118661642074585,914.0,390.0,1003.0,672.0,0.146875,0.6,success
campus_images_00200.jpg,campus_images_00200_p04.jpg,4.0,0.754332959651947,546.0,411.0,627.0,628.0,0.11302083333333333,0.6,success
campus_images_00200.jpg,campus_images_00200_p05.jpg,5.0,0.7047391533851624,220.0,479.0,323.0,761.0,0.146875,0.6,success
campus_images_00200.jpg,campus_images_00200_p06.jpg,6.0,0.348421573638916,973.0,374.0,1051.0,539.0,0.0859375,0.6,success
campus_images_00201.jpg,campus_images_00201_p01.jpg,1.0,0.8586785793304443,702.0,379.0,788.0,641.0,0.13645833333333332,0.6,success
campus_images_00201.jpg,campus_images_00201_p02.jpg,2.0,0.8520519137382507,632.0,382.0,707.0,636.0,0.13229166666666667,0.6,success
campus_images_00201.jpg,campus_images_00201_p03.jpg,3.0,0.8389269709587097,545.0,411.0,630.0,630.0,0.1140625,0.6,success
campus_images_00201.jpg,campus_images_00201_p04.jpg,4.0,0.8264988660812378,915.0,390.0,1002.0,670.0,0.14583333333333334,0.6,success
campus_images_00201.jpg,campus_images_00201_p05.jpg,5.0,0.7697803378105164,246.0,466.0,357.0,745.0,0.1453125,0.6,success
campus_images_00201.jpg,campus_images_00201_p06.jpg,6.0,0.37348923087120056,974.0,372.0,1049.0,535.0,0.08489583333333334,0.6,success
campus_images_00202.jpg,campus_images_00202_p01.jpg,1.0,0.8794853091239929,707.0,379.0,798.0,642.0,0.13697916666666668,0.6,success
campus_images_00202.jpg,campus_images_00202_p02.jpg,2.0,0.8251012563705444,625.0,376.0,705.0,628.0,0.13125,0.6,success
campus_images_00202.jpg,campus_images_00202_p03.jpg,3.0,0.7929728627204895,549.0,415.0,629.0,620.0,0.10677083333333333,0.6,success
campus_images_00202.jpg,campus_images_00202_p04.jpg,4.0,0.7538147568702698,266.0,449.0,358.0,738.0,0.15052083333333333,0.6,success
campus_images_00202.jpg,campus_images_00202_p05.jpg,5.0,0.7537117004394531,917.0,385.0,1002.0,670.0,0.1484375,0.6,success
campus_images_00202.jpg,campus_images_00202_p06.jpg,6.0,0.30377182364463806,974.0,372.0,1049.0,534.0,0.084375,0.6,success
campus_images_00203.jpg,campus_images_00203_p01.jpg,1.0,0.8650549054145813,622.0,372.0,708.0,636.0,0.1375,0.6,success
campus_images_00203.jpg,campus_images_00203_p02.jpg,2.0,0.854780375957489,717.0,383.0,805.0,648.0,0.13802083333333334,0.6,success
campus_images_00203.jpg,campus_images_00203_p03.jpg,3.0,0.7710409164428711,558.0,412.0,623.0,619.0,0.1078125,0.6,success
campus_images_00203.jpg,campus_images_00203_p04.jpg,4.0,0.7675569653511047,274.0,446.0,361.0,730.0,0.14791666666666667,0.6,success
campus_images_00203.jpg,campus_images_00203_p05.jpg,5.0,0.7574043869972229,916.0,386.0,1004.0,670.0,0.14791666666666667,0.6,success
campus_images_00204.jpg,campus_images_00204_p01.jpg,1.0,0.8432916402816772,623.0,375.0,709.0,635.0,0.13541666666666666,0.6,success
campus_images_00204.jpg,campus_images_00204_p02.jpg,2.0,0.776660680770874,917.0,383.0,1006.0,669.0,0.14895833333333333,0.6,success
campus_images_00204.jpg,campus_images_00204_p03.jpg,3.0,0.7711827754974365,715.0,380.0,806.0,641.0,0.1359375,0.6,success
campus_images_00204.jpg,campus_images_00204_p04.jpg,4.0,0.756796658039093,564.0,418.0,627.0,619.0,0.1046875,0.6,success
campus_images_00204.jpg,campus_images_00204_p05.jpg,5.0,0.4013975262641907,700.0,426.0,749.0,618.0,0.1,0.6,success
campus_images_00204.jpg,campus_images_00204_p06.jpg,6.0,0.314816951751709,301.0,477.0,362.0,707.0,0.11979166666666667,0.6,success
campus_images_00204.jpg,campus_images_00204_p07.jpg,7.0,0.30811816453933716,977.0,372.0,1053.0,536.0,0.08541666666666667,0.6,success
campus_images_00205.jpg,campus_images_00205_p01.jpg,1.0,0.7726482152938843,919.0,387.0,1005.0,670.0,0.14739583333333334,0.6,success
campus_images_00205.jpg,campus_images_00205_p02.jpg,2.0,0.7705538272857666,624.0,372.0,711.0,636.0,0.1375,0.6,success
campus_images_00205.jpg,campus_images_00205_p03.jpg,3.0,0.7105391025543213,744.0,379.0,812.0,636.0,0.13385416666666666,0.6,success
campus_images_00205.jpg,campus_images_00205_p04.jpg,4.0,0.6648200154304504,569.0,418.0,631.0,612.0,0.10104166666666667,0.6,success
campus_images_00206.jpg,campus_images_00206_p01.jpg,1.0,0.8061791658401489,630.0,363.0,741.0,641.0,0.14479166666666668,0.6,success
campus_images_00206.jpg,campus_images_00206_p02.jpg,2.0,0.7090939283370972,920.0,387.0,1008.0,669.0,0.146875,0.6,success
campus_images_00206.jpg,campus_images_00206_p03.jpg,3.0,0.6247059106826782,581.0,405.0,637.0,613.0,0.10833333333333334,0.6,success
campus_images_00206.jpg,campus_images_00206_p04.jpg,4.0,0.3422714173793793,584.0,419.0,637.0,613.0,0.10104166666666667,0.6,success
campus_images_00206.jpg,campus_images_00206_p05.jpg,5.0,0.3419409990310669,975.0,372.0,1052.0,538.0,0.08645833333333333,0.6,success
campus_images_00207.jpg,campus_images_00207_p01.jpg,1.0,0.8405379056930542,630.0,363.0,741.0,650.0,0.14947916666666666,0.6,success
campus_images_00207.jpg,campus_images_00207_p02.jpg,2.0,0.7896621823310852,921.0,382.0,1010.0,669.0,0.14947916666666666,0.6,success
campus_images_00207.jpg,campus_images_00207_p03.jpg,3.0,0.635652482509613,0.0,85.0,233.0,1510.0,0.7421875,0.8,success
campus_images_00207.jpg,campus_images_00207_p04.jpg,4.0,0.6301530003547668,588.0,421.0,642.0,611.0,0.09895833333333333,0.6,success
campus_images_00207.jpg,campus_images_00207_p05.jpg,5.0,0.5041266083717346,476.0,490.0,516.0,638.0,0.07708333333333334,0.6,success
campus_images_00207.jpg,campus_images_00207_p06.jpg,6.0,0.45096462965011597,586.0,423.0,642.0,614.0,0.09947916666666666,0.6,success
campus_images_00207.jpg,campus_images_00207_p07.jpg,7.0,0.3876475691795349,154.0,549.0,200.0,666.0,0.0609375,0.6,success
campus_images_00207.jpg,campus_images_00207_p08.jpg,8.0,0.3468796908855438,1.0,28.0,143.0,389.0,0.18802083333333333,0.6,success
campus_images_00208.jpg,campus_images_00208_p01.jpg,1.0,0.9133644700050354,0.0,26.0,529.0,1897.0,0.9744791666666667,1.0,success
campus_images_00208.jpg,campus_images_00208_p02.jpg,2.0,0.8157545328140259,634.0,366.0,741.0,646.0,0.14583333333333334,0.6,success
campus_images_00208.jpg,campus_images_00208_p03.jpg,3.0,0.7538308501243591,923.0,379.0,1012.0,668.0,0.15052083333333333,0.6,success
campus_images_00208.jpg,campus_images_00208_p04.jpg,4.0,0.7138003706932068,587.0,418.0,642.0,610.0,0.1,0.6,success
campus_images_00208.jpg,campus_images_00208_p05.jpg,5.0,0.7017078995704651,450.0,399.0,519.0,684.0,0.1484375,0.6,success
campus_images_00209.jpg,campus_images_00209_p01.jpg,1.0,0.8470109701156616,922.0,383.0,1015.0,672.0,0.15052083333333333,0.6,success
campus_images_00209.jpg,campus_images_00209_p02.jpg,2.0,0.846443235874176,453.0,398.0,544.0,687.0,0.15052083333333333,0.6,success
campus_images_00209.jpg,campus_images_00209_p03.jpg,3.0,0.8036187291145325,632.0,361.0,741.0,652.0,0.1515625,0.6,success
campus_images_00209.jpg,campus_images_00209_p04.jpg,4.0,0.5964916944503784,589.0,413.0,642.0,614.0,0.1046875,0.6,success
campus_images_00209.jpg,campus_images_00209_p05.jpg,5.0,0.35780951380729675,0.0,4.0,534.0,1901.0,0.9880208333333333,1.0,success
campus_images_00209.jpg,campus_images_00209_p06.jpg,6.0,0.33927229046821594,589.0,418.0,643.0,616.0,0.103125,0.6,success
campus_images_00210.jpg,campus_images_00210_p01.jpg,1.0,0.8447434902191162,923.0,383.0,1016.0,672.0,0.15052083333333333,0.6,success
campus_images_00210.jpg,campus_images_00210_p02.jpg,2.0,0.8332260251045227,0.0,0.0,655.0,1885.0,0.9817708333333334,1.0,success
campus_images_00210.jpg,campus_images_00210_p03.jpg,3.0,0.8173152804374695,636.0,358.0,738.0,662.0,0.15833333333333333,0.6,success
campus_images_00210.jpg,campus_images_00210_p04.jpg,4.0,0.3105616569519043,596.0,416.0,647.0,606.0,0.09895833333333333,0.6,success
campus_images_00210.jpg,campus_images_00210_p05.jpg,5.0,0.3023572862148285,716.0,444.0,754.0,610.0,0.08645833333333333,0.6,success
campus_images_00211.jpg,campus_images_00211_p01.jpg,1.0,0.927261233329773,0.0,3.0,815.0,1920.0,0.9984375,1.0,success
campus_images_00211.jpg,campus_images_00211_p02.jpg,2.0,0.7774099707603455,647.0,360.0,749.0,658.0,0.15520833333333334,0.6,success
campus_images_00211.jpg,campus_images_00211_p03.jpg,3.0,0.5460250377655029,923.0,382.0,1015.0,671.0,0.15052083333333333,0.6,success
campus_images_00211.jpg,campus_images_00211_p04.jpg,4.0,0.4845937192440033,923.0,382.0,1017.0,673.0,0.1515625,0.6,success
campus_images_00212.jpg,campus_images_00212_p01.jpg,1.0,0.9060202836990356,149.0,2.0,979.0,1874.0,0.975,1.0,success
campus_images_00212.jpg,campus_images_00212_p02.jpg,2.0,0.783103883266449,924.0,375.0,1017.0,669.0,0.153125,0.6,success
campus_images_00212.jpg,campus_images_00212_p03.jpg,3.0,0.3075142800807953,542.0,52.0,1015.0,1573.0,0.7921875,0.8,success
campus_images_00213.jpg,campus_images_00213_p01.jpg,1.0,0.9280896782875061,170.0,5.0,1080.0,1874.0,0.9734375,1.0,success
campus_images_00214.jpg,campus_images_00214_p01.jpg,1.0,0.8780282139778137,187.0,0.0,1080.0,1882.0,0.9802083333333333,1.0,success
campus_images_00214.jpg,campus_images_00214_p02.jpg,2.0,0.7208872437477112,519.0,383.0,601.0,655.0,0.14166666666666666,0.6,success
campus_images_00215.jpg,campus_images_00215_p01.jpg,1.0,0.8815237283706665,588.0,0.0,1080.0,1773.0,0.9234375,1.0,success
campus_images_00215.jpg,campus_images_00215_p02.jpg,2.0,0.8636336922645569,668.0,328.0,774.0,651.0,0.16822916666666668,0.6,success
campus_images_00215.jpg,campus_images_00215_p03.jpg,3.0,0.7616849541664124,552.0,371.0,640.0,644.0,0.1421875,0.6,success
campus_images_00216.jpg,campus_images_00216_p01.jpg,1.0,0.9107111692428589,673.0,319.0,790.0,652.0,0.1734375,0.6,success
campus_images_00216.jpg,campus_images_00216_p02.jpg,2.0,0.6082671284675598,2.0,785.0,273.0,1370.0,0.3046875,0.6,success
campus_images_00216.jpg,campus_images_00216_p03.jpg,3.0,0.5022358894348145,565.0,368.0,665.0,640.0,0.14166666666666666,0.6,success
campus_images_00217.jpg,campus_images_00217_p01.jpg,1.0,0.910380482673645,0.0,1.0,281.0,1367.0,0.7114583333333333,0.8,success
campus_images_00217.jpg,campus_images_00217_p02.jpg,2.0,0.8785210251808167,684.0,314.0,797.0,648.0,0.17395833333333333,0.6,success
campus_images_00217.jpg,campus_images_00217_p03.jpg,3.0,0.7744429707527161,925.0,361.0,1020.0,651.0,0.15104166666666666,0.6,success
campus_images_00217.jpg,campus_images_00217_p04.jpg,4.0,0.4657628536224365,881.0,703.0,1080.0,1657.0,0.496875,0.6,success
campus_images_00217.jpg,campus_images_00217_p05.jpg,5.0,0.46172720193862915,584.0,404.0,662.0,634.0,0.11979166666666667,0.6,success
campus_images_00217.jpg,campus_images_00217_p06.jpg,6.0,0.3113197982311249,608.0,379.0,678.0,624.0,0.12760416666666666,0.6,success
campus_images_00217.jpg,campus_images_00217_p07.jpg,7.0,0.3059391677379608,545.0,406.0,607.0,585.0,0.09322916666666667,0.6,success
campus_images_00218.jpg,campus_images_00218_p01.jpg,1.0,0.8107074499130249,695.0,317.0,813.0,650.0,0.1734375,0.6,success
campus_images_00218.jpg,campus_images_00218_p02.jpg,2.0,0.7654011249542236,925.0,360.0,1021.0,651.0,0.1515625,0.6,success
campus_images_00218.jpg,campus_images_00218_p03.jpg,3.0,0.7388689517974854,2.0,2.0,422.0,1384.0,0.7197916666666667,0.8,success
campus_images_00218.jpg,campus_images_00218_p04.jpg,4.0,0.6705728769302368,604.0,367.0,691.0,631.0,0.1375,0.6,success
campus_images_00218.jpg,campus_images_00218_p05.jpg,5.0,0.46166518330574036,549.0,403.0,602.0,584.0,0.09427083333333333,0.6,success
campus_images_00218.jpg,campus_images_00218_p06.jpg,6.0,0.32297539710998535,551.0,408.0,603.0,584.0,0.09166666666666666,0.6,success
campus_images_00219.jpg,campus_images_00219_p01.jpg,1.0,0.857902467250824,706.0,311.0,830.0,652.0,0.17760416666666667,0.6,success
campus_images_00219.jpg,campus_images_00219_p02.jpg,2.0,0.8396698832511902,68.0,2.0,740.0,1352.0,0.703125,0.8,success
campus_images_00219.jpg,campus_images_00219_p03.jpg,3.0,0.803562343120575,0.0,0.0,231.0,1219.0,0.6348958333333333,0.8,success
campus_images_00219.jpg,campus_images_00219_p04.jpg,4.0,0.7974685430526733,930.0,359.0,1025.0,648.0,0.15052083333333333,0.6,success
campus_images_00219.jpg,campus_images_00219_p05.jpg,5.0,0.4930590093135834,551.0,408.0,604.0,487.0,0.04114583333333333,0.6,success
campus_images_00219.jpg,campus_images_00219_p06.jpg,6.0,0.35331204533576965,533.0,471.0,724.0,622.0,0.07864583333333333,0.6,success
campus_images_00220.jpg,campus_images_00220_p01.jpg,1.0,0.9204881191253662,0.0,2.0,324.0,1182.0,0.6145833333333334,0.8,success
campus_images_00220.jpg,campus_images_00220_p02.jpg,2.0,0.9012177586555481,251.0,0.0,765.0,1313.0,0.6838541666666667,0.8,success
campus_images_00220.jpg,campus_images_00220_p03.jpg,3.0,0.8648999929428101,732.0,303.0,846.0,659.0,0.18541666666666667,0.6,success
campus_images_00220.jpg,campus_images_00220_p04.jpg,4.0,0.8034549355506897,929.0,357.0,1026.0,647.0,0.15104166666666666,0.6,success
campus_images_00221.jpg,campus_images_00221_p01.jpg,1.0,0.935258150100708,0.0,0.0,374.0,1231.0,0.6411458333333333,0.8,success
campus_images_00221.jpg,campus_images_00221_p02.jpg,2.0,0.8323569893836975,931.0,355.0,1030.0,645.0,0.15104166666666666,0.6,success
campus_images_00221.jpg,campus_images_00221_p03.jpg,3.0,0.745755136013031,556.0,0.0,930.0,1315.0,0.6848958333333334,0.8,success
campus_images_00222.jpg,campus_images_00222_p01.jpg,1.0,0.9458819627761841,0.0,2.0,399.0,1254.0,0.6520833333333333,0.8,success
campus_images_00222.jpg,campus_images_00222_p02.jpg,2.0,0.8977967500686646,560.0,0.0,1079.0,1305.0,0.6796875,0.8,success
campus_images_00222.jpg,campus_images_00222_p03.jpg,3.0,0.4644949436187744,568.0,399.0,619.0,564.0,0.0859375,0.6,success
campus_images_00223.jpg,campus_images_00223_p01.jpg,1.0,0.952513575553894,24.0,0.0,451.0,1250.0,0.6510416666666666,0.8,success
campus_images_00223.jpg,campus_images_00223_p02.jpg,2.0,0.8038040399551392,695.0,32.0,1080.0,1269.0,0.6442708333333333,0.8,success
campus_images_00223.jpg,campus_images_00223_p03.jpg,3.0,0.6551229357719421,611.0,357.0,701.0,617.0,0.13541666666666666,0.6,success
campus_images_00223.jpg,campus_images_00223_p04.jpg,4.0,0.43064698576927185,575.0,395.0,630.0,568.0,0.09010416666666667,0.6,success
campus_images_00223.jpg,campus_images_00223_p05.jpg,5.0,0.40753450989723206,700.0,361.0,778.0,619.0,0.134375,0.6,success
campus_images_00224.jpg,campus_images_00224_p01.jpg,1.0,0.9104856252670288,78.0,0.0,521.0,1256.0,0.6541666666666667,0.8,success
campus_images_00224.jpg,campus_images_00224_p02.jpg,2.0,0.8023479580879211,759.0,283.0,892.0,668.0,0.20052083333333334,0.6,success
campus_images_00224.jpg,campus_images_00224_p03.jpg,3.0,0.7462628483772278,596.0,353.0,686.0,616.0,0.13697916666666668,0.6,success
campus_images_00224.jpg,campus_images_00224_p04.jpg,4.0,0.7174996137619019,847.0,189.0,1080.0,1209.0,0.53125,0.6,success
campus_images_00224.jpg,campus_images_00224_p05.jpg,5.0,0.40687867999076843,720.0,374.0,796.0,601.0,0.11822916666666666,0.6,success
campus_images_00225.jpg,campus_images_00225_p01.jpg,1.0,0.9276546239852905,165.0,1.0,788.0,1271.0,0.6614583333333334,0.8,success
campus_images_00225.jpg,campus_images_00225_p02.jpg,2.0,0.8054401874542236,776.0,283.0,916.0,676.0,0.2046875,0.6,success
campus_images_00225.jpg,campus_images_00225_p03.jpg,3.0,0.7653595209121704,591.0,348.0,684.0,609.0,0.1359375,0.6,success
campus_images_00225.jpg,campus_images_00225_p04.jpg,4.0,0.5893847346305847,928.0,344.0,1010.0,606.0,0.13645833333333332,0.6,success
campus_images_00225.jpg,campus_images_00225_p05.jpg,5.0,0.5515128970146179,932.0,391.0,1080.0,1191.0,0.4166666666666667,0.6,success
campus_images_00225.jpg,campus_images_00225_p06.jpg,6.0,0.514400064945221,929.0,346.0,1019.0,608.0,0.13645833333333332,0.6,success
campus_images_00226.jpg,campus_images_00226_p01.jpg,1.0,0.9445570111274719,237.0,0.0,851.0,1298.0,0.6760416666666667,0.8,success
campus_images_00226.jpg,campus_images_00226_p02.jpg,2.0,0.8467333912849426,794.0,272.0,941.0,673.0,0.20885416666666667,0.6,success
campus_images_00226.jpg,campus_images_00226_p03.jpg,3.0,0.8065431714057922,927.0,342.0,1028.0,635.0,0.15260416666666668,0.6,success
campus_images_00226.jpg,campus_images_00226_p04.jpg,4.0,0.5153326988220215,755.0,380.0,832.0,611.0,0.1203125,0.6,success
campus_images_00226.jpg,campus_images_00226_p05.jpg,5.0,0.5000097751617432,997.0,995.0,1080.0,1167.0,0.08958333333333333,0.6,success
campus_images_00226.jpg,campus_images_00226_p06.jpg,6.0,0.3788379430770874,725.0,392.0,763.0,570.0,0.09270833333333334,0.6,success
campus_images_00227.jpg,campus_images_00227_p01.jpg,1.0,0.862386167049408,802.0,458.0,961.0,850.0,0.20416666666666666,0.6,success
campus_images_00227.jpg,campus_images_00227_p02.jpg,2.0,0.8265851140022278,279.0,476.0,410.0,894.0,0.21770833333333334,0.6,success
campus_images_00227.jpg,campus_images_00227_p03.jpg,3.0,0.5825026631355286,750.0,495.0,830.0,777.0,0.146875,0.6,success
campus_images_00227.jpg,campus_images_00227_p04.jpg,4.0,0.4719207286834717,39.0,716.0,145.0,861.0,0.07552083333333333,0.6,success
campus_images_00227.jpg,campus_images_00227_p05.jpg,5.0,0.4074944853782654,949.0,526.0,1004.0,619.0,0.0484375,0.6,success
campus_images_00227.jpg,campus_images_00227_p06.jpg,6.0,0.3865063190460205,728.0,500.0,827.0,779.0,0.1453125,0.6,success
campus_images_00227.jpg,campus_images_00227_p07.jpg,7.0,0.3039979040622711,0.0,709.0,44.0,840.0,0.06822916666666666,0.6,success
campus_images_00228.jpg,campus_images_00228_p01.jpg,1.0,0.8547506332397461,771.0,454.0,948.0,846.0,0.20416666666666666,0.6,success
campus_images_00228.jpg,campus_images_00228_p02.jpg,2.0,0.835105836391449,294.0,473.0,421.0,888.0,0.21614583333333334,0.6,success
campus_images_00228.jpg,campus_images_00228_p03.jpg,3.0,0.524025022983551,21.0,727.0,111.0,866.0,0.07239583333333334,0.6,success
campus_images_00228.jpg,campus_images_00228_p04.jpg,4.0,0.5095008015632629,1005.0,534.0,1080.0,849.0,0.1640625,0.6,success
campus_images_00228.jpg,campus_images_00228_p05.jpg,5.0,0.48393017053604126,750.0,500.0,836.0,780.0,0.14583333333333334,0.6,success
campus_images_00228.jpg,campus_images_00228_p06.jpg,6.0,0.47011351585388184,941.0,525.0,1010.0,620.0,0.049479166666666664,0.6,success
campus_images_00228.jpg,campus_images_00228_p07.jpg,7.0,0.4542902112007141,722.0,511.0,816.0,776.0,0.13802083333333334,0.6,success
campus_images_00229.jpg,campus_images_00229_p01.jpg,1.0,0.8273717761039734,300.0,466.0,451.0,887.0,0.21927083333333333,0.6,success
campus_images_00229.jpg,campus_images_00229_p02.jpg,2.0,0.8197019696235657,774.0,453.0,939.0,842.0,0.20260416666666667,0.6,success
campus_images_00229.jpg,campus_images_00229_p03.jpg,3.0,0.8098012208938599,1011.0,497.0,1080.0,849.0,0.18333333333333332,0.6,success
campus_images_00229.jpg,campus_images_00229_p04.jpg,4.0,0.4738888144493103,718.0,513.0,807.0,765.0,0.13125,0.6,success
campus_images_00229.jpg,campus_images_00229_p05.jpg,5.0,0.33944088220596313,946.0,518.0,1019.0,619.0,0.05260416666666667,0.6,success
campus_images_00230.jpg,campus_images_00230_p01.jpg,1.0,0.8742306232452393,772.0,447.0,904.0,836.0,0.20260416666666667,0.6,success
campus_images_00230.jpg,campus_images_00230_p02.jpg,2.0,0.8681240677833557,321.0,469.0,497.0,886.0,0.2171875,0.6,success
campus_images_00230.jpg,campus_images_00230_p03.jpg,3.0,0.8168701529502869,957.0,492.0,1080.0,851.0,0.18697916666666667,0.6,success
campus_images_00230.jpg,campus_images_00230_p04.jpg,4.0,0.5539963841438293,720.0,509.0,797.0,758.0,0.1296875,0.6,success
campus_images_00230.jpg,campus_images_00230_p05.jpg,5.0,0.32328203320503235,41.0,746.0,89.0,857.0,0.0578125,0.6,success
campus_images_00231.jpg,campus_images_00231_p01.jpg,1.0,0.8757573962211609,751.0,439.0,890.0,824.0,0.20052083333333334,0.6,success
campus_images_00231.jpg,campus_images_00231_p02.jpg,2.0,0.873991847038269,343.0,462.0,520.0,889.0,0.22239583333333332,0.6,success
campus_images_00231.jpg,campus_images_00231_p03.jpg,3.0,0.83011394739151,940.0,486.0,1079.0,843.0,0.1859375,0.6,success
campus_images_00231.jpg,campus_images_00231_p04.jpg,4.0,0.6282733678817749,0.0,560.0,76.0,965.0,0.2109375,0.6,success
campus_images_00231.jpg,campus_images_00231_p05.jpg,5.0,0.5750499963760376,261.0,547.0,351.0,800.0,0.13177083333333334,0.6,success
campus_images_00231.jpg,campus_images_00231_p06.jpg,6.0,0.4209032654762268,722.0,500.0,791.0,742.0,0.12604166666666666,0.6,success
campus_images_00232.jpg,campus_images_00232_p01.jpg,1.0,0.8831050992012024,699.0,439.0,874.0,825.0,0.20104166666666667,0.6,success
campus_images_00232.jpg,campus_images_00232_p02.jpg,2.0,0.8785039782524109,917.0,479.0,1063.0,839.0,0.1875,0.6,success
campus_images_00232.jpg,campus_images_00232_p03.jpg,3.0,0.8660151362419128,378.0,456.0,530.0,886.0,0.22395833333333334,0.6,success
campus_images_00232.jpg,campus_images_00232_p04.jpg,4.0,0.766983151435852,0.0,550.0,101.0,965.0,0.21614583333333334,0.6,success
campus_images_00232.jpg,campus_images_00232_p05.jpg,5.0,0.5162932276725769,256.0,530.0,349.0,794.0,0.1375,0.6,success
campus_images_00233.jpg,campus_images_00233_p01.jpg,1.0,0.9054301977157593,693.0,440.0,858.0,823.0,0.19947916666666668,0.6,success
campus_images_00233.jpg,campus_images_00233_p02.jpg,2.0,0.8648151755332947,890.0,478.0,1036.0,837.0,0.18697916666666667,0.6,success
campus_images_00233.jpg,campus_images_00233_p03.jpg,3.0,0.6334580183029175,0.0,382.0,101.0,1185.0,0.41822916666666665,0.6,success
campus_images_00233.jpg,campus_images_00233_p04.jpg,4.0,0.3184920847415924,233.0,575.0,311.0,807.0,0.12083333333333333,0.6,success
campus_images_00233.jpg,campus_images_00233_p05.jpg,5.0,0.3146589696407318,1013.0,496.0,1061.0,591.0,0.049479166666666664,0.6,success
campus_images_00234.jpg,campus_images_00234_p01.jpg,1.0,0.8763065934181213,0.0,371.0,195.0,1191.0,0.4270833333333333,0.6,success
campus_images_00234.jpg,campus_images_00234_p02.jpg,2.0,0.869789719581604,703.0,432.0,839.0,815.0,0.19947916666666668,0.6,success
campus_images_00234.jpg,campus_images_00234_p03.jpg,3.0,0.8588336706161499,841.0,478.0,1016.0,832.0,0.184375,0.6,success
campus_images_00234.jpg,campus_images_00234_p04.jpg,4.0,0.5634921789169312,428.0,449.0,572.0,901.0,0.23541666666666666,0.6,success
campus_images_00234.jpg,campus_images_00234_p05.jpg,5.0,0.3870343565940857,996.0,493.0,1071.0,592.0,0.0515625,0.6,success
campus_images_00235.jpg,campus_images_00235_p01.jpg,1.0,0.8856788277626038,445.0,441.0,581.0,905.0,0.24166666666666667,0.6,success
campus_images_00235.jpg,campus_images_00235_p02.jpg,2.0,0.8624836206436157,698.0,425.0,816.0,815.0,0.203125,0.6,success
campus_images_00235.jpg,campus_images_00235_p03.jpg,3.0,0.8605501651763916,830.0,470.0,984.0,821.0,0.1828125,0.6,success
campus_images_00235.jpg,campus_images_00235_p04.jpg,4.0,0.8453277945518494,0.0,347.0,225.0,1183.0,0.4354166666666667,0.6,success
campus_images_00236.jpg,campus_images_00236_p01.jpg,1.0,0.8762426376342773,816.0,465.0,952.0,822.0,0.1859375,0.6,success
campus_images_00236.jpg,campus_images_00236_p02.jpg,2.0,0.8745260834693909,43.0,341.0,357.0,1184.0,0.4390625,0.6,success
campus_images_00236.jpg,campus_images_00236_p03.jpg,3.0,0.871059000492096,458.0,431.0,613.0,904.0,0.24635416666666668,0.6,success
campus_images_00236.jpg,campus_images_00236_p04.jpg,4.0,0.8534657955169678,977.0,444.0,1080.0,837.0,0.2046875,0.6,success
campus_images_00236.jpg,campus_images_00236_p05.jpg,5.0,0.8514441251754761,667.0,423.0,780.0,814.0,0.20364583333333333,0.6,success
campus_images_00237.jpg,campus_images_00237_p01.jpg,1.0,0.941292941570282,100.0,339.0,455.0,1201.0,0.44895833333333335,0.6,success
campus_images_00237.jpg,campus_images_00237_p02.jpg,2.0,0.8616335988044739,941.0,443.0,1080.0,839.0,0.20625,0.6,success
campus_images_00237.jpg,campus_images_00237_p03.jpg,3.0,0.8607268929481506,486.0,428.0,643.0,900.0,0.24583333333333332,0.6,success
campus_images_00237.jpg,campus_images_00237_p04.jpg,4.0,0.8595168590545654,623.0,415.0,769.0,811.0,0.20625,0.6,success
campus_images_00237.jpg,campus_images_00237_p05.jpg,5.0,0.8038384318351746,771.0,464.0,921.0,825.0,0.18802083333333333,0.6,success
campus_images_00237.jpg,campus_images_00237_p06.jpg,6.0,0.5337511301040649,65.0,441.0,178.0,971.0,0.2760416666666667,0.6,success
campus_images_00237.jpg,campus_images_00237_p07.jpg,7.0,0.4787440001964569,768.0,467.0,922.0,824.0,0.1859375,0.6,success
campus_images_00238.jpg,campus_images_00238_p01.jpg,1.0,0.906046986579895,172.0,321.0,470.0,1204.0,0.45989583333333334,0.6,success
campus_images_00238.jpg,campus_images_00238_p02.jpg,2.0,0.8872498273849487,912.0,434.0,1032.0,833.0,0.2078125,0.6,success
campus_images_00238.jpg,campus_images_00238_p03.jpg,3.0,0.8588002324104309,752.0,466.0,898.0,824.0,0.18645833333333334,0.6,success
campus_images_00238.jpg,campus_images_00238_p04.jpg,4.0,0.8356966972351074,75.0,449.0,256.0,988.0,0.28072916666666664,0.6,success
campus_images_00238.jpg,campus_images_00238_p05.jpg,5.0,0.766460120677948,639.0,421.0,756.0,798.0,0.19635416666666666,0.6,success
campus_images_00238.jpg,campus_images_00238_p06.jpg,6.0,0.7302368879318237,505.0,421.0,720.0,899.0,0.24895833333333334,0.6,success
campus_images_00239.jpg,campus_images_00239_p01.jpg,1.0,0.9150832891464233,240.0,312.0,554.0,1255.0,0.49114583333333334,0.6,success
campus_images_00239.jpg,campus_images_00239_p02.jpg,2.0,0.8969409465789795,818.0,437.0,1009.0,837.0,0.20833333333333334,0.6,success
campus_images_00239.jpg,campus_images_00239_p03.jpg,3.0,0.7884746193885803,735.0,459.0,853.0,817.0,0.18645833333333334,0.6,success
campus_images_00239.jpg,campus_images_00239_p04.jpg,4.0,0.7598006129264832,542.0,419.0,745.0,894.0,0.24739583333333334,0.6,success
campus_images_00239.jpg,campus_images_00239_p05.jpg,5.0,0.3030017018318176,1004.0,477.0,1078.0,571.0,0.04895833333333333,0.6,success
campus_images_00240.jpg,campus_images_00240_p01.jpg,1.0,0.8307324051856995,811.0,436.0,994.0,831.0,0.20572916666666666,0.6,success
campus_images_00240.jpg,campus_images_00240_p02.jpg,2.0,0.7311486005783081,641.0,417.0,764.0,895.0,0.24895833333333334,0.6,success
campus_images_00240.jpg,campus_images_00240_p03.jpg,3.0,0.646721601486206,310.0,309.0,666.0,1299.0,0.515625,0.6,success
campus_images_00240.jpg,campus_images_00240_p04.jpg,4.0,0.5565611720085144,1.0,500.0,152.0,1038.0,0.28020833333333334,0.6,success
campus_images_00240.jpg,campus_images_00240_p05.jpg,5.0,0.48774537444114685,747.0,466.0,844.0,820.0,0.184375,0.6,success
campus_images_00240.jpg,campus_images_00240_p06.jpg,6.0,0.47856855392456055,992.0,472.0,1080.0,813.0,0.17760416666666667,0.6,success
campus_images_00241.jpg,campus_images_00241_p01.jpg,1.0,0.9371726512908936,398.0,285.0,745.0,1298.0,0.5276041666666667,0.6,success
campus_images_00241.jpg,campus_images_00241_p02.jpg,2.0,0.9087516069412231,166.0,424.0,368.0,990.0,0.2947916666666667,0.6,success
campus_images_00241.jpg,campus_images_00241_p03.jpg,3.0,0.857689380645752,801.0,430.0,919.0,826.0,0.20625,0.6,success
campus_images_00241.jpg,campus_images_00241_p04.jpg,4.0,0.802673876285553,0.0,384.0,199.0,1040.0,0.3416666666666667,0.6,success
campus_images_00241.jpg,campus_images_00241_p05.jpg,5.0,0.7676796317100525,999.0,470.0,1080.0,806.0,0.175,0.6,success
campus_images_00241.jpg,campus_images_00241_p06.jpg,6.0,0.41577816009521484,698.0,416.0,828.0,893.0,0.2484375,0.6,success
campus_images_00242.jpg,campus_images_00242_p01.jpg,1.0,0.9237656593322754,191.0,426.0,450.0,998.0,0.29791666666666666,0.6,success
campus_images_00242.jpg,campus_images_00242_p02.jpg,2.0,0.9187596440315247,502.0,266.0,841.0,1292.0,0.534375,0.6,success
campus_images_00242.jpg,campus_images_00242_p03.jpg,3.0,0.7973963618278503,0.0,366.0,155.0,1050.0,0.35625,0.6,success
campus_images_00242.jpg,campus_images_00242_p04.jpg,4.0,0.7770193815231323,964.0,467.0,1075.0,791.0,0.16875,0.6,success
campus_images_00242.jpg,campus_images_00242_p05.jpg,5.0,0.45034143328666687,775.0,418.0,928.0,880.0,0.240625,0.6,success
campus_images_00242.jpg,campus_images_00242_p06.jpg,6.0,0.3172227740287781,801.0,453.0,929.0,877.0,0.22083333333333333,0.6,success
campus_images_00243.jpg,campus_images_00243_p01.jpg,1.0,0.9351745247840881,544.0,260.0,999.0,1355.0,0.5703125,0.8,success
campus_images_00243.jpg,campus_images_00243_p02.jpg,2.0,0.9123699069023132,243.0,414.0,452.0,1007.0,0.30885416666666665,0.6,success
campus_images_00243.jpg,campus_images_00243_p03.jpg,3.0,0.8885030746459961,1.0,356.0,258.0,1043.0,0.3578125,0.6,success
campus_images_00243.jpg,campus_images_00243_p04.jpg,4.0,0.8428744077682495,942.0,461.0,1061.0,787.0,0.16979166666666667,0.6,success
campus_images_00243.jpg,campus_images_00243_p05.jpg,5.0,0.4395607113838196,495.0,408.0,643.0,798.0,0.203125,0.6,success
campus_images_00243.jpg,campus_images_00243_p06.jpg,6.0,0.41404908895492554,637.0,442.0,707.0,520.0,0.040625,0.6,success
campus_images_00243.jpg,campus_images_00243_p07.jpg,7.0,0.3657059669494629,1029.0,459.0,1080.0,561.0,0.053125,0.6,success
campus_images_00243.jpg,campus_images_00243_p08.jpg,8.0,0.34141573309898376,845.0,402.0,957.0,692.0,0.15104166666666666,0.6,success
campus_images_00244.jpg,campus_images_00244_p01.jpg,1.0,0.9433507919311523,613.0,238.0,1072.0,1356.0,0.5822916666666667,0.8,success
campus_images_00244.jpg,campus_images_00244_p02.jpg,2.0,0.899762749671936,285.0,403.0,473.0,1005.0,0.31354166666666666,0.6,success
campus_images_00244.jpg,campus_images_00244_p03.jpg,3.0,0.8623709082603455,4.0,357.0,330.0,1038.0,0.3546875,0.6,success
campus_images_00244.jpg,campus_images_00244_p04.jpg,4.0,0.8336277008056641,505.0,402.0,627.0,793.0,0.20364583333333333,0.6,success
campus_images_00244.jpg,campus_images_00244_p05.jpg,5.0,0.7647022008895874,579.0,440.0,708.0,815.0,0.1953125,0.6,success
campus_images_00244.jpg,campus_images_00244_p06.jpg,6.0,0.4765499234199524,1019.0,456.0,1080.0,554.0,0.051041666666666666,0.6,success
campus_images_00244.jpg,campus_images_00244_p07.jpg,7.0,0.342455118894577,672.0,419.0,788.0,811.0,0.20416666666666666,0.6,success
campus_images_00245.jpg,campus_images_00245_p01.jpg,1.0,0.8623912930488586,314.0,405.0,514.0,1025.0,0.3229166666666667,0.6,success
campus_images_00245.jpg,campus_images_00245_p02.jpg,2.0,0.8501092791557312,83.0,341.0,385.0,1053.0,0.37083333333333335,0.6,success
campus_images_00245.jpg,campus_images_00245_p03.jpg,3.0,0.8434469699859619,833.0,211.0,1080.0,1489.0,0.665625,0.8,success
campus_images_00245.jpg,campus_images_00245_p04.jpg,4.0,0.8140577077865601,0.0,332.0,137.0,1181.0,0.4421875,0.6,success
campus_images_00245.jpg,campus_images_00245_p05.jpg,5.0,0.7528752088546753,504.0,399.0,597.0,794.0,0.20572916666666666,0.6,success
campus_images_00245.jpg,campus_images_00245_p06.jpg,6.0,0.7056053876876831,619.0,424.0,773.0,826.0,0.209375,0.6,success
campus_images_00245.jpg,campus_images_00245_p07.jpg,7.0,0.5635381937026978,558.0,438.0,674.0,808.0,0.19270833333333334,0.6,success
campus_images_00246.jpg,campus_images_00246_p01.jpg,1.0,0.905846118927002,0.0,330.0,207.0,1203.0,0.4546875,0.6,success
campus_images_00246.jpg,campus_images_00246_p02.jpg,2.0,0.8630561232566833,125.0,332.0,421.0,1053.0,0.37552083333333336,0.6,success
campus_images_00246.jpg,campus_images_00246_p03.jpg,3.0,0.8178418278694153,843.0,402.0,1080.0,1352.0,0.4947916666666667,0.6,success
campus_images_00246.jpg,campus_images_00246_p04.jpg,4.0,0.8055336475372314,342.0,396.0,548.0,1057.0,0.34427083333333336,0.6,success
campus_images_00246.jpg,campus_images_00246_p05.jpg,5.0,0.624851405620575,814.0,443.0,957.0,807.0,0.18958333333333333,0.6,success
campus_images_00246.jpg,campus_images_00246_p06.jpg,6.0,0.5680533647537231,606.0,420.0,764.0,818.0,0.20729166666666668,0.6,success
campus_images_00246.jpg,campus_images_00246_p07.jpg,7.0,0.4836615324020386,557.0,434.0,645.0,807.0,0.19427083333333334,0.6,success
campus_images_00247.jpg,campus_images_00247_p01.jpg,1.0,0.8985434174537659,1.0,306.0,234.0,1235.0,0.48385416666666664,0.6,success
campus_images_00247.jpg,campus_images_00247_p02.jpg,2.0,0.8402332663536072,171.0,330.0,423.0,1092.0,0.396875,0.6,success
campus_images_00247.jpg,campus_images_00247_p03.jpg,3.0,0.8401416540145874,818.0,446.0,923.0,783.0,0.17552083333333332,0.6,success
campus_images_00247.jpg,campus_images_00247_p04.jpg,4.0,0.8162232041358948,554.0,408.0,688.0,815.0,0.21197916666666666,0.6,success
campus_images_00247.jpg,campus_images_00247_p05.jpg,5.0,0.7991594672203064,388.0,385.0,594.0,1055.0,0.3489583333333333,0.6,success
campus_images_00247.jpg,campus_images_00247_p06.jpg,6.0,0.7982210516929626,690.0,460.0,764.0,688.0,0.11875,0.6,success
campus_images_00247.jpg,campus_images_00247_p07.jpg,7.0,0.7157526612281799,996.0,415.0,1080.0,837.0,0.21979166666666666,0.6,success
campus_images_00247.jpg,campus_images_00247_p08.jpg,8.0,0.43628931045532227,762.0,451.0,831.0,632.0,0.09427083333333333,0.6,success
campus_images_00248.jpg,campus_images_00248_p01.jpg,1.0,0.8831162452697754,211.0,331.0,479.0,1109.0,0.40520833333333334,0.6,success
campus_images_00248.jpg,campus_images_00248_p02.jpg,2.0,0.881402850151062,3.0,287.0,305.0,1226.0,0.4890625,0.6,success
campus_images_00248.jpg,campus_images_00248_p03.jpg,3.0,0.8667284846305847,427.0,383.0,674.0,1066.0,0.35572916666666665,0.6,success
campus_images_00248.jpg,campus_images_00248_p04.jpg,4.0,0.8210163116455078,919.0,416.0,1076.0,807.0,0.20364583333333333,0.6,success
campus_images_00248.jpg,campus_images_00248_p05.jpg,5.0,0.8095698952674866,780.0,452.0,895.0,780.0,0.17083333333333334,0.6,success
campus_images_00248.jpg,campus_images_00248_p06.jpg,6.0,0.7028820514678955,676.0,456.0,761.0,682.0,0.11770833333333333,0.6,success
campus_images_00249.jpg,campus_images_00249_p01.jpg,1.0,0.9219401478767395,29.0,281.0,419.0,1249.0,0.5041666666666667,0.6,success
campus_images_00249.jpg,campus_images_00249_p02.jpg,2.0,0.8885084390640259,455.0,382.0,704.0,1083.0,0.3651041666666667,0.6,success
campus_images_00249.jpg,campus_images_00249_p03.jpg,3.0,0.8788775205612183,922.0,409.0,1056.0,792.0,0.19947916666666668,0.6,success
campus_images_00249.jpg,campus_images_00249_p04.jpg,4.0,0.87639319896698,721.0,442.0,876.0,779.0,0.17552083333333332,0.6,success
campus_images_00249.jpg,campus_images_00249_p05.jpg,5.0,0.8650352358818054,256.0,310.0,506.0,1101.0,0.4119791666666667,0.6,success
campus_images_00249.jpg,campus_images_00249_p06.jpg,6.0,0.8178709745407104,654.0,454.0,758.0,677.0,0.11614583333333334,0.6,success
campus_images_00249.jpg,campus_images_00249_p07.jpg,7.0,0.6943164467811584,858.0,435.0,915.0,668.0,0.12135416666666667,0.6,success
campus_images_00249.jpg,campus_images_00249_p08.jpg,8.0,0.35932987928390503,425.0,384.0,491.0,472.0,0.04583333333333333,0.6,success
campus_images_00250.jpg,campus_images_00250_p01.jpg,1.0,0.9118769764900208,88.0,285.0,467.0,1298.0,0.5276041666666667,0.6,success
campus_images_00250.jpg,campus_images_00250_p02.jpg,2.0,0.8668110966682434,498.0,367.0,730.0,1079.0,0.37083333333333335,0.6,success
campus_images_00250.jpg,campus_images_00250_p03.jpg,3.0,0.8363065719604492,897.0,402.0,1008.0,794.0,0.20416666666666666,0.6,success
campus_images_00250.jpg,campus_images_00250_p04.jpg,4.0,0.8063209056854248,736.0,438.0,865.0,778.0,0.17708333333333334,0.6,success
campus_images_00250.jpg,campus_images_00250_p05.jpg,5.0,0.8049224615097046,284.0,294.0,542.0,1101.0,0.4203125,0.6,success
campus_images_00250.jpg,campus_images_00250_p06.jpg,6.0,0.6194744110107422,856.0,432.0,919.0,665.0,0.12135416666666667,0.6,success
campus_images_00250.jpg,campus_images_00250_p07.jpg,7.0,0.35026323795318604,488.0,404.0,562.0,473.0,0.0359375,0.6,success
campus_images_00251.jpg,campus_images_00251_p01.jpg,1.0,0.9221858382225037,131.0,243.0,477.0,1296.0,0.5484375,0.6,success
campus_images_00251.jpg,campus_images_00251_p02.jpg,2.0,0.8772967457771301,822.0,402.0,996.0,789.0,0.2015625,0.6,success
campus_images_00251.jpg,campus_images_00251_p03.jpg,3.0,0.8452537655830383,531.0,353.0,792.0,1088.0,0.3828125,0.6,success
campus_images_00251.jpg,campus_images_00251_p04.jpg,4.0,0.8417457938194275,350.0,288.0,606.0,1122.0,0.434375,0.6,success
campus_images_00251.jpg,campus_images_00251_p05.jpg,5.0,0.731843113899231,11.0,526.0,125.0,819.0,0.15260416666666668,0.6,success
campus_images_00251.jpg,campus_images_00251_p06.jpg,6.0,0.3935909867286682,724.0,434.0,803.0,651.0,0.11302083333333333,0.6,success
campus_images_00251.jpg,campus_images_00251_p07.jpg,7.0,0.3108394145965576,719.0,435.0,804.0,777.0,0.178125,0.6,success
campus_images_00252.jpg,campus_images_00252_p01.jpg,1.0,0.8741987347602844,177.0,228.0,500.0,1367.0,0.5932291666666667,0.8,success
campus_images_00252.jpg,campus_images_00252_p02.jpg,2.0,0.8604970574378967,828.0,401.0,971.0,784.0,0.19947916666666668,0.6,success
campus_images_00252.jpg,campus_images_00252_p03.jpg,3.0,0.809410035610199,410.0,274.0,625.0,1178.0,0.4708333333333333,0.6,success
campus_images_00252.jpg,campus_images_00252_p04.jpg,4.0,0.7287847399711609,28.0,523.0,140.0,813.0,0.15104166666666666,0.6,success
campus_images_00252.jpg,campus_images_00252_p05.jpg,5.0,0.5124700665473938,1009.0,410.0,1076.0,597.0,0.09739583333333333,0.6,success
campus_images_00252.jpg,campus_images_00252_p06.jpg,6.0,0.34143131971359253,780.0,430.0,851.0,778.0,0.18125,0.6,success
campus_images_00253.jpg,campus_images_00253_p01.jpg,1.0,0.8970019817352295,224.0,229.0,582.0,1453.0,0.6375,0.8,success
campus_images_00253.jpg,campus_images_00253_p02.jpg,2.0,0.8901211619377136,588.0,355.0,866.0,1155.0,0.4166666666666667,0.6,success
campus_images_00253.jpg,campus_images_00253_p03.jpg,3.0,0.8164949417114258,452.0,264.0,669.0,1160.0,0.4666666666666667,0.6,success
campus_images_00253.jpg,campus_images_00253_p04.jpg,4.0,0.7903698682785034,25.0,506.0,151.0,817.0,0.16197916666666667,0.6,success
campus_images_00253.jpg,campus_images_00253_p05.jpg,5.0,0.7272071242332458,822.0,403.0,927.0,771.0,0.19166666666666668,0.6,success
campus_images_00253.jpg,campus_images_00253_p06.jpg,6.0,0.5301395654678345,0.0,1054.0,120.0,1284.0,0.11979166666666667,0.6,success
campus_images_00254.jpg,campus_images_00254_p01.jpg,1.0,0.8975390195846558,633.0,330.0,927.0,1145.0,0.4244791666666667,0.6,success
campus_images_00254.jpg,campus_images_00254_p02.jpg,2.0,0.8726925849914551,276.0,205.0,638.0,1482.0,0.6651041666666667,0.8,success
campus_images_00254.jpg,campus_images_00254_p03.jpg,3.0,0.7064774632453918,0.0,632.0,173.0,1315.0,0.35572916666666665,0.6,success
campus_images_00254.jpg,campus_images_00254_p04.jpg,4.0,0.40738603472709656,47.0,490.0,158.0,802.0,0.1625,0.6,success
campus_images_00254.jpg,campus_images_00254_p05.jpg,5.0,0.31390008330345154,53.0,493.0,160.0,692.0,0.10364583333333334,0.6,success
campus_images_00255.jpg,campus_images_00255_p01.jpg,1.0,0.9050198197364807,691.0,320.0,998.0,1158.0,0.43645833333333334,0.6,success
campus_images_00255.jpg,campus_images_00255_p02.jpg,2.0,0.8837522268295288,328.0,171.0,745.0,1473.0,0.678125,0.8,success
campus_images_00255.jpg,campus_images_00255_p03.jpg,3.0,0.7960636019706726,0.0,453.0,170.0,1309.0,0.44583333333333336,0.6,success
campus_images_00255.jpg,campus_images_00255_p04.jpg,4.0,0.6060996055603027,64.0,485.0,168.0,690.0,0.10677083333333333,0.6,success
campus_images_00255.jpg,campus_images_00255_p05.jpg,5.0,0.502946138381958,368.0,364.0,426.0,447.0,0.043229166666666666,0.6,success
campus_images_00256.jpg,campus_images_00256_p01.jpg,1.0,0.9197437763214111,734.0,316.0,1074.0,1198.0,0.459375,0.6,success
campus_images_00256.jpg,campus_images_00256_p02.jpg,2.0,0.9165039658546448,406.0,165.0,900.0,1554.0,0.7234375,0.8,success
campus_images_00256.jpg,campus_images_00256_p03.jpg,3.0,0.8654756546020508,0.0,274.0,187.0,1341.0,0.5557291666666667,0.8,success
campus_images_00256.jpg,campus_images_00256_p04.jpg,4.0,0.7993882298469543,295.0,383.0,426.0,790.0,0.21197916666666666,0.6,success
campus_images_00257.jpg,campus_images_00257_p01.jpg,1.0,0.9219518899917603,811.0,293.0,1080.0,1220.0,0.4828125,0.6,success
campus_images_00257.jpg,campus_images_00257_p02.jpg,2.0,0.921364963054657,467.0,140.0,943.0,1592.0,0.75625,0.8,success
campus_images_00257.jpg,campus_images_00257_p03.jpg,3.0,0.9181612730026245,0.0,270.0,329.0,1379.0,0.5776041666666667,0.8,success
campus_images_00257.jpg,campus_images_00257_p04.jpg,4.0,0.8348152041435242,274.0,356.0,451.0,788.0,0.225,0.6,success
campus_images_00257.jpg,campus_images_00257_p05.jpg,5.0,0.583219587802887,808.0,402.0,891.0,590.0,0.09791666666666667,0.6,success
campus_images_00258.jpg,campus_images_00258_p01.jpg,1.0,0.9296004772186279,0.0,266.0,390.0,1413.0,0.5973958333333333,0.8,success
campus_images_00258.jpg,campus_images_00258_p02.jpg,2.0,0.9046720862388611,558.0,97.0,955.0,1602.0,0.7838541666666666,0.8,success
campus_images_00258.jpg,campus_images_00258_p03.jpg,3.0,0.8491398692131042,283.0,359.0,445.0,787.0,0.22291666666666668,0.6,success
campus_images_00258.jpg,campus_images_00258_p04.jpg,4.0,0.7915099859237671,877.0,275.0,1080.0,1260.0,0.5130208333333334,0.6,success
campus_images_00258.jpg,campus_images_00258_p05.jpg,5.0,0.7261372804641724,502.0,426.0,597.0,771.0,0.1796875,0.6,success
campus_images_00259.jpg,campus_images_00259_p01.jpg,1.0,0.9256337881088257,19.0,241.0,395.0,1417.0,0.6125,0.8,success
campus_images_00259.jpg,campus_images_00259_p02.jpg,2.0,0.9107275009155273,601.0,82.0,1072.0,1853.0,0.9223958333333333,1.0,success
campus_images_00259.jpg,campus_images_00259_p03.jpg,3.0,0.8558394312858582,301.0,357.0,442.0,773.0,0.21666666666666667,0.6,success
campus_images_00259.jpg,campus_images_00259_p04.jpg,4.0,0.83663409948349,456.0,425.0,601.0,773.0,0.18125,0.6,success
campus_images_00260.jpg,campus_images_00260_p01.jpg,1.0,0.9355208873748779,613.0,47.0,1080.0,1869.0,0.9489583333333333,1.0,success
campus_images_00260.jpg,campus_images_00260_p02.jpg,2.0,0.9126390218734741,56.0,227.0,429.0,1412.0,0.6171875,0.8,success
campus_images_00260.jpg,campus_images_00260_p03.jpg,3.0,0.8491576910018921,458.0,417.0,586.0,768.0,0.1828125,0.6,success
campus_images_00260.jpg,campus_images_00260_p04.jpg,4.0,0.6354731917381287,311.0,354.0,429.0,664.0,0.16145833333333334,0.6,success
campus_images_00260.jpg,campus_images_00260_p05.jpg,5.0,0.5218309760093689,539.0,423.0,623.0,693.0,0.140625,0.6,success
campus_images_00261.jpg,campus_images_00261_p01.jpg,1.0,0.9504546523094177,600.0,2.0,1080.0,1884.0,0.9802083333333333,1.0,success
campus_images_00261.jpg,campus_images_00261_p02.jpg,2.0,0.9318708181381226,123.0,225.0,618.0,1418.0,0.6213541666666667,0.8,success
campus_images_00261.jpg,campus_images_00261_p03.jpg,3.0,0.6485496163368225,510.0,420.0,599.0,698.0,0.14479166666666668,0.6,success
campus_images_00261.jpg,campus_images_00261_p04.jpg,4.0,0.6349565386772156,444.0,417.0,537.0,763.0,0.18020833333333333,0.6,success
campus_images_00261.jpg,campus_images_00261_p05.jpg,5.0,0.4328137934207916,76.0,388.0,182.0,737.0,0.18177083333333333,0.6,success
campus_images_00261.jpg,campus_images_00261_p06.jpg,6.0,0.3950851857662201,583.0,370.0,693.0,642.0,0.14166666666666666,0.6,success
campus_images_00261.jpg,campus_images_00261_p07.jpg,7.0,0.3186115324497223,78.0,388.0,195.0,844.0,0.2375,0.6,success
campus_images_00262.jpg,campus_images_00262_p01.jpg,1.0,0.9409250020980835,612.0,10.0,1080.0,1897.0,0.9828125,1.0,success
campus_images_00262.jpg,campus_images_00262_p02.jpg,2.0,0.9311222434043884,204.0,229.0,669.0,1455.0,0.6385416666666667,0.8,success
campus_images_00262.jpg,campus_images_00262_p03.jpg,3.0,0.7498819231987,554.0,372.0,690.0,769.0,0.20677083333333332,0.6,success
campus_images_00262.jpg,campus_images_00262_p04.jpg,4.0,0.6250550746917725,85.0,377.0,218.0,778.0,0.20885416666666667,0.6,success
campus_images_00263.jpg,campus_images_00263_p01.jpg,1.0,0.9220840334892273,259.0,202.0,687.0,1455.0,0.6526041666666667,0.8,success
campus_images_00263.jpg,campus_images_00263_p02.jpg,2.0,0.8375958800315857,716.0,45.0,1080.0,1917.0,0.975,1.0,success
campus_images_00263.jpg,campus_images_00263_p03.jpg,3.0,0.7902523875236511,111.0,380.0,243.0,808.0,0.22291666666666668,0.6,success
campus_images_00263.jpg,campus_images_00263_p04.jpg,4.0,0.48219624161720276,210.0,401.0,298.0,739.0,0.17604166666666668,0.6,success
campus_images_00263.jpg,campus_images_00263_p05.jpg,5.0,0.4714643061161041,811.0,395.0,870.0,490.0,0.049479166666666664,0.6,success
campus_images_00263.jpg,campus_images_00263_p06.jpg,6.0,0.419869065284729,737.0,403.0,815.0,626.0,0.11614583333333334,0.6,success
campus_images_00263.jpg,campus_images_00263_p07.jpg,7.0,0.38503125309944153,715.0,40.0,1080.0,1904.0,0.9708333333333333,1.0,success
campus_images_00264.jpg,campus_images_00264_p01.jpg,1.0,0.8483065366744995,359.0,188.0,726.0,1467.0,0.6661458333333333,0.8,success
campus_images_00264.jpg,campus_images_00264_p02.jpg,2.0,0.843127429485321,143.0,379.0,296.0,803.0,0.22083333333333333,0.6,success
campus_images_00264.jpg,campus_images_00264_p03.jpg,3.0,0.827545702457428,803.0,395.0,902.0,655.0,0.13541666666666666,0.6,success
campus_images_00264.jpg,campus_images_00264_p04.jpg,4.0,0.8143388032913208,735.0,398.0,812.0,645.0,0.12864583333333332,0.6,success
campus_images_00264.jpg,campus_images_00264_p05.jpg,5.0,0.6924163699150085,765.0,346.0,1080.0,1912.0,0.815625,0.8,success
campus_images_00264.jpg,campus_images_00264_p06.jpg,6.0,0.4541434049606323,296.0,346.0,414.0,741.0,0.20572916666666666,0.6,success
campus_images_00265.jpg,campus_images_00265_p01.jpg,1.0,0.8698076009750366,444.0,182.0,836.0,1571.0,0.7234375,0.8,success
campus_images_00265.jpg,campus_images_00265_p02.jpg,2.0,0.8393489718437195,160.0,368.0,301.0,806.0,0.228125,0.6,success
campus_images_00265.jpg,campus_images_00265_p03.jpg,3.0,0.8140007257461548,806.0,389.0,899.0,653.0,0.1375,0.6,success
campus_images_00265.jpg,campus_images_00265_p04.jpg,4.0,0.7448332905769348,292.0,361.0,441.0,771.0,0.21354166666666666,0.6,success
campus_images_00265.jpg,campus_images_00265_p05.jpg,5.0,0.6693732738494873,738.0,394.0,816.0,626.0,0.12083333333333333,0.6,success
campus_images_00266.jpg,campus_images_00266_p01.jpg,1.0,0.9129751324653625,494.0,177.0,983.0,1591.0,0.7364583333333333,0.8,success
campus_images_00266.jpg,campus_images_00266_p02.jpg,2.0,0.7919279932975769,293.0,349.0,448.0,758.0,0.21302083333333333,0.6,success
campus_images_00266.jpg,campus_images_00266_p03.jpg,3.0,0.6657839417457581,187.0,361.0,361.0,805.0,0.23125,0.6,success
campus_images_00266.jpg,campus_images_00266_p04.jpg,4.0,0.647806704044342,809.0,386.0,902.0,567.0,0.09427083333333333,0.6,success
campus_images_00267.jpg,campus_images_00267_p01.jpg,1.0,0.9199548959732056,538.0,145.0,1069.0,1594.0,0.7546875,0.8,success
campus_images_00267.jpg,campus_images_00267_p02.jpg,2.0,0.6816413402557373,439.0,362.0,588.0,763.0,0.20885416666666667,0.6,success
campus_images_00267.jpg,campus_images_00267_p03.jpg,3.0,0.5679342746734619,311.0,341.0,432.0,793.0,0.23541666666666666,0.6,success
campus_images_00267.jpg,campus_images_00267_p04.jpg,4.0,0.5286237001419067,208.0,363.0,365.0,803.0,0.22916666666666666,0.6,success
campus_images_00268.jpg,campus_images_00268_p01.jpg,1.0,0.8800960183143616,640.0,129.0,1080.0,1584.0,0.7578125,0.8,success
campus_images_00268.jpg,campus_images_00268_p02.jpg,2.0,0.8409777879714966,427.0,365.0,567.0,746.0,0.1984375,0.6,success
campus_images_00268.jpg,campus_images_00268_p03.jpg,3.0,0.8382750153541565,261.0,334.0,426.0,814.0,0.25,0.6,success
campus_images_00268.jpg,campus_images_00268_p04.jpg,4.0,0.4965844750404358,199.0,382.0,283.0,738.0,0.18541666666666667,0.6,success
campus_images_00268.jpg,campus_images_00268_p05.jpg,5.0,0.32170677185058594,47.0,526.0,78.0,627.0,0.05260416666666667,0.6,success
campus_images_00268.jpg,campus_images_00268_p06.jpg,6.0,0.3048594892024994,0.0,1080.0,92.0,1190.0,0.057291666666666664,0.6,success
campus_images_00269.jpg,campus_images_00269_p01.jpg,1.0,0.9244320392608643,759.0,114.0,1080.0,1567.0,0.7567708333333333,0.8,success
campus_images_00269.jpg,campus_images_00269_p02.jpg,2.0,0.8146360516548157,200.0,383.0,300.0,743.0,0.1875,0.6,success
campus_images_00269.jpg,campus_images_00269_p03.jpg,3.0,0.689196765422821,431.0,359.0,558.0,748.0,0.20260416666666667,0.6,success
campus_images_00269.jpg,campus_images_00269_p04.jpg,4.0,0.6258329749107361,269.0,335.0,458.0,829.0,0.25729166666666664,0.6,success
campus_images_00269.jpg,campus_images_00269_p05.jpg,5.0,0.5980474352836609,0.0,517.0,95.0,1186.0,0.3484375,0.6,success
campus_images_00270.jpg,campus_images_00270_p01.jpg,1.0,0.8939180970191956,756.0,123.0,1080.0,1567.0,0.7520833333333333,0.8,success
campus_images_00270.jpg,campus_images_00270_p02.jpg,2.0,0.8856490254402161,0.0,337.0,220.0,1246.0,0.4734375,0.6,success
campus_images_00270.jpg,campus_images_00270_p03.jpg,3.0,0.8378158807754517,195.0,380.0,305.0,741.0,0.18802083333333333,0.6,success
campus_images_00270.jpg,campus_images_00270_p04.jpg,4.0,0.8166990876197815,292.0,335.0,479.0,844.0,0.26510416666666664,0.6,success
campus_images_00270.jpg,campus_images_00270_p05.jpg,5.0,0.8044678568840027,422.0,357.0,543.0,751.0,0.20520833333333333,0.6,success
campus_images_00270.jpg,campus_images_00270_p06.jpg,6.0,0.4812566637992859,280.0,351.0,366.0,761.0,0.21354166666666666,0.6,success
campus_images_00271.jpg,campus_images_00271_p01.jpg,1.0,0.934831440448761,0.0,325.0,304.0,1274.0,0.4942708333333333,0.6,success
campus_images_00271.jpg,campus_images_00271_p02.jpg,2.0,0.8716880679130554,837.0,128.0,1080.0,1572.0,0.7520833333333333,0.8,success
campus_images_00271.jpg,campus_images_00271_p03.jpg,3.0,0.7189444303512573,196.0,385.0,301.0,739.0,0.184375,0.6,success
campus_images_00271.jpg,campus_images_00271_p04.jpg,4.0,0.6267465949058533,322.0,331.0,484.0,843.0,0.26666666666666666,0.6,success
campus_images_00271.jpg,campus_images_00271_p05.jpg,5.0,0.6054865717887878,265.0,359.0,392.0,756.0,0.20677083333333332,0.6,success
campus_images_00271.jpg,campus_images_00271_p06.jpg,6.0,0.569489598274231,774.0,375.0,863.0,582.0,0.1078125,0.6,success
campus_images_00271.jpg,campus_images_00271_p07.jpg,7.0,0.46054407954216003,434.0,354.0,535.0,739.0,0.20052083333333334,0.6,success
campus_images_00272.jpg,campus_images_00272_p01.jpg,1.0,0.9292118549346924,1.0,308.0,316.0,1268.0,0.5,0.6,success
campus_images_00272.jpg,campus_images_00272_p02.jpg,2.0,0.7962532639503479,882.0,125.0,1080.0,1536.0,0.7348958333333333,0.8,success
campus_images_00272.jpg,campus_images_00272_p03.jpg,3.0,0.795074462890625,259.0,354.0,395.0,754.0,0.20833333333333334,0.6,success
campus_images_00272.jpg,campus_images_00272_p04.jpg,4.0,0.7232598662376404,345.0,328.0,537.0,840.0,0.26666666666666666,0.6,success
campus_images_00272.jpg,campus_images_00272_p05.jpg,5.0,0.5214366316795349,781.0,372.0,872.0,686.0,0.16354166666666667,0.6,success
campus_images_00272.jpg,campus_images_00272_p06.jpg,6.0,0.4716978073120117,869.0,353.0,943.0,489.0,0.07083333333333333,0.6,success
campus_images_00273.jpg,campus_images_00273_p01.jpg,1.0,0.8849631547927856,41.0,297.0,416.0,1265.0,0.5041666666666667,0.6,success
campus_images_00273.jpg,campus_images_00273_p02.jpg,2.0,0.8825280070304871,384.0,326.0,597.0,854.0,0.275,0.6,success
campus_images_00273.jpg,campus_images_00273_p03.jpg,3.0,0.7351379990577698,791.0,369.0,889.0,661.0,0.15208333333333332,0.6,success
campus_images_00273.jpg,campus_images_00273_p04.jpg,4.0,0.6347474455833435,849.0,146.0,1080.0,1526.0,0.71875,0.8,success
campus_images_00273.jpg,campus_images_00273_p05.jpg,5.0,0.5301001667976379,313.0,326.0,403.0,743.0,0.2171875,0.6,success
campus_images_00273.jpg,campus_images_00273_p06.jpg,6.0,0.5277838706970215,870.0,352.0,966.0,547.0,0.1015625,0.6,success
campus_images_00274.jpg,campus_images_00274_p01.jpg,1.0,0.9044543504714966,123.0,308.0,596.0,1282.0,0.5072916666666667,0.6,success
campus_images_00274.jpg,campus_images_00274_p02.jpg,2.0,0.8360446095466614,799.0,366.0,894.0,660.0,0.153125,0.6,success
campus_images_00274.jpg,campus_images_00274_p03.jpg,3.0,0.6888468861579895,849.0,114.0,1080.0,1570.0,0.7583333333333333,0.8,success
campus_images_00274.jpg,campus_images_00274_p04.jpg,4.0,0.6757957339286804,875.0,351.0,976.0,605.0,0.13229166666666667,0.6,success
campus_images_00274.jpg,campus_images_00274_p05.jpg,5.0,0.674095094203949,0.0,709.0,143.0,1907.0,0.6239583333333333,0.8,success
campus_images_00274.jpg,campus_images_00274_p06.jpg,6.0,0.5729426145553589,420.0,321.0,603.0,855.0,0.278125,0.6,success
campus_images_00274.jpg,campus_images_00274_p07.jpg,7.0,0.4171932339668274,176.0,412.0,240.0,521.0,0.05677083333333333,0.6,success
campus_images_00275.jpg,campus_images_00275_p01.jpg,1.0,0.9282472729682922,201.0,304.0,617.0,1302.0,0.5197916666666667,0.6,success
campus_images_00275.jpg,campus_images_00275_p02.jpg,2.0,0.8084360957145691,809.0,369.0,905.0,671.0,0.15729166666666666,0.6,success
campus_images_00275.jpg,campus_images_00275_p03.jpg,3.0,0.7789797186851501,0.0,546.0,226.0,1916.0,0.7135416666666666,0.8,success
campus_images_00275.jpg,campus_images_00275_p04.jpg,4.0,0.7523597478866577,485.0,310.0,642.0,863.0,0.28802083333333334,0.6,success
campus_images_00275.jpg,campus_images_00275_p05.jpg,5.0,0.7406598925590515,887.0,351.0,982.0,656.0,0.15885416666666666,0.6,success
campus_images_00275.jpg,campus_images_00275_p06.jpg,6.0,0.7022042870521545,173.0,420.0,262.0,715.0,0.15364583333333334,0.6,success
campus_images_00275.jpg,campus_images_00275_p07.jpg,7.0,0.3749721646308899,869.0,241.0,1080.0,1563.0,0.6885416666666667,0.8,success
campus_images_00275.jpg,campus_images_00275_p08.jpg,8.0,0.36198917031288147,257.0,357.0,329.0,545.0,0.09791666666666667,0.6,success
campus_images_00276.jpg,campus_images_00276_p01.jpg,1.0,0.8569275140762329,314.0,326.0,643.0,1315.0,0.5151041666666667,0.6,success
campus_images_00276.jpg,campus_images_00276_p02.jpg,2.0,0.8190221786499023,0.0,502.0,248.0,1909.0,0.7328125,0.8,success
campus_images_00276.jpg,campus_images_00276_p03.jpg,3.0,0.7957500219345093,898.0,359.0,995.0,677.0,0.165625,0.6,success
campus_images_00276.jpg,campus_images_00276_p04.jpg,4.0,0.7808699607849121,168.0,421.0,264.0,738.0,0.16510416666666666,0.6,success
campus_images_00276.jpg,campus_images_00276_p05.jpg,5.0,0.7682080268859863,819.0,368.0,918.0,678.0,0.16145833333333334,0.6,success
campus_images_00276.jpg,campus_images_00276_p06.jpg,6.0,0.7197475433349609,260.0,359.0,361.0,607.0,0.12916666666666668,0.6,success
campus_images_00276.jpg,campus_images_00276_p07.jpg,7.0,0.4478703439235687,553.0,315.0,708.0,660.0,0.1796875,0.6,success
campus_images_00276.jpg,campus_images_00276_p08.jpg,8.0,0.3563552498817444,322.0,331.0,381.0,485.0,0.08020833333333334,0.6,success
campus_images_00276.jpg,campus_images_00276_p09.jpg,9.0,0.352277934551239,324.0,331.0,381.0,424.0,0.0484375,0.6,success
campus_images_00277.jpg,campus_images_00277_p01.jpg,1.0,0.9093326926231384,0.0,354.0,274.0,1749.0,0.7265625,0.8,success
campus_images_00277.jpg,campus_images_00277_p02.jpg,2.0,0.888234555721283,388.0,279.0,733.0,1399.0,0.5833333333333334,0.8,success
campus_images_00277.jpg,campus_images_00277_p03.jpg,3.0,0.826774537563324,832.0,355.0,932.0,684.0,0.17135416666666667,0.6,success
campus_images_00277.jpg,campus_images_00277_p04.jpg,4.0,0.7758971452713013,255.0,359.0,375.0,740.0,0.1984375,0.6,success
campus_images_00277.jpg,campus_images_00277_p05.jpg,5.0,0.7250493764877319,163.0,424.0,262.0,662.0,0.12395833333333334,0.6,success
campus_images_00277.jpg,campus_images_00277_p06.jpg,6.0,0.575919508934021,916.0,353.0,1009.0,680.0,0.1703125,0.6,success
campus_images_00278.jpg,campus_images_00278_p01.jpg,1.0,0.9098353385925293,448.0,276.0,850.0,1419.0,0.5953125,0.8,success
campus_images_00278.jpg,campus_images_00278_p02.jpg,2.0,0.9079521298408508,0.0,282.0,326.0,1738.0,0.7583333333333333,0.8,success
campus_images_00278.jpg,campus_images_00278_p03.jpg,3.0,0.8346461653709412,255.0,356.0,382.0,760.0,0.21041666666666667,0.6,success
campus_images_00278.jpg,campus_images_00278_p04.jpg,4.0,0.8279864192008972,922.0,352.0,1023.0,683.0,0.17239583333333333,0.6,success
campus_images_00278.jpg,campus_images_00278_p05.jpg,5.0,0.8104164600372314,839.0,348.0,947.0,693.0,0.1796875,0.6,success
campus_images_00278.jpg,campus_images_00278_p06.jpg,6.0,0.5265118479728699,985.0,717.0,1080.0,1186.0,0.24427083333333333,0.6,success
campus_images_00278.jpg,campus_images_00278_p07.jpg,7.0,0.4859350919723511,372.0,406.0,475.0,722.0,0.16458333333333333,0.6,success
campus_images_00279.jpg,campus_images_00279_p01.jpg,1.0,0.9266793131828308,0.0,295.0,369.0,1642.0,0.7015625,0.8,success
campus_images_00279.jpg,campus_images_00279_p02.jpg,2.0,0.915253221988678,474.0,252.0,868.0,1443.0,0.6203125,0.8,success
campus_images_00279.jpg,campus_images_00279_p03.jpg,3.0,0.848046064376831,841.0,350.0,949.0,699.0,0.18177083333333333,0.6,success
campus_images_00279.jpg,campus_images_00279_p04.jpg,4.0,0.799411416053772,934.0,352.0,1033.0,697.0,0.1796875,0.6,success
campus_images_00279.jpg,campus_images_00279_p05.jpg,5.0,0.7371140122413635,370.0,382.0,477.0,736.0,0.184375,0.6,success
campus_images_00279.jpg,campus_images_00279_p06.jpg,6.0,0.6910131573677063,246.0,358.0,382.0,710.0,0.18333333333333332,0.6,success
campus_images_00279.jpg,campus_images_00279_p07.jpg,7.0,0.3605141043663025,152.0,421.0,227.0,502.0,0.0421875,0.6,success
campus_images_00280.jpg,campus_images_00280_p01.jpg,1.0,0.9454277157783508,0.0,285.0,397.0,1477.0,0.6208333333333333,0.8,success
campus_images_00280.jpg,campus_images_00280_p02.jpg,2.0,0.8339285254478455,587.0,233.0,950.0,1445.0,0.63125,0.8,success
campus_images_00280.jpg,campus_images_00280_p03.jpg,3.0,0.7241614460945129,359.0,363.0,475.0,742.0,0.19739583333333333,0.6,success
campus_images_00280.jpg,campus_images_00280_p04.jpg,4.0,0.5445727109909058,244.0,360.0,363.0,545.0,0.09635416666666667,0.6,success
campus_images_00281.jpg,campus_images_00281_p01.jpg,1.0,0.9151617884635925,678.0,247.0,1080.0,1442.0,0.6223958333333334,0.8,success
campus_images_00281.jpg,campus_images_00281_p02.jpg,2.0,0.8883098363876343,5.0,311.0,426.0,1473.0,0.6052083333333333,0.8,success
campus_images_00281.jpg,campus_images_00281_p03.jpg,3.0,0.6635490655899048,361.0,386.0,473.0,744.0,0.18645833333333334,0.6,success
campus_images_00281.jpg,campus_images_00281_p04.jpg,4.0,0.6352366209030151,226.0,361.0,325.0,496.0,0.0703125,0.6,success
campus_images_00281.jpg,campus_images_00281_p05.jpg,5.0,0.5280635952949524,663.0,290.0,804.0,627.0,0.17552083333333332,0.6,success
campus_images_00282.jpg,campus_images_00282_p01.jpg,1.0,0.9284896850585938,686.0,247.0,1080.0,1441.0,0.621875,0.8,success
campus_images_00282.jpg,campus_images_00282_p02.jpg,2.0,0.9143140316009521,55.0,310.0,429.0,1297.0,0.5140625,0.6,success
campus_images_00282.jpg,campus_images_00282_p03.jpg,3.0,0.5136355757713318,813.0,271.0,975.0,649.0,0.196875,0.6,success
campus_images_00282.jpg,campus_images_00282_p04.jpg,4.0,0.5122575163841248,332.0,365.0,463.0,742.0,0.19635416666666666,0.6,success
campus_images_00282.jpg,campus_images_00282_p05.jpg,5.0,0.3869819641113281,737.0,278.0,890.0,648.0,0.19270833333333334,0.6,success
campus_images_00283.jpg,campus_images_00283_p01.jpg,1.0,0.9241712093353271,92.0,332.0,437.0,1284.0,0.49583333333333335,0.6,success
campus_images_00283.jpg,campus_images_00283_p02.jpg,2.0,0.8497927784919739,726.0,279.0,1024.0,1098.0,0.4265625,0.6,success
campus_images_00283.jpg,campus_images_00283_p03.jpg,3.0,0.6790533661842346,0.0,509.0,66.0,816.0,0.15989583333333332,0.6,success
campus_images_00283.jpg,campus_images_00283_p04.jpg,4.0,0.49105384945869446,987.0,355.0,1060.0,506.0,0.07864583333333333,0.6,success
campus_images_00283.jpg,campus_images_00283_p05.jpg,5.0,0.38014334440231323,290.0,330.0,439.0,570.0,0.125,0.6,success
campus_images_00284.jpg,campus_images_00284_p01.jpg,1.0,0.907701313495636,664.0,291.0,975.0,1101.0,0.421875,0.6,success
campus_images_00284.jpg,campus_images_00284_p02.jpg,2.0,0.8964487314224243,141.0,341.0,461.0,1231.0,0.4635416666666667,0.6,success
campus_images_00284.jpg,campus_images_00284_p03.jpg,3.0,0.761175811290741,0.0,500.0,61.0,815.0,0.1640625,0.6,success
campus_images_00284.jpg,campus_images_00284_p04.jpg,4.0,0.6267874240875244,877.0,275.0,1071.0,976.0,0.3651041666666667,0.6,success
campus_images_00284.jpg,campus_images_00284_p05.jpg,5.0,0.3228103816509247,879.0,268.0,1071.0,721.0,0.2359375,0.6,success
campus_images_00285.jpg,campus_images_00285_p01.jpg,1.0,0.8943665027618408,654.0,292.0,939.0,1076.0,0.4083333333333333,0.6,success
campus_images_00285.jpg,campus_images_00285_p02.jpg,2.0,0.8921440839767456,187.0,340.0,475.0,1152.0,0.42291666666666666,0.6,success
campus_images_00285.jpg,campus_images_00285_p03.jpg,3.0,0.8895606994628906,870.0,262.0,1080.0,1013.0,0.39114583333333336,0.6,success
campus_images_00285.jpg,campus_images_00285_p04.jpg,4.0,0.8000373840332031,0.0,478.0,73.0,818.0,0.17708333333333334,0.6,success
campus_images_00285.jpg,campus_images_00285_p05.jpg,5.0,0.46947669982910156,154.0,374.0,227.0,779.0,0.2109375,0.6,success
campus_images_00285.jpg,campus_images_00285_p06.jpg,6.0,0.343373566865921,809.0,356.0,868.0,432.0,0.03958333333333333,0.6,success
campus_images_00286.jpg,campus_images_00286_p01.jpg,1.0,0.9155979752540588,617.0,299.0,858.0,1069.0,0.4010416666666667,0.6,success
campus_images_00286.jpg,campus_images_00286_p02.jpg,2.0,0.9088191390037537,894.0,269.0,1080.0,1026.0,0.39427083333333335,0.6,success
campus_images_00286.jpg,campus_images_00286_p03.jpg,3.0,0.8646073341369629,220.0,351.0,481.0,1153.0,0.41770833333333335,0.6,success
campus_images_00286.jpg,campus_images_00286_p04.jpg,4.0,0.8497828245162964,0.0,463.0,85.0,819.0,0.18541666666666667,0.6,success
campus_images_00286.jpg,campus_images_00286_p05.jpg,5.0,0.4871056377887726,127.0,377.0,229.0,773.0,0.20625,0.6,success
campus_images_00286.jpg,campus_images_00286_p06.jpg,6.0,0.45032739639282227,801.0,363.0,879.0,587.0,0.11666666666666667,0.6,success
campus_images_00287.jpg,campus_images_00287_p01.jpg,1.0,0.8998239636421204,607.0,310.0,837.0,1069.0,0.3953125,0.6,success
campus_images_00287.jpg,campus_images_00287_p02.jpg,2.0,0.8996036648750305,201.0,354.0,476.0,1108.0,0.3927083333333333,0.6,success
campus_images_00287.jpg,campus_images_00287_p03.jpg,3.0,0.8387139439582825,0.0,459.0,94.0,820.0,0.18802083333333333,0.6,success
campus_images_00287.jpg,campus_images_00287_p04.jpg,4.0,0.8008281588554382,870.0,374.0,981.0,757.0,0.19947916666666668,0.6,success
campus_images_00287.jpg,campus_images_00287_p05.jpg,5.0,0.6649811267852783,114.0,385.0,219.0,746.0,0.18802083333333333,0.6,success
campus_images_00287.jpg,campus_images_00287_p06.jpg,6.0,0.573209285736084,783.0,367.0,869.0,616.0,0.1296875,0.6,success
campus_images_00287.jpg,campus_images_00287_p07.jpg,7.0,0.38908684253692627,944.0,361.0,1080.0,1034.0,0.35052083333333334,0.6,success
campus_images_00288.jpg,campus_images_00288_p01.jpg,1.0,0.9106461405754089,214.0,356.0,472.0,1060.0,0.36666666666666664,0.6,success
campus_images_00288.jpg,campus_images_00288_p02.jpg,2.0,0.8869798183441162,605.0,321.0,832.0,1072.0,0.39114583333333336,0.6,success
campus_images_00288.jpg,campus_images_00288_p03.jpg,3.0,0.8558186888694763,869.0,378.0,979.0,762.0,0.2,0.6,success
campus_images_00288.jpg,campus_images_00288_p04.jpg,4.0,0.8451508283615112,0.0,461.0,92.0,827.0,0.190625,0.6,success
campus_images_00288.jpg,campus_images_00288_p05.jpg,5.0,0.8331830501556396,111.0,390.0,218.0,782.0,0.20416666666666666,0.6,success
campus_images_00288.jpg,campus_images_00288_p06.jpg,6.0,0.3928600251674652,973.0,396.0,1080.0,766.0,0.19270833333333334,0.6,success
campus_images_00288.jpg,campus_images_00288_p07.jpg,7.0,0.38074174523353577,777.0,366.0,851.0,583.0,0.11302083333333333,0.6,success
campus_images_00289.jpg,campus_images_00289_p01.jpg,1.0,0.8828879594802856,0.0,462.0,97.0,835.0,0.19427083333333334,0.6,success
campus_images_00289.jpg,campus_images_00289_p02.jpg,2.0,0.8820216655731201,229.0,381.0,474.0,1064.0,0.35572916666666665,0.6,success
campus_images_00289.jpg,campus_images_00289_p03.jpg,3.0,0.8809706568717957,608.0,325.0,824.0,1049.0,0.3770833333333333,0.6,success
campus_images_00289.jpg,campus_images_00289_p04.jpg,4.0,0.8783754110336304,865.0,384.0,990.0,780.0,0.20625,0.6,success
campus_images_00289.jpg,campus_images_00289_p05.jpg,5.0,0.8357189893722534,968.0,370.0,1078.0,769.0,0.2078125,0.6,success
campus_images_00289.jpg,campus_images_00289_p06.jpg,6.0,0.7941226363182068,104.0,389.0,229.0,791.0,0.209375,0.6,success
campus_images_00289.jpg,campus_images_00289_p07.jpg,7.0,0.4419812560081482,827.0,392.0,884.0,591.0,0.10364583333333334,0.6,success
campus_images_00289.jpg,campus_images_00289_p08.jpg,8.0,0.3350191116333008,765.0,375.0,840.0,631.0,0.13333333333333333,0.6,success
campus_images_00290.jpg,campus_images_00290_p01.jpg,1.0,0.9003216028213501,606.0,330.0,826.0,1016.0,0.3572916666666667,0.6,success
campus_images_00290.jpg,campus_images_00290_p02.jpg,2.0,0.8816470503807068,250.0,375.0,478.0,1012.0,0.33177083333333335,0.6,success
campus_images_00290.jpg,campus_images_00290_p03.jpg,3.0,0.8694660067558289,970.0,374.0,1079.0,780.0,0.21145833333333333,0.6,success
campus_images_00290.jpg,campus_images_00290_p04.jpg,4.0,0.8613981008529663,869.0,383.0,991.0,790.0,0.21197916666666666,0.6,success
campus_images_00290.jpg,campus_images_00290_p05.jpg,5.0,0.8585776686668396,0.0,454.0,106.0,838.0,0.2,0.6,success
campus_images_00290.jpg,campus_images_00290_p06.jpg,6.0,0.8141536712646484,88.0,401.0,239.0,794.0,0.2046875,0.6,success
campus_images_00290.jpg,campus_images_00290_p07.jpg,7.0,0.4256581664085388,828.0,395.0,889.0,595.0,0.10416666666666667,0.6,success
campus_images_00291.jpg,campus_images_00291_p01.jpg,1.0,0.9051097631454468,600.0,339.0,814.0,1015.0,0.35208333333333336,0.6,success
campus_images_00291.jpg,campus_images_00291_p02.jpg,2.0,0.8734963536262512,271.0,373.0,488.0,996.0,0.32447916666666665,0.6,success
campus_images_00291.jpg,campus_images_00291_p03.jpg,3.0,0.8486818075180054,871.0,379.0,991.0,797.0,0.21770833333333334,0.6,success
campus_images_00291.jpg,campus_images_00291_p04.jpg,4.0,0.8385261297225952,978.0,372.0,1080.0,788.0,0.21666666666666667,0.6,success
campus_images_00291.jpg,campus_images_00291_p05.jpg,5.0,0.7993153929710388,0.0,428.0,97.0,839.0,0.2140625,0.6,success
campus_images_00291.jpg,campus_images_00291_p06.jpg,6.0,0.6936977505683899,81.0,422.0,195.0,800.0,0.196875,0.6,success
campus_images_00291.jpg,campus_images_00291_p07.jpg,7.0,0.45882487297058105,827.0,401.0,890.0,599.0,0.103125,0.6,success
campus_images_00292.jpg,campus_images_00292_p01.jpg,1.0,0.8999403715133667,582.0,350.0,796.0,1014.0,0.3458333333333333,0.6,success
campus_images_00292.jpg,campus_images_00292_p02.jpg,2.0,0.8912608623504639,264.0,386.0,485.0,991.0,0.3151041666666667,0.6,success
campus_images_00292.jpg,campus_images_00292_p03.jpg,3.0,0.8719081282615662,866.0,384.0,997.0,814.0,0.22395833333333334,0.6,success
campus_images_00292.jpg,campus_images_00292_p04.jpg,4.0,0.840505838394165,0.0,426.0,110.0,844.0,0.21770833333333334,0.6,success
campus_images_00292.jpg,campus_images_00292_p05.jpg,5.0,0.8200992941856384,982.0,374.0,1080.0,793.0,0.21822916666666667,0.6,success
campus_images_00292.jpg,campus_images_00292_p06.jpg,6.0,0.6576399803161621,81.0,441.0,176.0,800.0,0.18697916666666667,0.6,success
campus_images_00292.jpg,campus_images_00292_p07.jpg,7.0,0.4148963987827301,823.0,404.0,888.0,604.0,0.10416666666666667,0.6,success
campus_images_00292.jpg,campus_images_00292_p08.jpg,8.0,0.36083054542541504,149.0,450.0,266.0,789.0,0.1765625,0.6,success
campus_images_00293.jpg,campus_images_00293_p01.jpg,1.0,0.8894081115722656,856.0,389.0,997.0,827.0,0.228125,0.6,success
campus_images_00293.jpg,campus_images_00293_p02.jpg,2.0,0.8838105201721191,273.0,385.0,482.0,948.0,0.29322916666666665,0.6,success
campus_images_00293.jpg,campus_images_00293_p03.jpg,3.0,0.8833053708076477,564.0,351.0,779.0,1002.0,0.3390625,0.6,success
campus_images_00293.jpg,campus_images_00293_p04.jpg,4.0,0.8494094610214233,986.0,381.0,1080.0,810.0,0.2234375,0.6,success
campus_images_00293.jpg,campus_images_00293_p05.jpg,5.0,0.791191041469574,0.0,433.0,122.0,838.0,0.2109375,0.6,success
campus_images_00293.jpg,campus_images_00293_p06.jpg,6.0,0.49708986282348633,71.0,441.0,176.0,804.0,0.1890625,0.6,success
campus_images_00293.jpg,campus_images_00293_p07.jpg,7.0,0.3269198536872864,204.0,437.0,283.0,777.0,0.17708333333333334,0.6,success
campus_images_00294.jpg,campus_images_00294_p01.jpg,1.0,0.9073275327682495,549.0,354.0,754.0,961.0,0.31614583333333335,0.6,success
campus_images_00294.jpg,campus_images_00294_p02.jpg,2.0,0.8867650628089905,839.0,390.0,990.0,836.0,0.23229166666666667,0.6,success
campus_images_00294.jpg,campus_images_00294_p03.jpg,3.0,0.8608104586601257,2.0,438.0,158.0,853.0,0.21614583333333334,0.6,success
campus_images_00294.jpg,campus_images_00294_p04.jpg,4.0,0.860774040222168,979.0,380.0,1080.0,822.0,0.23020833333333332,0.6,success
campus_images_00294.jpg,campus_images_00294_p05.jpg,5.0,0.7725088596343994,298.0,393.0,483.0,945.0,0.2875,0.6,success
campus_images_00294.jpg,campus_images_00294_p06.jpg,6.0,0.7660790681838989,198.0,443.0,300.0,776.0,0.1734375,0.6,success
campus_images_00294.jpg,campus_images_00294_p07.jpg,7.0,0.34410035610198975,132.0,491.0,220.0,789.0,0.15520833333333334,0.6,success
campus_images_00295.jpg,campus_images_00295_p01.jpg,1.0,0.8906429409980774,546.0,360.0,746.0,962.0,0.31354166666666666,0.6,success
campus_images_00295.jpg,campus_images_00295_p02.jpg,2.0,0.8591493368148804,316.0,405.0,500.0,937.0,0.27708333333333335,0.6,success
campus_images_00295.jpg,campus_images_00295_p03.jpg,3.0,0.8532050251960754,15.0,431.0,158.0,860.0,0.2234375,0.6,success
campus_images_00295.jpg,campus_images_00295_p04.jpg,4.0,0.8499488830566406,969.0,380.0,1080.0,822.0,0.23020833333333332,0.6,success
campus_images_00295.jpg,campus_images_00295_p05.jpg,5.0,0.8197270631790161,833.0,388.0,987.0,839.0,0.23489583333333333,0.6,success
campus_images_00295.jpg,campus_images_00295_p06.jpg,6.0,0.7280158996582031,195.0,446.0,308.0,781.0,0.17447916666666666,0.6,success
campus_images_00296.jpg,campus_images_00296_p01.jpg,1.0,0.9134008884429932,336.0,402.0,516.0,898.0,0.25833333333333336,0.6,success
campus_images_00296.jpg,campus_images_00296_p02.jpg,2.0,0.8892648816108704,549.0,370.0,747.0,963.0,0.30885416666666665,0.6,success
campus_images_00296.jpg,campus_images_00296_p03.jpg,3.0,0.8841383457183838,829.0,397.0,977.0,859.0,0.240625,0.6,success
campus_images_00296.jpg,campus_images_00296_p04.jpg,4.0,0.8595512509346008,970.0,382.0,1079.0,840.0,0.23854166666666668,0.6,success
campus_images_00296.jpg,campus_images_00296_p05.jpg,5.0,0.8307089805603027,28.0,427.0,166.0,866.0,0.22864583333333333,0.6,success
campus_images_00296.jpg,campus_images_00296_p06.jpg,6.0,0.7124395370483398,191.0,446.0,311.0,779.0,0.1734375,0.6,success
campus_images_00296.jpg,campus_images_00296_p07.jpg,7.0,0.31437525153160095,251.0,378.0,361.0,720.0,0.178125,0.6,success
campus_images_00297.jpg,campus_images_00297_p01.jpg,1.0,0.9246220588684082,364.0,407.0,530.0,898.0,0.2557291666666667,0.6,success
campus_images_00297.jpg,campus_images_00297_p02.jpg,2.0,0.8867349028587341,827.0,395.0,978.0,877.0,0.25104166666666666,0.6,success
campus_images_00297.jpg,campus_images_00297_p03.jpg,3.0,0.8809693455696106,558.0,371.0,747.0,957.0,0.30520833333333336,0.6,success
campus_images_00297.jpg,campus_images_00297_p04.jpg,4.0,0.8496624827384949,973.0,386.0,1080.0,852.0,0.24270833333333333,0.6,success
campus_images_00297.jpg,campus_images_00297_p05.jpg,5.0,0.8153730630874634,39.0,427.0,184.0,876.0,0.23385416666666667,0.6,success
campus_images_00297.jpg,campus_images_00297_p06.jpg,6.0,0.7130038738250732,0.0,456.0,74.0,944.0,0.25416666666666665,0.6,success
campus_images_00297.jpg,campus_images_00297_p07.jpg,7.0,0.5361075401306152,250.0,379.0,367.0,760.0,0.1984375,0.6,success
campus_images_00298.jpg,campus_images_00298_p01.jpg,1.0,0.892604410648346,376.0,413.0,541.0,888.0,0.24739583333333334,0.6,success
campus_images_00298.jpg,campus_images_00298_p02.jpg,2.0,0.8833386898040771,825.0,395.0,982.0,880.0,0.2526041666666667,0.6,success
campus_images_00298.jpg,campus_images_00298_p03.jpg,3.0,0.8574292063713074,975.0,382.0,1080.0,858.0,0.24791666666666667,0.6,success
campus_images_00298.jpg,campus_images_00298_p04.jpg,4.0,0.850604236125946,54.0,437.0,176.0,901.0,0.24166666666666667,0.6,success
campus_images_00298.jpg,campus_images_00298_p05.jpg,5.0,0.6940808296203613,0.0,466.0,77.0,963.0,0.25885416666666666,0.6,success
campus_images_00298.jpg,campus_images_00298_p06.jpg,6.0,0.6187818050384521,184.0,446.0,305.0,790.0,0.17916666666666667,0.6,success
campus_images_00298.jpg,campus_images_00298_p07.jpg,7.0,0.491323858499527,254.0,390.0,374.0,767.0,0.19635416666666666,0.6,success
campus_images_00298.jpg,campus_images_00298_p08.jpg,8.0,0.4093528985977173,561.0,368.0,749.0,930.0,0.29270833333333335,0.6,success
campus_images_00299.jpg,campus_images_00299_p01.jpg,1.0,0.9038060307502747,811.0,401.0,976.0,900.0,0.2598958333333333,0.6,success
campus_images_00299.jpg,campus_images_00299_p02.jpg,2.0,0.8768764734268188,975.0,383.0,1080.0,868.0,0.2526041666666667,0.6,success
campus_images_00299.jpg,campus_images_00299_p03.jpg,3.0,0.8753291368484497,561.0,372.0,748.0,920.0,0.28541666666666665,0.6,success
campus_images_00299.jpg,campus_images_00299_p04.jpg,4.0,0.8648707270622253,404.0,405.0,553.0,869.0,0.24166666666666667,0.6,success
campus_images_00299.jpg,campus_images_00299_p05.jpg,5.0,0.845462441444397,58.0,440.0,192.0,908.0,0.24375,0.6,success
campus_images_00299.jpg,campus_images_00299_p06.jpg,6.0,0.7785776257514954,186.0,451.0,305.0,791.0,0.17708333333333334,0.6,success
campus_images_00299.jpg,campus_images_00299_p07.jpg,7.0,0.6897678375244141,273.0,414.0,407.0,781.0,0.19114583333333332,0.6,success
campus_images_00299.jpg,campus_images_00299_p08.jpg,8.0,0.6669808030128479,0.0,469.0,77.0,1031.0,0.29270833333333335,0.6,success
campus_images_00300.jpg,campus_images_00300_p01.jpg,1.0,0.8936645984649658,799.0,406.0,970.0,921.0,0.2682291666666667,0.6,success
campus_images_00300.jpg,campus_images_00300_p02.jpg,2.0,0.8686134219169617,430.0,418.0,578.0,854.0,0.22708333333333333,0.6,success
campus_images_00300.jpg,campus_images_00300_p03.jpg,3.0,0.8681641817092896,971.0,392.0,1080.0,888.0,0.25833333333333336,0.6,success
campus_images_00300.jpg,campus_images_00300_p04.jpg,4.0,0.8558230996131897,570.0,381.0,746.0,921.0,0.28125,0.6,success
campus_images_00300.jpg,campus_images_00300_p05.jpg,5.0,0.8048772811889648,278.0,417.0,403.0,776.0,0.18697916666666667,0.6,success
campus_images_00300.jpg,campus_images_00300_p06.jpg,6.0,0.7745872735977173,187.0,454.0,304.0,790.0,0.175,0.6,success
campus_images_00300.jpg,campus_images_00300_p07.jpg,7.0,0.46738019585609436,0.0,407.0,87.0,1054.0,0.33697916666666666,0.6,success
campus_images_00300.jpg,campus_images_00300_p08.jpg,8.0,0.3910777270793915,187.0,450.0,301.0,799.0,0.18177083333333333,0.6,success
campus_images_00300.jpg,campus_images_00300_p09.jpg,9.0,0.3773760497570038,0.0,410.0,90.0,1052.0,0.334375,0.6,success
campus_images_00301.jpg,campus_images_00301_p01.jpg,1.0,0.8894724249839783,778.0,402.0,963.0,922.0,0.2708333333333333,0.6,success
campus_images_00301.jpg,campus_images_00301_p02.jpg,2.0,0.8843994140625,952.0,392.0,1079.0,898.0,0.2635416666666667,0.6,success
campus_images_00301.jpg,campus_images_00301_p03.jpg,3.0,0.8765729665756226,79.0,434.0,244.0,910.0,0.24791666666666667,0.6,success
campus_images_00301.jpg,campus_images_00301_p04.jpg,4.0,0.8676722049713135,575.0,388.0,739.0,930.0,0.28229166666666666,0.6,success
campus_images_00301.jpg,campus_images_00301_p05.jpg,5.0,0.849345862865448,456.0,416.0,591.0,847.0,0.22447916666666667,0.6,success
campus_images_00301.jpg,campus_images_00301_p06.jpg,6.0,0.8318917751312256,279.0,415.0,403.0,778.0,0.1890625,0.6,success
campus_images_00301.jpg,campus_images_00301_p07.jpg,7.0,0.6411193609237671,186.0,454.0,308.0,802.0,0.18125,0.6,success
campus_images_00301.jpg,campus_images_00301_p08.jpg,8.0,0.5985968112945557,0.0,364.0,100.0,1046.0,0.35520833333333335,0.6,success
campus_images_00301.jpg,campus_images_00301_p09.jpg,9.0,0.422467976808548,0.0,358.0,99.0,1049.0,0.35989583333333336,0.6,success
campus_images_00302.jpg,campus_images_00302_p01.jpg,1.0,0.9068968296051025,944.0,388.0,1079.0,897.0,0.26510416666666664,0.6,success
campus_images_00302.jpg,campus_images_00302_p02.jpg,2.0,0.8915399312973022,572.0,382.0,735.0,901.0,0.2703125,0.6,success
campus_images_00302.jpg,campus_images_00302_p03.jpg,3.0,0.8815988898277283,775.0,401.0,951.0,924.0,0.27239583333333334,0.6,success
campus_images_00302.jpg,campus_images_00302_p04.jpg,4.0,0.8375258445739746,474.0,414.0,592.0,837.0,0.2203125,0.6,success
campus_images_00302.jpg,campus_images_00302_p05.jpg,5.0,0.8292776942253113,96.0,446.0,287.0,931.0,0.2526041666666667,0.6,success
campus_images_00302.jpg,campus_images_00302_p06.jpg,6.0,0.7962486743927002,273.0,421.0,398.0,784.0,0.1890625,0.6,success
campus_images_00302.jpg,campus_images_00302_p07.jpg,7.0,0.7583757638931274,0.0,346.0,123.0,1092.0,0.3885416666666667,0.6,success
campus_images_00302.jpg,campus_images_00302_p08.jpg,8.0,0.44301310181617737,941.0,402.0,981.0,515.0,0.058854166666666666,0.6,success
campus_images_00302.jpg,campus_images_00302_p09.jpg,9.0,0.3060137927532196,190.0,451.0,297.0,784.0,0.1734375,0.6,success
campus_images_00303.jpg,campus_images_00303_p01.jpg,1.0,0.9124661684036255,120.0,432.0,289.0,934.0,0.26145833333333335,0.6,success
campus_images_00303.jpg,campus_images_00303_p02.jpg,2.0,0.9067827463150024,942.0,390.0,1080.0,917.0,0.27447916666666666,0.6,success
campus_images_00303.jpg,campus_images_00303_p03.jpg,3.0,0.8856449127197266,567.0,383.0,731.0,884.0,0.2609375,0.6,success
campus_images_00303.jpg,campus_images_00303_p04.jpg,4.0,0.8708195090293884,0.0,348.0,180.0,1096.0,0.38958333333333334,0.6,success
campus_images_00303.jpg,campus_images_00303_p05.jpg,5.0,0.8700096011161804,771.0,406.0,951.0,946.0,0.28125,0.6,success
campus_images_00303.jpg,campus_images_00303_p06.jpg,6.0,0.7116436958312988,493.0,419.0,605.0,832.0,0.21510416666666668,0.6,success
campus_images_00303.jpg,campus_images_00303_p07.jpg,7.0,0.6665612459182739,278.0,418.0,397.0,779.0,0.18802083333333333,0.6,success
campus_images_00303.jpg,campus_images_00303_p08.jpg,8.0,0.40644925832748413,937.0,401.0,984.0,519.0,0.06145833333333333,0.6,success
campus_images_00303.jpg,campus_images_00303_p09.jpg,9.0,0.3780771493911743,890.0,402.0,949.0,532.0,0.06770833333333333,0.6,success
campus_images_00304.jpg,campus_images_00304_p01.jpg,1.0,0.8730255365371704,568.0,390.0,732.0,881.0,0.2557291666666667,0.6,success
campus_images_00304.jpg,campus_images_00304_p02.jpg,2.0,0.8667322993278503,2.0,335.0,218.0,1087.0,0.39166666666666666,0.6,success
campus_images_00304.jpg,campus_images_00304_p03.jpg,3.0,0.8602458834648132,946.0,390.0,1080.0,937.0,0.28489583333333335,0.6,success
campus_images_00304.jpg,campus_images_00304_p04.jpg,4.0,0.8544851541519165,774.0,400.0,961.0,980.0,0.3020833333333333,0.6,success
campus_images_00304.jpg,campus_images_00304_p05.jpg,5.0,0.8323417901992798,156.0,429.0,291.0,939.0,0.265625,0.6,success
campus_images_00304.jpg,campus_images_00304_p06.jpg,6.0,0.7700884938240051,276.0,420.0,392.0,779.0,0.18697916666666667,0.6,success
campus_images_00304.jpg,campus_images_00304_p07.jpg,7.0,0.5821043252944946,512.0,414.0,616.0,763.0,0.18177083333333333,0.6,success
campus_images_00304.jpg,campus_images_00304_p08.jpg,8.0,0.48739534616470337,462.0,411.0,545.0,744.0,0.1734375,0.6,success
campus_images_00304.jpg,campus_images_00304_p09.jpg,9.0,0.48318687081336975,934.0,397.0,985.0,523.0,0.065625,0.6,success
campus_images_00305.jpg,campus_images_00305_p01.jpg,1.0,0.8992424011230469,1.0,330.0,278.0,1094.0,0.39791666666666664,0.6,success
campus_images_00305.jpg,campus_images_00305_p02.jpg,2.0,0.8624674081802368,948.0,384.0,1079.0,939.0,0.2890625,0.6,success
campus_images_00305.jpg,campus_images_00305_p03.jpg,3.0,0.8449878692626953,453.0,414.0,558.0,757.0,0.17864583333333334,0.6,success
campus_images_00305.jpg,campus_images_00305_p04.jpg,4.0,0.8312335014343262,579.0,395.0,739.0,877.0,0.25104166666666666,0.6,success
campus_images_00305.jpg,campus_images_00305_p05.jpg,5.0,0.8165767192840576,773.0,391.0,967.0,983.0,0.30833333333333335,0.6,success
campus_images_00305.jpg,campus_images_00305_p06.jpg,6.0,0.6599697470664978,183.0,426.0,305.0,973.0,0.28489583333333335,0.6,success
campus_images_00305.jpg,campus_images_00305_p07.jpg,7.0,0.5281041860580444,548.0,416.0,641.0,804.0,0.20208333333333334,0.6,success
campus_images_00305.jpg,campus_images_00305_p08.jpg,8.0,0.49780312180519104,925.0,403.0,984.0,516.0,0.058854166666666666,0.6,success
campus_images_00305.jpg,campus_images_00305_p09.jpg,9.0,0.3669447898864746,259.0,427.0,386.0,780.0,0.18385416666666668,0.6,success
campus_images_00306.jpg,campus_images_00306_p01.jpg,1.0,0.9338089823722839,42.0,342.0,379.0,1106.0,0.39791666666666664,0.6,success
campus_images_00306.jpg,campus_images_00306_p02.jpg,2.0,0.9065799713134766,769.0,396.0,966.0,1008.0,0.31875,0.6,success
campus_images_00306.jpg,campus_images_00306_p03.jpg,3.0,0.8844258785247803,447.0,412.0,558.0,754.0,0.178125,0.6,success
campus_images_00306.jpg,campus_images_00306_p04.jpg,4.0,0.8626344203948975,945.0,382.0,1079.0,953.0,0.29739583333333336,0.6,success
campus_images_00306.jpg,campus_images_00306_p05.jpg,5.0,0.8465694189071655,596.0,392.0,746.0,864.0,0.24583333333333332,0.6,success
campus_images_00306.jpg,campus_images_00306_p06.jpg,6.0,0.6454047560691833,571.0,413.0,657.0,811.0,0.20729166666666668,0.6,success
campus_images_00306.jpg,campus_images_00306_p07.jpg,7.0,0.4197950065135956,267.0,438.0,380.0,782.0,0.17916666666666667,0.6,success
campus_images_00306.jpg,campus_images_00306_p08.jpg,8.0,0.3913309574127197,915.0,407.0,973.0,520.0,0.058854166666666666,0.6,success
campus_images_00307.jpg,campus_images_00307_p01.jpg,1.0,0.9233106970787048,756.0,406.0,961.0,1037.0,0.32864583333333336,0.6,success
campus_images_00307.jpg,campus_images_00307_p02.jpg,2.0,0.9089243412017822,91.0,326.0,379.0,1125.0,0.4161458333333333,0.6,success
campus_images_00307.jpg,campus_images_00307_p03.jpg,3.0,0.8792828321456909,589.0,392.0,756.0,854.0,0.240625,0.6,success
campus_images_00307.jpg,campus_images_00307_p04.jpg,4.0,0.8624463081359863,933.0,388.0,1080.0,966.0,0.30104166666666665,0.6,success
campus_images_00307.jpg,campus_images_00307_p05.jpg,5.0,0.8599514365196228,429.0,412.0,547.0,764.0,0.18333333333333332,0.6,success
campus_images_00307.jpg,campus_images_00307_p06.jpg,6.0,0.8219850659370422,20.0,366.0,193.0,1072.0,0.36770833333333336,0.6,success
campus_images_00307.jpg,campus_images_00307_p07.jpg,7.0,0.5679585933685303,907.0,404.0,967.0,519.0,0.059895833333333336,0.6,success
campus_images_00308.jpg,campus_images_00308_p01.jpg,1.0,0.9421700239181519,732.0,403.0,951.0,1051.0,0.3375,0.6,success
campus_images_00308.jpg,campus_images_00308_p02.jpg,2.0,0.8997820615768433,133.0,322.0,405.0,1140.0,0.42604166666666665,0.6,success
campus_images_00308.jpg,campus_images_00308_p03.jpg,3.0,0.8514425754547119,920.0,386.0,1079.0,981.0,0.3098958333333333,0.6,success
campus_images_00308.jpg,campus_images_00308_p04.jpg,4.0,0.8412320613861084,407.0,424.0,536.0,775.0,0.1828125,0.6,success
campus_images_00308.jpg,campus_images_00308_p05.jpg,5.0,0.8194583058357239,23.0,369.0,215.0,1102.0,0.38177083333333334,0.6,success
campus_images_00308.jpg,campus_images_00308_p06.jpg,6.0,0.7218259572982788,594.0,403.0,748.0,850.0,0.2328125,0.6,success
campus_images_00308.jpg,campus_images_00308_p07.jpg,7.0,0.5245345234870911,903.0,407.0,958.0,513.0,0.05520833333333333,0.6,success
campus_images_00308.jpg,campus_images_00308_p08.jpg,8.0,0.3577802777290344,594.0,404.0,747.0,850.0,0.23229166666666667,0.6,success
campus_images_00309.jpg,campus_images_00309_p01.jpg,1.0,0.9172499775886536,725.0,397.0,937.0,1054.0,0.3421875,0.6,success
campus_images_00309.jpg,campus_images_00309_p02.jpg,2.0,0.9114333391189575,17.0,366.0,235.0,1115.0,0.39010416666666664,0.6,success
campus_images_00309.jpg,campus_images_00309_p03.jpg,3.0,0.890579879283905,599.0,402.0,748.0,856.0,0.23645833333333333,0.6,success
campus_images_00309.jpg,campus_images_00309_p04.jpg,4.0,0.8755042552947998,908.0,381.0,1079.0,1010.0,0.32760416666666664,0.6,success
campus_images_00309.jpg,campus_images_00309_p05.jpg,5.0,0.8722440004348755,184.0,324.0,472.0,1204.0,0.4583333333333333,0.6,success
campus_images_00309.jpg,campus_images_00309_p06.jpg,6.0,0.720282793045044,398.0,416.0,512.0,772.0,0.18541666666666667,0.6,success
campus_images_00309.jpg,campus_images_00309_p07.jpg,7.0,0.5927584767341614,876.0,412.0,950.0,517.0,0.0546875,0.6,success
campus_images_00310.jpg,campus_images_00310_p01.jpg,1.0,0.9246469736099243,10.0,366.0,249.0,1113.0,0.3890625,0.6,success
campus_images_00310.jpg,campus_images_00310_p02.jpg,2.0,0.9243455529212952,220.0,325.0,506.0,1219.0,0.465625,0.6,success
campus_images_00310.jpg,campus_images_00310_p03.jpg,3.0,0.884939968585968,715.0,402.0,930.0,1101.0,0.3640625,0.6,success
campus_images_00310.jpg,campus_images_00310_p04.jpg,4.0,0.8440393805503845,597.0,405.0,741.0,838.0,0.22552083333333334,0.6,success
campus_images_00310.jpg,campus_images_00310_p05.jpg,5.0,0.7304979562759399,912.0,388.0,1078.0,1049.0,0.34427083333333336,0.6,success
campus_images_00310.jpg,campus_images_00310_p06.jpg,6.0,0.46624627709388733,874.0,409.0,943.0,528.0,0.06197916666666667,0.6,success
campus_images_00311.jpg,campus_images_00311_p01.jpg,1.0,0.9371582269668579,11.0,368.0,287.0,1125.0,0.39427083333333335,0.6,success
campus_images_00311.jpg,campus_images_00311_p02.jpg,2.0,0.9368809461593628,256.0,316.0,554.0,1220.0,0.4708333333333333,0.6,success
campus_images_00311.jpg,campus_images_00311_p03.jpg,3.0,0.929291844367981,717.0,405.0,944.0,1125.0,0.375,0.6,success
campus_images_00311.jpg,campus_images_00311_p04.jpg,4.0,0.8382843136787415,602.0,414.0,742.0,839.0,0.22135416666666666,0.6,success
campus_images_00311.jpg,campus_images_00311_p05.jpg,5.0,0.4777008295059204,881.0,413.0,941.0,538.0,0.06510416666666667,0.6,success
campus_images_00312.jpg,campus_images_00312_p01.jpg,1.0,0.9349843859672546,307.0,305.0,641.0,1246.0,0.4901041666666667,0.6,success
campus_images_00312.jpg,campus_images_00312_p02.jpg,2.0,0.9315657615661621,716.0,398.0,960.0,1127.0,0.3796875,0.6,success
campus_images_00312.jpg,campus_images_00312_p03.jpg,3.0,0.9238728880882263,30.0,383.0,311.0,1172.0,0.4109375,0.6,success
campus_images_00312.jpg,campus_images_00312_p04.jpg,4.0,0.8160019516944885,610.0,419.0,752.0,839.0,0.21875,0.6,success
campus_images_00312.jpg,campus_images_00312_p05.jpg,5.0,0.3408910036087036,330.0,430.0,386.0,544.0,0.059375,0.6,success
campus_images_00313.jpg,campus_images_00313_p01.jpg,1.0,0.9338240027427673,57.0,373.0,327.0,1180.0,0.4203125,0.6,success
campus_images_00313.jpg,campus_images_00313_p02.jpg,2.0,0.9262199401855469,376.0,308.0,716.0,1332.0,0.5333333333333333,0.6,success
campus_images_00313.jpg,campus_images_00313_p03.jpg,3.0,0.9175310134887695,711.0,396.0,956.0,1170.0,0.403125,0.6,success
campus_images_00313.jpg,campus_images_00313_p04.jpg,4.0,0.6558299660682678,634.0,420.0,758.0,840.0,0.21875,0.6,success
campus_images_00314.jpg,campus_images_00314_p01.jpg,1.0,0.9192253351211548,85.0,366.0,370.0,1204.0,0.43645833333333334,0.6,success
campus_images_00314.jpg,campus_images_00314_p02.jpg,2.0,0.9173464179039001,722.0,401.0,956.0,1210.0,0.42135416666666664,0.6,success
campus_images_00314.jpg,campus_images_00314_p03.jpg,3.0,0.888994574546814,439.0,286.0,762.0,1333.0,0.5453125,0.6,success
campus_images_00314.jpg,campus_images_00314_p04.jpg,4.0,0.38070037961006165,5.0,549.0,116.0,862.0,0.16302083333333334,0.6,success
campus_images_00315.jpg,campus_images_00315_p01.jpg,1.0,0.937741219997406,106.0,366.0,421.0,1252.0,0.46145833333333336,0.6,success
campus_images_00315.jpg,campus_images_00315_p02.jpg,2.0,0.9299527406692505,480.0,273.0,846.0,1403.0,0.5885416666666666,0.8,success
campus_images_00315.jpg,campus_images_00315_p03.jpg,3.0,0.8811588287353516,735.0,390.0,934.0,1198.0,0.42083333333333334,0.6,success
campus_images_00315.jpg,campus_images_00315_p04.jpg,4.0,0.8421469330787659,382.0,416.0,569.0,1081.0,0.3463541666666667,0.6,success
campus_images_00315.jpg,campus_images_00315_p05.jpg,5.0,0.6501983404159546,7.0,551.0,133.0,861.0,0.16145833333333334,0.6,success
campus_images_00316.jpg,campus_images_00316_p01.jpg,1.0,0.9268112182617188,123.0,358.0,449.0,1286.0,0.48333333333333334,0.6,success
campus_images_00316.jpg,campus_images_00316_p02.jpg,2.0,0.918268620967865,549.0,275.0,945.0,1487.0,0.63125,0.8,success
campus_images_00316.jpg,campus_images_00316_p03.jpg,3.0,0.8288959860801697,14.0,555.0,137.0,866.0,0.16197916666666667,0.6,success
campus_images_00316.jpg,campus_images_00316_p04.jpg,4.0,0.7925724387168884,402.0,419.0,623.0,1090.0,0.3494791666666667,0.6,success
campus_images_00316.jpg,campus_images_00316_p05.jpg,5.0,0.6070170402526855,887.0,439.0,966.0,561.0,0.06354166666666666,0.6,success
campus_images_00316.jpg,campus_images_00316_p06.jpg,6.0,0.32615214586257935,550.0,466.0,618.0,596.0,0.06770833333333333,0.6,success
campus_images_00316.jpg,campus_images_00316_p07.jpg,7.0,0.32250502705574036,670.0,429.0,725.0,497.0,0.035416666666666666,0.6,success
campus_images_00317.jpg,campus_images_00317_p01.jpg,1.0,0.9202828407287598,142.0,346.0,470.0,1289.0,0.49114583333333334,0.6,success
campus_images_00317.jpg,campus_images_00317_p02.jpg,2.0,0.908990204334259,610.0,256.0,1059.0,1501.0,0.6484375,0.8,success
campus_images_00317.jpg,campus_images_00317_p03.jpg,3.0,0.823174774646759,11.0,559.0,134.0,870.0,0.16197916666666667,0.6,success
campus_images_00317.jpg,campus_images_00317_p04.jpg,4.0,0.819004476070404,429.0,426.0,680.0,1112.0,0.3572916666666667,0.6,success
campus_images_00317.jpg,campus_images_00317_p05.jpg,5.0,0.49482908844947815,954.0,392.0,1080.0,681.0,0.15052083333333333,0.6,success
campus_images_00317.jpg,campus_images_00317_p06.jpg,6.0,0.46671342849731445,628.0,433.0,720.0,597.0,0.08541666666666667,0.6,success
campus_images_00318.jpg,campus_images_00318_p01.jpg,1.0,0.9021827578544617,172.0,345.0,541.0,1306.0,0.5005208333333333,0.6,success
campus_images_00318.jpg,campus_images_00318_p02.jpg,2.0,0.8823623061180115,711.0,239.0,1079.0,1487.0,0.65,0.8,success
campus_images_00318.jpg,campus_images_00318_p03.jpg,3.0,0.8294749855995178,460.0,423.0,675.0,1126.0,0.36614583333333334,0.6,success
campus_images_00318.jpg,campus_images_00318_p04.jpg,4.0,0.8182158470153809,5.0,566.0,134.0,873.0,0.15989583333333332,0.6,success
campus_images_00318.jpg,campus_images_00318_p05.jpg,5.0,0.43065667152404785,118.0,454.0,226.0,860.0,0.21145833333333333,0.6,success
campus_images_00318.jpg,campus_images_00318_p06.jpg,6.0,0.37848758697509766,623.0,436.0,749.0,632.0,0.10208333333333333,0.6,success
campus_images_00319.jpg,campus_images_00319_p01.jpg,1.0,0.9434226751327515,219.0,348.0,566.0,1349.0,0.5213541666666667,0.6,success
campus_images_00319.jpg,campus_images_00319_p02.jpg,2.0,0.8440381288528442,737.0,234.0,1080.0,1508.0,0.6635416666666667,0.8,success
campus_images_00319.jpg,campus_images_00319_p03.jpg,3.0,0.8378391265869141,3.0,568.0,139.0,871.0,0.1578125,0.6,success
campus_images_00319.jpg,campus_images_00319_p04.jpg,4.0,0.6406582593917847,108.0,449.0,234.0,870.0,0.21927083333333333,0.6,success
campus_images_00319.jpg,campus_images_00319_p05.jpg,5.0,0.5926300287246704,639.0,442.0,749.0,656.0,0.11145833333333334,0.6,success
campus_images_00319.jpg,campus_images_00319_p06.jpg,6.0,0.42541420459747314,731.0,459.0,787.0,579.0,0.0625,0.6,success
campus_images_00319.jpg,campus_images_00319_p07.jpg,7.0,0.3690038025379181,740.0,383.0,963.0,641.0,0.134375,0.6,success
campus_images_00319.jpg,campus_images_00319_p08.jpg,8.0,0.3304404020309448,479.0,414.0,725.0,1140.0,0.378125,0.6,success
campus_images_00320.jpg,campus_images_00320_p01.jpg,1.0,0.9093935489654541,264.0,338.0,567.0,1356.0,0.5302083333333333,0.6,success
campus_images_00320.jpg,campus_images_00320_p02.jpg,2.0,0.885934591293335,521.0,424.0,739.0,1202.0,0.40520833333333334,0.6,success
campus_images_00320.jpg,campus_images_00320_p03.jpg,3.0,0.8563488125801086,722.0,379.0,996.0,1381.0,0.521875,0.6,success
campus_images_00320.jpg,campus_images_00320_p04.jpg,4.0,0.7521256804466248,64.0,460.0,242.0,876.0,0.21666666666666667,0.6,success
campus_images_00320.jpg,campus_images_00320_p05.jpg,5.0,0.6821249723434448,8.0,570.0,115.0,874.0,0.15833333333333333,0.6,success
campus_images_00320.jpg,campus_images_00320_p06.jpg,6.0,0.47210174798965454,782.0,423.0,1080.0,1511.0,0.5666666666666667,0.8,success
campus_images_00320.jpg,campus_images_00320_p07.jpg,7.0,0.34898892045021057,732.0,468.0,788.0,592.0,0.06458333333333334,0.6,success
campus_images_00321.jpg,campus_images_00321_p01.jpg,1.0,0.8930966854095459,553.0,423.0,741.0,1247.0,0.42916666666666664,0.6,success
campus_images_00321.jpg,campus_images_00321_p02.jpg,2.0,0.8912365436553955,715.0,377.0,1006.0,1433.0,0.55,0.8,success
campus_images_00321.jpg,campus_images_00321_p03.jpg,3.0,0.8177749514579773,9.0,470.0,228.0,886.0,0.21666666666666667,0.6,success
campus_images_00321.jpg,campus_images_00321_p04.jpg,4.0,0.786198616027832,306.0,327.0,617.0,1379.0,0.5479166666666667,0.6,success
campus_images_00321.jpg,campus_images_00321_p05.jpg,5.0,0.5378597974777222,197.0,477.0,324.0,876.0,0.2078125,0.6,success
campus_images_00321.jpg,campus_images_00321_p06.jpg,6.0,0.5290094017982483,729.0,471.0,790.0,601.0,0.06770833333333333,0.6,success
campus_images_00322.jpg,campus_images_00322_p01.jpg,1.0,0.9291418790817261,336.0,325.0,615.0,1466.0,0.5942708333333333,0.8,success
campus_images_00322.jpg,campus_images_00322_p02.jpg,2.0,0.9127002358436584,713.0,372.0,1059.0,1428.0,0.55,0.8,success
campus_images_00322.jpg,campus_images_00322_p03.jpg,3.0,0.8653492331504822,572.0,410.0,743.0,1249.0,0.43697916666666664,0.6,success
campus_images_00322.jpg,campus_images_00322_p04.jpg,4.0,0.8189504146575928,1.0,472.0,145.0,888.0,0.21666666666666667,0.6,success
campus_images_00322.jpg,campus_images_00322_p05.jpg,5.0,0.6992000341415405,89.0,544.0,223.0,855.0,0.16197916666666667,0.6,success
campus_images_00322.jpg,campus_images_00322_p06.jpg,6.0,0.6726192235946655,205.0,485.0,322.0,843.0,0.18645833333333334,0.6,success
campus_images_00322.jpg,campus_images_00322_p07.jpg,7.0,0.41775691509246826,737.0,472.0,790.0,578.0,0.05520833333333333,0.6,success
campus_images_00323.jpg,campus_images_00323_p01.jpg,1.0,0.9157655239105225,726.0,370.0,1073.0,1438.0,0.55625,0.8,success
campus_images_00323.jpg,campus_images_00323_p02.jpg,2.0,0.898227334022522,370.0,317.0,627.0,1486.0,0.6088541666666667,0.8,success
campus_images_00323.jpg,campus_images_00323_p03.jpg,3.0,0.8171948194503784,109.0,544.0,228.0,854.0,0.16145833333333334,0.6,success
campus_images_00323.jpg,campus_images_00323_p04.jpg,4.0,0.7766247391700745,592.0,404.0,771.0,1220.0,0.425,0.6,success
campus_images_00323.jpg,campus_images_00323_p05.jpg,5.0,0.696072518825531,213.0,501.0,322.0,835.0,0.17395833333333333,0.6,success
campus_images_00323.jpg,campus_images_00323_p06.jpg,6.0,0.5462441444396973,0.0,521.0,127.0,892.0,0.19322916666666667,0.6,success
campus_images_00323.jpg,campus_images_00323_p07.jpg,7.0,0.36212122440338135,989.0,414.0,1080.0,1388.0,0.5072916666666667,0.6,success
campus_images_00324.jpg,campus_images_00324_p01.jpg,1.0,0.9310895800590515,756.0,371.0,1080.0,1547.0,0.6125,0.8,success
campus_images_00324.jpg,campus_images_00324_p02.jpg,2.0,0.8726614117622375,398.0,308.0,661.0,1495.0,0.6182291666666667,0.8,success
campus_images_00324.jpg,campus_images_00324_p03.jpg,3.0,0.7990307211875916,618.0,403.0,800.0,1283.0,0.4583333333333333,0.6,success
campus_images_00324.jpg,campus_images_00324_p04.jpg,4.0,0.7703981399536133,210.0,501.0,322.0,830.0,0.17135416666666667,0.6,success
campus_images_00324.jpg,campus_images_00324_p05.jpg,5.0,0.7426789999008179,116.0,545.0,235.0,854.0,0.1609375,0.6,success
campus_images_00324.jpg,campus_images_00324_p06.jpg,6.0,0.35784217715263367,37.0,569.0,152.0,886.0,0.16510416666666666,0.6,success
campus_images_00325.jpg,campus_images_00325_p01.jpg,1.0,0.9251707196235657,793.0,371.0,1080.0,1584.0,0.6317708333333333,0.8,success
campus_images_00325.jpg,campus_images_00325_p02.jpg,2.0,0.8991561532020569,429.0,301.0,683.0,1487.0,0.6177083333333333,0.8,success
campus_images_00325.jpg,campus_images_00325_p03.jpg,3.0,0.8319084644317627,635.0,407.0,836.0,1303.0,0.4666666666666667,0.6,success
campus_images_00325.jpg,campus_images_00325_p04.jpg,4.0,0.7706953883171082,42.0,577.0,162.0,887.0,0.16145833333333334,0.6,success
campus_images_00325.jpg,campus_images_00325_p05.jpg,5.0,0.7634288668632507,203.0,503.0,322.0,846.0,0.17864583333333334,0.6,success
campus_images_00325.jpg,campus_images_00325_p06.jpg,6.0,0.7305219769477844,121.0,549.0,240.0,854.0,0.15885416666666666,0.6,success
campus_images_00326.jpg,campus_images_00326_p01.jpg,1.0,0.9101459980010986,452.0,293.0,706.0,1487.0,0.621875,0.8,success
campus_images_00326.jpg,campus_images_00326_p02.jpg,2.0,0.9035223722457886,832.0,361.0,1080.0,1593.0,0.6416666666666667,0.8,success
campus_images_00326.jpg,campus_images_00326_p03.jpg,3.0,0.8376946449279785,643.0,406.0,845.0,1298.0,0.46458333333333335,0.6,success
campus_images_00326.jpg,campus_images_00326_p04.jpg,4.0,0.791837751865387,197.0,507.0,325.0,837.0,0.171875,0.6,success
campus_images_00326.jpg,campus_images_00326_p05.jpg,5.0,0.7373901605606079,133.0,552.0,246.0,855.0,0.1578125,0.6,success
campus_images_00326.jpg,campus_images_00326_p06.jpg,6.0,0.5304135084152222,48.0,574.0,170.0,878.0,0.15833333333333333,0.6,success
campus_images_00326.jpg,campus_images_00326_p07.jpg,7.0,0.5193051695823669,47.0,574.0,166.0,884.0,0.16145833333333334,0.6,success
campus_images_00326.jpg,campus_images_00326_p08.jpg,8.0,0.36168569326400757,871.0,447.0,969.0,615.0,0.0875,0.6,success
campus_images_00327.jpg,campus_images_00327_p01.jpg,1.0,0.835813581943512,471.0,305.0,723.0,1492.0,0.6182291666666667,0.8,success
campus_images_00327.jpg,campus_images_00327_p02.jpg,2.0,0.8229694962501526,55.0,581.0,175.0,889.0,0.16041666666666668,0.6,success
campus_images_00327.jpg,campus_images_00327_p03.jpg,3.0,0.8207445740699768,206.0,499.0,330.0,846.0,0.18072916666666666,0.6,success
campus_images_00327.jpg,campus_images_00327_p04.jpg,4.0,0.7912412285804749,635.0,404.0,856.0,1336.0,0.48541666666666666,0.6,success
campus_images_00327.jpg,campus_images_00327_p05.jpg,5.0,0.766288161277771,864.0,411.0,1080.0,1746.0,0.6953125,0.8,success
campus_images_00327.jpg,campus_images_00327_p06.jpg,6.0,0.7389090061187744,141.0,558.0,257.0,864.0,0.159375,0.6,success
campus_images_00327.jpg,campus_images_00327_p07.jpg,7.0,0.5589496493339539,902.0,454.0,988.0,657.0,0.10572916666666667,0.6,success
campus_images_00328.jpg,campus_images_00328_p01.jpg,1.0,0.8793546557426453,477.0,311.0,739.0,1508.0,0.6234375,0.8,success
campus_images_00328.jpg,campus_images_00328_p02.jpg,2.0,0.8434937000274658,45.0,590.0,181.0,890.0,0.15625,0.6,success
campus_images_00328.jpg,campus_images_00328_p03.jpg,3.0,0.8221325278282166,659.0,404.0,878.0,1379.0,0.5078125,0.6,success
campus_images_00328.jpg,campus_images_00328_p04.jpg,4.0,0.7830612659454346,918.0,459.0,1005.0,712.0,0.13177083333333334,0.6,success
campus_images_00328.jpg,campus_images_00328_p05.jpg,5.0,0.7276187539100647,149.0,556.0,260.0,867.0,0.16197916666666667,0.6,success
campus_images_00328.jpg,campus_images_00328_p06.jpg,6.0,0.7106665372848511,199.0,515.0,333.0,850.0,0.17447916666666666,0.6,success
campus_images_00328.jpg,campus_images_00328_p07.jpg,7.0,0.4123861789703369,915.0,505.0,1080.0,1601.0,0.5708333333333333,0.8,success
campus_images_00329.jpg,campus_images_00329_p01.jpg,1.0,0.8506877422332764,481.0,317.0,758.0,1510.0,0.6213541666666667,0.8,success
campus_images_00329.jpg,campus_images_00329_p02.jpg,2.0,0.8470690846443176,38.0,597.0,172.0,897.0,0.15625,0.6,success
campus_images_00329.jpg,campus_images_00329_p03.jpg,3.0,0.8355651497840881,668.0,424.0,903.0,1353.0,0.48385416666666664,0.6,success
campus_images_00329.jpg,campus_images_00329_p04.jpg,4.0,0.8035300374031067,921.0,466.0,1027.0,750.0,0.14791666666666667,0.6,success
campus_images_00329.jpg,campus_images_00329_p05.jpg,5.0,0.6897498369216919,201.0,518.0,330.0,852.0,0.17395833333333333,0.6,success
campus_images_00329.jpg,campus_images_00329_p06.jpg,6.0,0.6621384024620056,157.0,560.0,262.0,872.0,0.1625,0.6,success
campus_images_00329.jpg,campus_images_00329_p07.jpg,7.0,0.6280679702758789,863.0,496.0,937.0,742.0,0.128125,0.6,success
campus_images_00330.jpg,campus_images_00330_p01.jpg,1.0,0.8826361298561096,475.0,336.0,772.0,1527.0,0.6203125,0.8,success
campus_images_00330.jpg,campus_images_00330_p02.jpg,2.0,0.882483184337616,39.0,598.0,172.0,902.0,0.15833333333333333,0.6,success
campus_images_00330.jpg,campus_images_00330_p03.jpg,3.0,0.8000580072402954,941.0,472.0,1052.0,778.0,0.159375,0.6,success
campus_images_00330.jpg,campus_images_00330_p04.jpg,4.0,0.7949302792549133,687.0,434.0,905.0,1382.0,0.49375,0.6,success
campus_images_00330.jpg,campus_images_00330_p05.jpg,5.0,0.7833417654037476,205.0,527.0,329.0,858.0,0.17239583333333333,0.6,success
campus_images_00330.jpg,campus_images_00330_p06.jpg,6.0,0.7556072473526001,150.0,568.0,259.0,873.0,0.15885416666666666,0.6,success
campus_images_00330.jpg,campus_images_00330_p07.jpg,7.0,0.7361831665039062,880.0,498.0,965.0,750.0,0.13125,0.6,success
campus_images_00330.jpg,campus_images_00330_p08.jpg,8.0,0.4456460773944855,149.0,574.0,258.0,875.0,0.15677083333333333,0.6,success
campus_images_00331.jpg,campus_images_00331_p01.jpg,1.0,0.8928914666175842,476.0,350.0,811.0,1533.0,0.6161458333333333,0.8,success
campus_images_00331.jpg,campus_images_00331_p02.jpg,2.0,0.8885791897773743,45.0,605.0,173.0,909.0,0.15833333333333333,0.6,success
campus_images_00331.jpg,campus_images_00331_p03.jpg,3.0,0.8621340394020081,694.0,438.0,957.0,1516.0,0.5614583333333333,0.8,success
campus_images_00331.jpg,campus_images_00331_p04.jpg,4.0,0.8322427868843079,971.0,470.0,1077.0,793.0,0.16822916666666668,0.6,success
campus_images_00331.jpg,campus_images_00331_p05.jpg,5.0,0.7825456857681274,897.0,502.0,982.0,746.0,0.12708333333333333,0.6,success
campus_images_00331.jpg,campus_images_00331_p06.jpg,6.0,0.7780562043190002,153.0,572.0,260.0,877.0,0.15885416666666666,0.6,success
campus_images_00331.jpg,campus_images_00331_p07.jpg,7.0,0.7344459295272827,208.0,529.0,328.0,858.0,0.17135416666666667,0.6,success
campus_images_00331.jpg,campus_images_00331_p08.jpg,8.0,0.3229526877403259,571.0,492.0,633.0,610.0,0.06145833333333333,0.6,success
campus_images_00332.jpg,campus_images_00332_p01.jpg,1.0,0.8872469663619995,50.0,606.0,180.0,913.0,0.15989583333333332,0.6,success
campus_images_00332.jpg,campus_images_00332_p02.jpg,2.0,0.8311401009559631,564.0,506.0,661.0,697.0,0.09947916666666666,0.6,success
campus_images_00332.jpg,campus_images_00332_p03.jpg,3.0,0.8300046324729919,160.0,577.0,266.0,882.0,0.15885416666666666,0.6,success
campus_images_00332.jpg,campus_images_00332_p04.jpg,4.0,0.8287621736526489,484.0,362.0,1012.0,1560.0,0.6239583333333333,0.8,success
campus_images_00332.jpg,campus_images_00332_p05.jpg,5.0,0.8172123432159424,974.0,486.0,1080.0,798.0,0.1625,0.6,success
campus_images_00332.jpg,campus_images_00332_p06.jpg,6.0,0.6849147081375122,215.0,537.0,332.0,864.0,0.1703125,0.6,success
campus_images_00332.jpg,campus_images_00332_p07.jpg,7.0,0.4115832448005676,917.0,515.0,1001.0,751.0,0.12291666666666666,0.6,success
campus_images_00332.jpg,campus_images_00332_p08.jpg,8.0,0.3628038465976715,654.0,425.0,721.0,610.0,0.09635416666666667,0.6,success
campus_images_00333.jpg,campus_images_00333_p01.jpg,1.0,0.8979130387306213,519.0,353.0,1032.0,1579.0,0.6385416666666667,0.8,success
campus_images_00333.jpg,campus_images_00333_p02.jpg,2.0,0.8752228021621704,58.0,616.0,190.0,919.0,0.1578125,0.6,success
campus_images_00333.jpg,campus_images_00333_p03.jpg,3.0,0.8394274711608887,553.0,514.0,659.0,844.0,0.171875,0.6,success
campus_images_00333.jpg,campus_images_00333_p04.jpg,4.0,0.8263881206512451,162.0,580.0,271.0,887.0,0.15989583333333332,0.6,success
campus_images_00333.jpg,campus_images_00333_p05.jpg,5.0,0.3288773000240326,997.0,548.0,1080.0,809.0,0.1359375,0.6,success
campus_images_00334.jpg,campus_images_00334_p01.jpg,1.0,0.9165847301483154,688.0,361.0,1079.0,1607.0,0.6489583333333333,0.8,success
campus_images_00334.jpg,campus_images_00334_p02.jpg,2.0,0.8648199439048767,529.0,527.0,645.0,843.0,0.16458333333333333,0.6,success
campus_images_00334.jpg,campus_images_00334_p03.jpg,3.0,0.8396856784820557,58.0,624.0,187.0,925.0,0.15677083333333333,0.6,success
campus_images_00334.jpg,campus_images_00334_p04.jpg,4.0,0.8387163877487183,157.0,596.0,274.0,900.0,0.15833333333333333,0.6,success
campus_images_00335.jpg,campus_images_00335_p01.jpg,1.0,0.9103338122367859,817.0,369.0,1080.0,1739.0,0.7135416666666666,0.8,success
campus_images_00335.jpg,campus_images_00335_p02.jpg,2.0,0.8842344284057617,523.0,534.0,637.0,852.0,0.165625,0.6,success
campus_images_00335.jpg,campus_images_00335_p03.jpg,3.0,0.801503598690033,67.0,632.0,183.0,929.0,0.1546875,0.6,success
campus_images_00335.jpg,campus_images_00335_p04.jpg,4.0,0.7845707535743713,165.0,599.0,274.0,905.0,0.159375,0.6,success
campus_images_00336.jpg,campus_images_00336_p01.jpg,1.0,0.8859300017356873,508.0,538.0,611.0,849.0,0.16197916666666667,0.6,success
campus_images_00336.jpg,campus_images_00336_p02.jpg,2.0,0.8351550698280334,61.0,639.0,182.0,936.0,0.1546875,0.6,success
campus_images_00336.jpg,campus_images_00336_p03.jpg,3.0,0.8037519454956055,838.0,561.0,915.0,771.0,0.109375,0.6,success
campus_images_00336.jpg,campus_images_00336_p04.jpg,4.0,0.7618615031242371,157.0,608.0,270.0,912.0,0.15833333333333333,0.6,success
campus_images_00336.jpg,campus_images_00336_p05.jpg,5.0,0.7402475476264954,827.0,425.0,1080.0,1729.0,0.6791666666666667,0.8,success
campus_images_00336.jpg,campus_images_00336_p06.jpg,6.0,0.6572645902633667,221.0,562.0,330.0,890.0,0.17083333333333334,0.6,success
campus_images_00336.jpg,campus_images_00336_p07.jpg,7.0,0.5494531393051147,901.0,555.0,989.0,728.0,0.09010416666666667,0.6,success
campus_images_00337.jpg,campus_images_00337_p01.jpg,1.0,0.8652539849281311,503.0,549.0,601.0,856.0,0.15989583333333332,0.6,success
campus_images_00337.jpg,campus_images_00337_p02.jpg,2.0,0.8545093536376953,57.0,637.0,178.0,941.0,0.15833333333333333,0.6,success
campus_images_00337.jpg,campus_images_00337_p03.jpg,3.0,0.8008096218109131,152.0,612.0,267.0,913.0,0.15677083333333333,0.6,success
campus_images_00337.jpg,campus_images_00337_p04.jpg,4.0,0.7606645822525024,823.0,571.0,899.0,793.0,0.115625,0.6,success
campus_images_00337.jpg,campus_images_00337_p05.jpg,5.0,0.7260302305221558,218.0,568.0,328.0,894.0,0.16979166666666667,0.6,success
campus_images_00337.jpg,campus_images_00337_p06.jpg,6.0,0.478799432516098,833.0,648.0,1080.0,1496.0,0.44166666666666665,0.6,success
campus_images_00337.jpg,campus_images_00337_p07.jpg,7.0,0.3411095142364502,890.0,557.0,947.0,772.0,0.11197916666666667,0.6,success
campus_images_00338.jpg,campus_images_00338_p01.jpg,1.0,0.8929009437561035,495.0,550.0,593.0,860.0,0.16145833333333334,0.6,success
campus_images_00338.jpg,campus_images_00338_p02.jpg,2.0,0.8256331086158752,800.0,568.0,891.0,797.0,0.11927083333333334,0.6,success
campus_images_00338.jpg,campus_images_00338_p03.jpg,3.0,0.8108513355255127,62.0,641.0,174.0,940.0,0.15572916666666667,0.6,success
campus_images_00338.jpg,campus_images_00338_p04.jpg,4.0,0.7837125062942505,151.0,615.0,258.0,919.0,0.15833333333333333,0.6,success
campus_images_00338.jpg,campus_images_00338_p05.jpg,5.0,0.7544267773628235,936.0,569.0,1027.0,817.0,0.12916666666666668,0.6,success
campus_images_00338.jpg,campus_images_00338_p06.jpg,6.0,0.5828222036361694,209.0,573.0,324.0,897.0,0.16875,0.6,success
campus_images_00338.jpg,campus_images_00338_p07.jpg,7.0,0.5682471394538879,884.0,563.0,947.0,744.0,0.09427083333333333,0.6,success
campus_images_00338.jpg,campus_images_00338_p08.jpg,8.0,0.32408004999160767,0.0,596.0,122.0,1583.0,0.5140625,0.6,success
campus_images_00339.jpg,campus_images_00339_p01.jpg,1.0,0.8821097612380981,494.0,558.0,587.0,867.0,0.1609375,0.6,success
campus_images_00339.jpg,campus_images_00339_p02.jpg,2.0,0.7969765067100525,0.0,425.0,180.0,1422.0,0.5192708333333333,0.6,success
campus_images_00339.jpg,campus_images_00339_p03.jpg,3.0,0.7837926149368286,783.0,583.0,872.0,807.0,0.11666666666666667,0.6,success
campus_images_00339.jpg,campus_images_00339_p04.jpg,4.0,0.7733601331710815,944.0,580.0,1035.0,834.0,0.13229166666666667,0.6,success
campus_images_00339.jpg,campus_images_00339_p05.jpg,5.0,0.746513843536377,144.0,624.0,254.0,922.0,0.15520833333333334,0.6,success
campus_images_00339.jpg,campus_images_00339_p06.jpg,6.0,0.6613503098487854,876.0,570.0,939.0,759.0,0.0984375,0.6,success
campus_images_00339.jpg,campus_images_00339_p07.jpg,7.0,0.4517360329627991,199.0,572.0,320.0,903.0,0.17239583333333333,0.6,success
campus_images_00339.jpg,campus_images_00339_p08.jpg,8.0,0.37637171149253845,1003.0,828.0,1080.0,1176.0,0.18125,0.6,success
campus_images_00339.jpg,campus_images_00339_p09.jpg,9.0,0.335948646068573,1032.0,587.0,1080.0,741.0,0.08020833333333334,0.6,success
campus_images_00340.jpg,campus_images_00340_p01.jpg,1.0,0.8813952803611755,0.0,421.0,376.0,1448.0,0.5348958333333333,0.6,success
campus_images_00340.jpg,campus_images_00340_p02.jpg,2.0,0.873750627040863,490.0,561.0,583.0,863.0,0.15729166666666666,0.6,success
campus_images_00340.jpg,campus_images_00340_p03.jpg,3.0,0.8038786053657532,771.0,590.0,868.0,822.0,0.12083333333333333,0.6,success
campus_images_00340.jpg,campus_images_00340_p04.jpg,4.0,0.6495553851127625,141.0,625.0,254.0,921.0,0.15416666666666667,0.6,success
campus_images_00340.jpg,campus_images_00340_p05.jpg,5.0,0.6223486065864563,869.0,576.0,937.0,757.0,0.09427083333333333,0.6,success
campus_images_00340.jpg,campus_images_00340_p06.jpg,6.0,0.4394497871398926,196.0,570.0,321.0,905.0,0.17447916666666666,0.6,success
campus_images_00340.jpg,campus_images_00340_p07.jpg,7.0,0.3569653332233429,950.0,589.0,997.0,745.0,0.08125,0.6,success
campus_images_00341.jpg,campus_images_00341_p01.jpg,1.0,0.9145527482032776,0.0,427.0,418.0,1540.0,0.5796875,0.8,success
campus_images_00341.jpg,campus_images_00341_p02.jpg,2.0,0.8765096068382263,748.0,590.0,848.0,824.0,0.121875,0.6,success
campus_images_00341.jpg,campus_images_00341_p03.jpg,3.0,0.8606346249580383,485.0,559.0,579.0,859.0,0.15625,0.6,success
campus_images_00341.jpg,campus_images_00341_p04.jpg,4.0,0.7235269546508789,947.0,480.0,1080.0,1147.0,0.34739583333333335,0.6,success
campus_images_00341.jpg,campus_images_00341_p05.jpg,5.0,0.7229869365692139,869.0,577.0,935.0,758.0,0.09427083333333333,0.6,success
campus_images_00341.jpg,campus_images_00341_p06.jpg,6.0,0.469414085149765,949.0,587.0,1015.0,745.0,0.08229166666666667,0.6,success
campus_images_00342.jpg,campus_images_00342_p01.jpg,1.0,0.8868985772132874,19.0,426.0,417.0,1455.0,0.5359375,0.6,success
campus_images_00342.jpg,campus_images_00342_p02.jpg,2.0,0.8844407200813293,730.0,595.0,829.0,845.0,0.13020833333333334,0.6,success
campus_images_00342.jpg,campus_images_00342_p03.jpg,3.0,0.8792970180511475,923.0,478.0,1080.0,1153.0,0.3515625,0.6,success
campus_images_00342.jpg,campus_images_00342_p04.jpg,4.0,0.8673423528671265,477.0,570.0,569.0,864.0,0.153125,0.6,success
campus_images_00342.jpg,campus_images_00342_p05.jpg,5.0,0.6207246780395508,863.0,581.0,927.0,765.0,0.09583333333333334,0.6,success
campus_images_00343.jpg,campus_images_00343_p01.jpg,1.0,0.9127234816551208,108.0,430.0,411.0,1480.0,0.546875,0.6,success
campus_images_00343.jpg,campus_images_00343_p02.jpg,2.0,0.896111011505127,884.0,497.0,1078.0,1156.0,0.34322916666666664,0.6,success
campus_images_00343.jpg,campus_images_00343_p03.jpg,3.0,0.8868910074234009,464.0,572.0,558.0,867.0,0.15364583333333334,0.6,success
campus_images_00343.jpg,campus_images_00343_p04.jpg,4.0,0.8536282181739807,712.0,600.0,807.0,851.0,0.13072916666666667,0.6,success
campus_images_00343.jpg,campus_images_00343_p05.jpg,5.0,0.7822738289833069,21.0,659.0,123.0,956.0,0.1546875,0.6,success
campus_images_00343.jpg,campus_images_00343_p06.jpg,6.0,0.48318687081336975,853.0,588.0,938.0,766.0,0.09270833333333334,0.6,success
campus_images_00344.jpg,campus_images_00344_p01.jpg,1.0,0.880615234375,138.0,428.0,435.0,1540.0,0.5791666666666667,0.8,success
campus_images_00344.jpg,campus_images_00344_p02.jpg,2.0,0.868373692035675,460.0,573.0,553.0,860.0,0.14947916666666666,0.6,success
campus_images_00344.jpg,campus_images_00344_p03.jpg,3.0,0.8675577640533447,693.0,599.0,790.0,854.0,0.1328125,0.6,success
campus_images_00344.jpg,campus_images_00344_p04.jpg,4.0,0.8448760509490967,859.0,509.0,1065.0,1144.0,0.3307291666666667,0.6,success
campus_images_00344.jpg,campus_images_00344_p05.jpg,5.0,0.8418792486190796,17.0,656.0,155.0,958.0,0.15729166666666666,0.6,success
campus_images_00345.jpg,campus_images_00345_p01.jpg,1.0,0.8979668617248535,822.0,500.0,1039.0,1102.0,0.31354166666666666,0.6,success
campus_images_00345.jpg,campus_images_00345_p02.jpg,2.0,0.870750367641449,173.0,429.0,607.0,1528.0,0.5723958333333333,0.8,success
campus_images_00345.jpg,campus_images_00345_p03.jpg,3.0,0.8362710475921631,455.0,571.0,555.0,860.0,0.15052083333333333,0.6,success
campus_images_00345.jpg,campus_images_00345_p04.jpg,4.0,0.8223111033439636,21.0,655.0,147.0,955.0,0.15625,0.6,success
campus_images_00345.jpg,campus_images_00345_p05.jpg,5.0,0.8170628547668457,663.0,603.0,780.0,853.0,0.13020833333333334,0.6,success
campus_images_00345.jpg,campus_images_00345_p06.jpg,6.0,0.34172171354293823,134.0,625.0,205.0,939.0,0.16354166666666667,0.6,success
campus_images_00346.jpg,campus_images_00346_p01.jpg,1.0,0.9342142939567566,226.0,428.0,686.0,1552.0,0.5854166666666667,0.8,success
campus_images_00346.jpg,campus_images_00346_p02.jpg,2.0,0.9108791947364807,796.0,499.0,997.0,1090.0,0.3078125,0.6,success
campus_images_00346.jpg,campus_images_00346_p03.jpg,3.0,0.847752034664154,22.0,651.0,146.0,956.0,0.15885416666666666,0.6,success
campus_images_00346.jpg,campus_images_00346_p04.jpg,4.0,0.8330360651016235,649.0,598.0,756.0,854.0,0.13333333333333333,0.6,success
campus_images_00346.jpg,campus_images_00346_p05.jpg,5.0,0.8313258290290833,460.0,570.0,556.0,857.0,0.14947916666666666,0.6,success
campus_images_00346.jpg,campus_images_00346_p06.jpg,6.0,0.6798503398895264,129.0,630.0,218.0,935.0,0.15885416666666666,0.6,success
campus_images_00346.jpg,campus_images_00346_p07.jpg,7.0,0.4507167339324951,191.0,600.0,273.0,959.0,0.18697916666666667,0.6,success
campus_images_00347.jpg,campus_images_00347_p01.jpg,1.0,0.89936763048172,736.0,507.0,947.0,1082.0,0.2994791666666667,0.6,success
campus_images_00347.jpg,campus_images_00347_p02.jpg,2.0,0.865795910358429,244.0,432.0,679.0,1568.0,0.5916666666666667,0.8,success
campus_images_00347.jpg,campus_images_00347_p03.jpg,3.0,0.8455992341041565,636.0,598.0,730.0,859.0,0.1359375,0.6,success
campus_images_00347.jpg,campus_images_00347_p04.jpg,4.0,0.8155242204666138,18.0,659.0,143.0,955.0,0.15416666666666667,0.6,success
campus_images_00347.jpg,campus_images_00347_p05.jpg,5.0,0.7477291226387024,119.0,632.0,236.0,931.0,0.15572916666666667,0.6,success
campus_images_00347.jpg,campus_images_00347_p06.jpg,6.0,0.5087962746620178,185.0,561.0,287.0,920.0,0.18697916666666667,0.6,success
campus_images_00347.jpg,campus_images_00347_p07.jpg,7.0,0.36659714579582214,952.0,580.0,993.0,775.0,0.1015625,0.6,success
campus_images_00347.jpg,campus_images_00347_p08.jpg,8.0,0.31623294949531555,1022.0,617.0,1080.0,912.0,0.15364583333333334,0.6,success
campus_images_00348.jpg,campus_images_00348_p01.jpg,1.0,0.7537896037101746,485.0,677.0,609.0,925.0,0.12916666666666668,0.6,success
campus_images_00348.jpg,campus_images_00348_p02.jpg,2.0,0.6774131655693054,352.0,677.0,486.0,941.0,0.1375,0.6,success
campus_images_00348.jpg,campus_images_00348_p03.jpg,3.0,0.6380196213722229,209.0,726.0,320.0,951.0,0.1171875,0.6,success
campus_images_00348.jpg,campus_images_00348_p04.jpg,4.0,0.5183449983596802,70.0,634.0,109.0,745.0,0.0578125,0.6,success
campus_images_00348.jpg,campus_images_00348_p05.jpg,5.0,0.33444562554359436,0.0,615.0,66.0,857.0,0.12604166666666666,0.6,success
campus_images_00349.jpg,campus_images_00349_p01.jpg,1.0,0.8125861287117004,348.0,684.0,457.0,949.0,0.13802083333333334,0.6,success
campus_images_00349.jpg,campus_images_00349_p02.jpg,2.0,0.5792330503463745,454.0,690.0,582.0,938.0,0.12916666666666668,0.6,success
campus_images_00349.jpg,campus_images_00349_p03.jpg,3.0,0.5475380420684814,197.0,659.0,244.0,783.0,0.06458333333333334,0.6,success
campus_images_00349.jpg,campus_images_00349_p04.jpg,4.0,0.545518159866333,204.0,732.0,331.0,959.0,0.11822916666666666,0.6,success
campus_images_00349.jpg,campus_images_00349_p05.jpg,5.0,0.35882824659347534,940.0,535.0,1080.0,1064.0,0.2755208333333333,0.6,success
campus_images_00350.jpg,campus_images_00350_p01.jpg,1.0,0.8153037428855896,437.0,692.0,555.0,942.0,0.13020833333333334,0.6,success
campus_images_00350.jpg,campus_images_00350_p02.jpg,2.0,0.7735335826873779,303.0,688.0,445.0,958.0,0.140625,0.6,success
campus_images_00350.jpg,campus_images_00350_p03.jpg,3.0,0.7100046873092651,184.0,669.0,233.0,791.0,0.06354166666666666,0.6,success
campus_images_00350.jpg,campus_images_00350_p04.jpg,4.0,0.6654757261276245,232.0,715.0,316.0,962.0,0.12864583333333332,0.6,success
campus_images_00350.jpg,campus_images_00350_p05.jpg,5.0,0.5704977512359619,21.0,650.0,57.0,756.0,0.05520833333333333,0.6,success
campus_images_00350.jpg,campus_images_00350_p06.jpg,6.0,0.5339345335960388,939.0,459.0,1080.0,1066.0,0.31614583333333335,0.6,success
campus_images_00350.jpg,campus_images_00350_p07.jpg,7.0,0.3099214434623718,903.0,719.0,949.0,868.0,0.07760416666666667,0.6,success
campus_images_00351.jpg,campus_images_00351_p01.jpg,1.0,0.9131267666816711,888.0,467.0,1080.0,1059.0,0.30833333333333335,0.6,success
campus_images_00351.jpg,campus_images_00351_p02.jpg,2.0,0.8455289602279663,308.0,681.0,424.0,955.0,0.14270833333333333,0.6,success
campus_images_00351.jpg,campus_images_00351_p03.jpg,3.0,0.8338633179664612,419.0,690.0,553.0,940.0,0.13020833333333334,0.6,success
campus_images_00351.jpg,campus_images_00351_p04.jpg,4.0,0.6004116535186768,238.0,707.0,314.0,947.0,0.125,0.6,success
campus_images_00351.jpg,campus_images_00351_p05.jpg,5.0,0.38236841559410095,179.0,664.0,228.0,787.0,0.0640625,0.6,success
campus_images_00352.jpg,campus_images_00352_p01.jpg,1.0,0.9029853343963623,816.0,473.0,1063.0,1030.0,0.29010416666666666,0.6,success
campus_images_00352.jpg,campus_images_00352_p02.jpg,2.0,0.8372208476066589,283.0,690.0,403.0,955.0,0.13802083333333334,0.6,success
campus_images_00352.jpg,campus_images_00352_p03.jpg,3.0,0.809770941734314,395.0,700.0,535.0,938.0,0.12395833333333334,0.6,success
campus_images_00352.jpg,campus_images_00352_p04.jpg,4.0,0.7061300873756409,167.0,665.0,213.0,788.0,0.0640625,0.6,success
campus_images_00352.jpg,campus_images_00352_p05.jpg,5.0,0.4387061893939972,246.0,699.0,312.0,946.0,0.12864583333333332,0.6,success
campus_images_00352.jpg,campus_images_00352_p06.jpg,6.0,0.3152622878551483,1.0,654.0,55.0,954.0,0.15625,0.6,success
campus_images_00353.jpg,campus_images_00353_p01.jpg,1.0,0.8452006578445435,259.0,712.0,392.0,957.0,0.12760416666666666,0.6,success
campus_images_00353.jpg,campus_images_00353_p02.jpg,2.0,0.8443143963813782,761.0,475.0,991.0,1026.0,0.2869791666666667,0.6,success
campus_images_00353.jpg,campus_images_00353_p03.jpg,3.0,0.79243004322052,384.0,714.0,503.0,942.0,0.11875,0.6,success
campus_images_00353.jpg,campus_images_00353_p04.jpg,4.0,0.6539725065231323,151.0,666.0,201.0,785.0,0.06197916666666667,0.6,success
campus_images_00353.jpg,campus_images_00353_p05.jpg,5.0,0.5805032253265381,0.0,643.0,62.0,968.0,0.16927083333333334,0.6,success
campus_images_00354.jpg,campus_images_00354_p01.jpg,1.0,0.8985872864723206,706.0,492.0,952.0,1018.0,0.27395833333333336,0.6,success
campus_images_00354.jpg,campus_images_00354_p02.jpg,2.0,0.8325033187866211,265.0,724.0,381.0,962.0,0.12395833333333334,0.6,success
campus_images_00354.jpg,campus_images_00354_p03.jpg,3.0,0.8247601389884949,394.0,709.0,497.0,947.0,0.12395833333333334,0.6,success
campus_images_00354.jpg,campus_images_00354_p04.jpg,4.0,0.6741317510604858,142.0,669.0,191.0,789.0,0.0625,0.6,success
campus_images_00354.jpg,campus_images_00354_p05.jpg,5.0,0.6410722136497498,0.0,617.0,97.0,993.0,0.19583333333333333,0.6,success
campus_images_00355.jpg,campus_images_00355_p01.jpg,1.0,0.9022459387779236,644.0,499.0,887.0,1008.0,0.26510416666666664,0.6,success
campus_images_00355.jpg,campus_images_00355_p02.jpg,2.0,0.8259415030479431,253.0,732.0,362.0,959.0,0.11822916666666666,0.6,success
campus_images_00355.jpg,campus_images_00355_p03.jpg,3.0,0.7709009647369385,134.0,669.0,184.0,789.0,0.0625,0.6,success
campus_images_00355.jpg,campus_images_00355_p04.jpg,4.0,0.7483828067779541,359.0,730.0,478.0,947.0,0.11302083333333333,0.6,success
campus_images_00355.jpg,campus_images_00355_p05.jpg,5.0,0.535872220993042,0.0,623.0,104.0,999.0,0.19583333333333333,0.6,success
campus_images_00356.jpg,campus_images_00356_p01.jpg,1.0,0.8331084251403809,242.0,731.0,355.0,963.0,0.12083333333333333,0.6,success
campus_images_00356.jpg,campus_images_00356_p02.jpg,2.0,0.7995194792747498,574.0,510.0,882.0,1010.0,0.2604166666666667,0.6,success
campus_images_00356.jpg,campus_images_00356_p03.jpg,3.0,0.7956101298332214,350.0,739.0,459.0,949.0,0.109375,0.6,success
campus_images_00356.jpg,campus_images_00356_p04.jpg,4.0,0.7832622528076172,0.0,550.0,106.0,1010.0,0.23958333333333334,0.6,success
campus_images_00356.jpg,campus_images_00356_p05.jpg,5.0,0.7779374122619629,132.0,672.0,179.0,790.0,0.06145833333333333,0.6,success
campus_images_00357.jpg,campus_images_00357_p01.jpg,1.0,0.8390985131263733,230.0,731.0,345.0,965.0,0.121875,0.6,success
campus_images_00357.jpg,campus_images_00357_p02.jpg,2.0,0.8308275938034058,338.0,738.0,450.0,949.0,0.10989583333333333,0.6,success
campus_images_00357.jpg,campus_images_00357_p03.jpg,3.0,0.795638382434845,0.0,528.0,126.0,1060.0,0.27708333333333335,0.6,success
campus_images_00357.jpg,campus_images_00357_p04.jpg,4.0,0.671937882900238,563.0,518.0,776.0,989.0,0.2453125,0.6,success
campus_images_00357.jpg,campus_images_00357_p05.jpg,5.0,0.4974008798599243,121.0,671.0,170.0,791.0,0.0625,0.6,success
campus_images_00358.jpg,campus_images_00358_p01.jpg,1.0,0.8704729676246643,561.0,513.0,751.0,994.0,0.25052083333333336,0.6,success
campus_images_00358.jpg,campus_images_00358_p02.jpg,2.0,0.8445979952812195,0.0,518.0,162.0,1230.0,0.37083333333333335,0.6,success
campus_images_00358.jpg,campus_images_00358_p03.jpg,3.0,0.7959957718849182,225.0,749.0,330.0,969.0,0.11458333333333333,0.6,success
campus_images_00358.jpg,campus_images_00358_p04.jpg,4.0,0.77421635389328,333.0,745.0,444.0,955.0,0.109375,0.6,success
campus_images_00358.jpg,campus_images_00358_p05.jpg,5.0,0.345874160528183,120.0,678.0,163.0,793.0,0.059895833333333336,0.6,success
campus_images_00359.jpg,campus_images_00359_p01.jpg,1.0,0.8728036284446716,0.0,516.0,216.0,1292.0,0.4041666666666667,0.6,success
campus_images_00359.jpg,campus_images_00359_p02.jpg,2.0,0.8573365807533264,323.0,768.0,430.0,958.0,0.09895833333333333,0.6,success
campus_images_00359.jpg,campus_images_00359_p03.jpg,3.0,0.7663446664810181,210.0,769.0,328.0,970.0,0.1046875,0.6,success
campus_images_00359.jpg,campus_images_00359_p04.jpg,4.0,0.7298531532287598,528.0,517.0,715.0,990.0,0.24635416666666668,0.6,success
campus_images_00360.jpg,campus_images_00360_p01.jpg,1.0,0.9063156247138977,1.0,507.0,246.0,1308.0,0.4171875,0.6,success
campus_images_00360.jpg,campus_images_00360_p02.jpg,2.0,0.8144785761833191,228.0,780.0,324.0,973.0,0.10052083333333334,0.6,success
campus_images_00360.jpg,campus_images_00360_p03.jpg,3.0,0.7853352427482605,323.0,768.0,422.0,961.0,0.10052083333333334,0.6,success
campus_images_00360.jpg,campus_images_00360_p04.jpg,4.0,0.7645317912101746,490.0,510.0,683.0,971.0,0.24010416666666667,0.6,success
campus_images_00361.jpg,campus_images_00361_p01.jpg,1.0,0.9030545949935913,2.0,499.0,284.0,1315.0,0.425,0.6,success
campus_images_00361.jpg,campus_images_00361_p02.jpg,2.0,0.8823080062866211,476.0,505.0,649.0,975.0,0.24479166666666666,0.6,success
campus_images_00361.jpg,campus_images_00361_p03.jpg,3.0,0.7170262336730957,316.0,787.0,420.0,962.0,0.09114583333333333,0.6,success
campus_images_00362.jpg,campus_images_00362_p01.jpg,1.0,0.9242641925811768,0.0,505.0,311.0,1406.0,0.46927083333333336,0.6,success
campus_images_00362.jpg,campus_images_00362_p02.jpg,2.0,0.9134612679481506,467.0,517.0,632.0,969.0,0.23541666666666666,0.6,success
campus_images_00362.jpg,campus_images_00362_p03.jpg,3.0,0.8871279954910278,803.0,360.0,1080.0,1802.0,0.7510416666666667,0.8,success
campus_images_00362.jpg,campus_images_00362_p04.jpg,4.0,0.6458043456077576,310.0,791.0,410.0,962.0,0.0890625,0.6,success
campus_images_00363.jpg,campus_images_00363_p01.jpg,1.0,0.9147111177444458,747.0,376.0,1080.0,1804.0,0.74375,0.8,success
campus_images_00363.jpg,campus_images_00363_p02.jpg,2.0,0.8896238207817078,443.0,504.0,615.0,950.0,0.23229166666666667,0.6,success
campus_images_00363.jpg,campus_images_00363_p03.jpg,3.0,0.8722994327545166,7.0,486.0,338.0,1452.0,0.503125,0.6,success
campus_images_00363.jpg,campus_images_00363_p04.jpg,4.0,0.6191702485084534,321.0,774.0,412.0,956.0,0.09479166666666666,0.6,success
campus_images_00364.jpg,campus_images_00364_p01.jpg,1.0,0.9361903071403503,74.0,465.0,433.0,1461.0,0.51875,0.6,success
campus_images_00364.jpg,campus_images_00364_p02.jpg,2.0,0.9294970631599426,414.0,508.0,579.0,948.0,0.22916666666666666,0.6,success
campus_images_00364.jpg,campus_images_00364_p03.jpg,3.0,0.9268736839294434,678.0,377.0,1063.0,1598.0,0.6359375,0.8,success
campus_images_00364.jpg,campus_images_00364_p04.jpg,4.0,0.31549474596977234,80.0,622.0,120.0,698.0,0.03958333333333333,0.6,success
campus_images_00365.jpg,campus_images_00365_p01.jpg,1.0,0.9227523803710938,134.0,464.0,526.0,1568.0,0.575,0.8,success
campus_images_00365.jpg,campus_images_00365_p02.jpg,2.0,0.8741810321807861,379.0,502.0,550.0,905.0,0.20989583333333334,0.6,success
campus_images_00365.jpg,campus_images_00365_p03.jpg,3.0,0.6591117978096008,610.0,379.0,983.0,1480.0,0.5734375,0.8,success
campus_images_00366.jpg,campus_images_00366_p01.jpg,1.0,0.9379740953445435,194.0,437.0,608.0,1585.0,0.5979166666666667,0.8,success
campus_images_00366.jpg,campus_images_00366_p02.jpg,2.0,0.9221929907798767,559.0,412.0,902.0,1465.0,0.5484375,0.6,success
campus_images_00366.jpg,campus_images_00366_p03.jpg,3.0,0.7709769010543823,118.0,654.0,166.0,777.0,0.0640625,0.6,success
campus_images_00367.jpg,campus_images_00367_p01.jpg,1.0,0.8776950240135193,228.0,408.0,670.0,1693.0,0.6692708333333334,0.8,success
campus_images_00367.jpg,campus_images_00367_p02.jpg,2.0,0.7934961318969727,545.0,408.0,816.0,1364.0,0.4979166666666667,0.6,success
campus_images_00367.jpg,campus_images_00367_p03.jpg,3.0,0.6971071362495422,116.0,649.0,164.0,770.0,0.06302083333333333,0.6,success
campus_images_00368.jpg,campus_images_00368_p01.jpg,1.0,0.9330198764801025,245.0,408.0,762.0,1836.0,0.74375,0.8,success
campus_images_00368.jpg,campus_images_00368_p02.jpg,2.0,0.4830620288848877,217.0,742.0,301.0,937.0,0.1015625,0.6,success
campus_images_00368.jpg,campus_images_00368_p03.jpg,3.0,0.39436644315719604,300.0,551.0,454.0,726.0,0.09114583333333333,0.6,success
campus_images_00368.jpg,campus_images_00368_p04.jpg,4.0,0.351987361907959,284.0,752.0,335.0,868.0,0.06041666666666667,0.6,success
campus_images_00368.jpg,campus_images_00368_p05.jpg,5.0,0.30759793519973755,301.0,504.0,450.0,721.0,0.11302083333333333,0.6,success
campus_images_00369.jpg,campus_images_00369_p01.jpg,1.0,0.9433871507644653,367.0,385.0,841.0,1858.0,0.7671875,0.8,success
campus_images_00369.jpg,campus_images_00369_p02.jpg,2.0,0.8158460855484009,319.0,520.0,454.0,913.0,0.2046875,0.6,success
campus_images_00369.jpg,campus_images_00369_p03.jpg,3.0,0.7931752800941467,226.0,724.0,310.0,928.0,0.10625,0.6,success
campus_images_00369.jpg,campus_images_00369_p04.jpg,4.0,0.4061264395713806,0.0,664.0,75.0,816.0,0.07916666666666666,0.6,success
campus_images_00370.jpg,campus_images_00370_p01.jpg,1.0,0.9424840807914734,521.0,346.0,1028.0,1858.0,0.7875,0.8,success
campus_images_00370.jpg,campus_images_00370_p02.jpg,2.0,0.8876822590827942,385.0,406.0,620.0,1178.0,0.40208333333333335,0.6,success
campus_images_00370.jpg,campus_images_00370_p03.jpg,3.0,0.7385107278823853,314.0,527.0,416.0,917.0,0.203125,0.6,success
campus_images_00370.jpg,campus_images_00370_p04.jpg,4.0,0.5652727484703064,120.0,624.0,168.0,742.0,0.06145833333333333,0.6,success
campus_images_00370.jpg,campus_images_00370_p05.jpg,5.0,0.346786767244339,224.0,708.0,306.0,921.0,0.1109375,0.6,success
campus_images_00371.jpg,campus_images_00371_p01.jpg,1.0,0.9136084318161011,341.0,397.0,595.0,1165.0,0.4,0.6,success
campus_images_00371.jpg,campus_images_00371_p02.jpg,2.0,0.8954881429672241,583.0,338.0,1080.0,1895.0,0.8109375,0.8,success
campus_images_00371.jpg,campus_images_00371_p03.jpg,3.0,0.8629216551780701,276.0,525.0,378.0,909.0,0.2,0.6,success
campus_images_00372.jpg,campus_images_00372_p01.jpg,1.0,0.9087232351303101,312.0,406.0,558.0,1147.0,0.3859375,0.6,success
campus_images_00372.jpg,campus_images_00372_p02.jpg,2.0,0.8482837080955505,224.0,532.0,342.0,905.0,0.19427083333333334,0.6,success
campus_images_00372.jpg,campus_images_00372_p03.jpg,3.0,0.7956672310829163,733.0,482.0,1080.0,1897.0,0.7369791666666666,0.8,success
campus_images_00372.jpg,campus_images_00372_p04.jpg,4.0,0.3813313841819763,127.0,607.0,191.0,722.0,0.059895833333333336,0.6,success
campus_images_00372.jpg,campus_images_00372_p05.jpg,5.0,0.3627004325389862,121.0,608.0,170.0,722.0,0.059375,0.6,success
campus_images_00373.jpg,campus_images_00373_p01.jpg,1.0,0.8911462426185608,277.0,383.0,500.0,1070.0,0.3578125,0.6,success
campus_images_00373.jpg,campus_images_00373_p02.jpg,2.0,0.8495469093322754,128.0,585.0,187.0,705.0,0.0625,0.6,success
campus_images_00373.jpg,campus_images_00373_p03.jpg,3.0,0.7786397933959961,0.0,457.0,87.0,914.0,0.23802083333333332,0.6,success
campus_images_00373.jpg,campus_images_00373_p04.jpg,4.0,0.7308337092399597,848.0,651.0,895.0,784.0,0.06927083333333334,0.6,success
campus_images_00373.jpg,campus_images_00373_p05.jpg,5.0,0.5568166375160217,218.0,516.0,311.0,885.0,0.1921875,0.6,success
campus_images_00374.jpg,campus_images_00374_p01.jpg,1.0,0.8548896312713623,0.0,346.0,102.0,900.0,0.28854166666666664,0.6,success
campus_images_00374.jpg,campus_images_00374_p02.jpg,2.0,0.8501933813095093,245.0,364.0,478.0,1050.0,0.3572916666666667,0.6,success
campus_images_00374.jpg,campus_images_00374_p03.jpg,3.0,0.7250547409057617,130.0,562.0,183.0,684.0,0.06354166666666666,0.6,success
campus_images_00375.jpg,campus_images_00375_p01.jpg,1.0,0.8636946082115173,237.0,366.0,456.0,1034.0,0.34791666666666665,0.6,success
campus_images_00375.jpg,campus_images_00375_p02.jpg,2.0,0.8298261761665344,0.0,342.0,117.0,888.0,0.284375,0.6,success
campus_images_00375.jpg,campus_images_00375_p03.jpg,3.0,0.8052005171775818,137.0,551.0,184.0,678.0,0.06614583333333333,0.6,success
campus_images_00375.jpg,campus_images_00375_p04.jpg,4.0,0.40760132670402527,196.0,506.0,257.0,715.0,0.10885416666666667,0.6,success
campus_images_00376.jpg,campus_images_00376_p01.jpg,1.0,0.8959634304046631,217.0,350.0,413.0,972.0,0.32395833333333335,0.6,success
campus_images_00376.jpg,campus_images_00376_p02.jpg,2.0,0.8044599294662476,0.0,316.0,124.0,882.0,0.2947916666666667,0.6,success
campus_images_00376.jpg,campus_images_00376_p03.jpg,3.0,0.4339056611061096,136.0,546.0,181.0,664.0,0.06145833333333333,0.6,success
campus_images_00376.jpg,campus_images_00376_p04.jpg,4.0,0.3845250904560089,173.0,496.0,247.0,849.0,0.18385416666666668,0.6,success
campus_images_00377.jpg,campus_images_00377_p01.jpg,1.0,0.897513210773468,181.0,337.0,385.0,947.0,0.3177083333333333,0.6,success
campus_images_00377.jpg,campus_images_00377_p02.jpg,2.0,0.711513876914978,0.0,283.0,131.0,941.0,0.34270833333333334,0.6,success
campus_images_00377.jpg,campus_images_00377_p03.jpg,3.0,0.3548898994922638,134.0,482.0,208.0,715.0,0.12135416666666667,0.6,success
campus_images_00377.jpg,campus_images_00377_p04.jpg,4.0,0.34300822019577026,0.0,283.0,131.0,942.0,0.34322916666666664,0.6,success
campus_images_00378.jpg,campus_images_00378_p01.jpg,1.0,0.8736982345581055,167.0,349.0,361.0,934.0,0.3046875,0.6,success
campus_images_00378.jpg,campus_images_00378_p02.jpg,2.0,0.8454799056053162,0.0,277.0,171.0,1062.0,0.4088541666666667,0.6,success
campus_images_00378.jpg,campus_images_00378_p03.jpg,3.0,0.7700628042221069,723.0,573.0,791.0,752.0,0.09322916666666667,0.6,success
campus_images_00379.jpg,campus_images_00379_p01.jpg,1.0,0.8757624626159668,0.0,264.0,201.0,1068.0,0.41875,0.6,success
campus_images_00379.jpg,campus_images_00379_p02.jpg,2.0,0.8476150631904602,149.0,334.0,328.0,892.0,0.290625,0.6,success
campus_images_00379.jpg,campus_images_00379_p03.jpg,3.0,0.42999786138534546,761.0,576.0,814.0,741.0,0.0859375,0.6,success
campus_images_00379.jpg,campus_images_00379_p04.jpg,4.0,0.4038914740085602,729.0,566.0,810.0,742.0,0.09166666666666666,0.6,success
campus_images_00380.jpg,campus_images_00380_p01.jpg,1.0,0.8899276256561279,0.0,235.0,247.0,1090.0,0.4453125,0.6,success
campus_images_00380.jpg,campus_images_00380_p02.jpg,2.0,0.5301552414894104,129.0,325.0,327.0,824.0,0.2598958333333333,0.6,success
campus_images_00380.jpg,campus_images_00380_p03.jpg,3.0,0.49472683668136597,129.0,326.0,299.0,868.0,0.28229166666666666,0.6,success
campus_images_00380.jpg,campus_images_00380_p04.jpg,4.0,0.4190288782119751,765.0,565.0,830.0,747.0,0.09479166666666666,0.6,success
campus_images_00381.jpg,campus_images_00381_p01.jpg,1.0,0.9289857149124146,2.0,221.0,297.0,1089.0,0.45208333333333334,0.6,success
campus_images_00381.jpg,campus_images_00381_p02.jpg,2.0,0.36452555656433105,753.0,542.0,841.0,721.0,0.09322916666666667,0.6,success
campus_images_00381.jpg,campus_images_00381_p03.jpg,3.0,0.32966575026512146,284.0,614.0,338.0,803.0,0.0984375,0.6,success
campus_images_00382.jpg,campus_images_00382_p01.jpg,1.0,0.9219557642936707,0.0,233.0,298.0,1177.0,0.49166666666666664,0.6,success
campus_images_00382.jpg,campus_images_00382_p02.jpg,2.0,0.7135909199714661,261.0,599.0,354.0,805.0,0.10729166666666666,0.6,success
campus_images_00382.jpg,campus_images_00382_p03.jpg,3.0,0.5833533406257629,752.0,537.0,827.0,718.0,0.09427083333333333,0.6,success
campus_images_00382.jpg,campus_images_00382_p04.jpg,4.0,0.5575429797172546,818.0,554.0,859.0,699.0,0.07552083333333333,0.6,success
campus_images_00383.jpg,campus_images_00383_p01.jpg,1.0,0.9394991993904114,3.0,210.0,343.0,1205.0,0.5182291666666666,0.6,success
campus_images_00383.jpg,campus_images_00383_p02.jpg,2.0,0.6774196624755859,767.0,545.0,861.0,716.0,0.0890625,0.6,success
campus_images_00384.jpg,campus_images_00384_p01.jpg,1.0,0.9298056364059448,29.0,189.0,404.0,1207.0,0.5302083333333333,0.6,success
campus_images_00384.jpg,campus_images_00384_p02.jpg,2.0,0.6647142171859741,805.0,519.0,886.0,704.0,0.09635416666666667,0.6,success
campus_images_00385.jpg,campus_images_00385_p01.jpg,1.0,0.9354559779167175,74.0,197.0,462.0,1266.0,0.5567708333333333,0.8,success
campus_images_00385.jpg,campus_images_00385_p02.jpg,2.0,0.6281575560569763,11.0,387.0,138.0,834.0,0.2328125,0.6,success
campus_images_00385.jpg,campus_images_00385_p03.jpg,3.0,0.49374207854270935,820.0,549.0,901.0,713.0,0.08541666666666667,0.6,success
campus_images_00385.jpg,campus_images_00385_p04.jpg,4.0,0.36555421352386475,879.0,563.0,923.0,716.0,0.0796875,0.6,success
campus_images_00386.jpg,campus_images_00386_p01.jpg,1.0,0.9281540513038635,142.0,217.0,538.0,1341.0,0.5854166666666667,0.8,success
campus_images_00386.jpg,campus_images_00386_p02.jpg,2.0,0.6369948387145996,16.0,415.0,136.0,849.0,0.22604166666666667,0.6,success
campus_images_00386.jpg,campus_images_00386_p03.jpg,3.0,0.37562504410743713,834.0,548.0,902.0,720.0,0.08958333333333333,0.6,success
campus_images_00387.jpg,campus_images_00387_p01.jpg,1.0,0.9394463896751404,203.0,191.0,554.0,1361.0,0.609375,0.8,success
campus_images_00387.jpg,campus_images_00387_p02.jpg,2.0,0.8676904439926147,26.0,448.0,160.0,858.0,0.21354166666666666,0.6,success
campus_images_00388.jpg,campus_images_00388_p01.jpg,1.0,0.9503808617591858,262.0,182.0,717.0,1462.0,0.6666666666666666,0.8,success
campus_images_00388.jpg,campus_images_00388_p02.jpg,2.0,0.8439567685127258,14.0,458.0,170.0,866.0,0.2125,0.6,success
campus_images_00388.jpg,campus_images_00388_p03.jpg,3.0,0.5862811207771301,882.0,590.0,928.0,742.0,0.07916666666666666,0.6,success
campus_images_00388.jpg,campus_images_00388_p04.jpg,4.0,0.4781579375267029,811.0,582.0,862.0,734.0,0.07916666666666666,0.6,success
campus_images_00388.jpg,campus_images_00388_p05.jpg,5.0,0.36902812123298645,154.0,533.0,194.0,658.0,0.06510416666666667,0.6,success
campus_images_00389.jpg,campus_images_00389_p01.jpg,1.0,0.9619090557098389,315.0,193.0,830.0,1583.0,0.7239583333333334,0.8,success
campus_images_00389.jpg,campus_images_00389_p02.jpg,2.0,0.8568416237831116,1.0,473.0,167.0,868.0,0.20572916666666666,0.6,success
campus_images_00389.jpg,campus_images_00389_p03.jpg,3.0,0.6415859460830688,147.0,538.0,191.0,667.0,0.0671875,0.6,success
campus_images_00389.jpg,campus_images_00389_p04.jpg,4.0,0.5380403995513916,865.0,617.0,924.0,749.0,0.06875,0.6,success
campus_images_00389.jpg,campus_images_00389_p05.jpg,5.0,0.46060246229171753,791.0,598.0,847.0,737.0,0.07239583333333334,0.6,success
campus_images_00390.jpg,campus_images_00390_p01.jpg,1.0,0.9566696882247925,375.0,156.0,898.0,1633.0,0.7692708333333333,0.8,success
campus_images_00390.jpg,campus_images_00390_p02.jpg,2.0,0.8749566078186035,0.0,510.0,154.0,872.0,0.18854166666666666,0.6,success
campus_images_00390.jpg,campus_images_00390_p03.jpg,3.0,0.6214906573295593,842.0,615.0,918.0,749.0,0.06979166666666667,0.6,success
campus_images_00390.jpg,campus_images_00390_p04.jpg,4.0,0.5660911202430725,141.0,548.0,189.0,672.0,0.06458333333333334,0.6,success
campus_images_00391.jpg,campus_images_00391_p01.jpg,1.0,0.9464320540428162,435.0,121.0,921.0,1634.0,0.7880208333333333,0.8,success
campus_images_00391.jpg,campus_images_00391_p02.jpg,2.0,0.8639857769012451,0.0,514.0,139.0,872.0,0.18645833333333334,0.6,success
campus_images_00391.jpg,campus_images_00391_p03.jpg,3.0,0.3736298382282257,143.0,549.0,188.0,674.0,0.06510416666666667,0.6,success
campus_images_00391.jpg,campus_images_00391_p04.jpg,4.0,0.34548676013946533,124.0,577.0,205.0,852.0,0.14322916666666666,0.6,success
campus_images_00391.jpg,campus_images_00391_p05.jpg,5.0,0.3134766221046448,125.0,615.0,204.0,852.0,0.1234375,0.6,success
campus_images_00392.jpg,campus_images_00392_p01.jpg,1.0,0.9090840816497803,524.0,108.0,1080.0,1827.0,0.8953125,1.0,success
campus_images_00392.jpg,campus_images_00392_p02.jpg,2.0,0.8424608111381531,0.0,533.0,129.0,875.0,0.178125,0.6,success
campus_images_00392.jpg,campus_images_00392_p03.jpg,3.0,0.6522163152694702,129.0,554.0,230.0,863.0,0.1609375,0.6,success
campus_images_00393.jpg,campus_images_00393_p01.jpg,1.0,0.9031590223312378,577.0,105.0,1080.0,1906.0,0.9380208333333333,1.0,success
campus_images_00393.jpg,campus_images_00393_p02.jpg,2.0,0.8610938191413879,0.0,552.0,126.0,878.0,0.16979166666666667,0.6,success
campus_images_00393.jpg,campus_images_00393_p03.jpg,3.0,0.759610116481781,144.0,653.0,226.0,859.0,0.10729166666666666,0.6,success
campus_images_00393.jpg,campus_images_00393_p04.jpg,4.0,0.5941948890686035,143.0,554.0,190.0,664.0,0.057291666666666664,0.6,success
campus_images_00394.jpg,campus_images_00394_p01.jpg,1.0,0.9041045904159546,698.0,360.0,1080.0,1891.0,0.7973958333333333,0.8,success
campus_images_00394.jpg,campus_images_00394_p02.jpg,2.0,0.888044536113739,1.0,547.0,116.0,878.0,0.17239583333333333,0.6,success
campus_images_00394.jpg,campus_images_00394_p03.jpg,3.0,0.571753978729248,145.0,553.0,189.0,675.0,0.06354166666666666,0.6,success
campus_images_00394.jpg,campus_images_00394_p04.jpg,4.0,0.39889806509017944,153.0,641.0,241.0,855.0,0.11145833333333334,0.6,success
campus_images_00395.jpg,campus_images_00395_p01.jpg,1.0,0.8676199913024902,1.0,565.0,106.0,877.0,0.1625,0.6,success
campus_images_00395.jpg,campus_images_00395_p02.jpg,2.0,0.778367280960083,143.0,550.0,191.0,678.0,0.06666666666666667,0.6,success
campus_images_00395.jpg,campus_images_00395_p03.jpg,3.0,0.7493493556976318,165.0,646.0,272.0,850.0,0.10625,0.6,success
campus_images_00396.jpg,campus_images_00396_p01.jpg,1.0,0.7942911982536316,0.0,578.0,93.0,879.0,0.15677083333333333,0.6,success
campus_images_00396.jpg,campus_images_00396_p02.jpg,2.0,0.7402797937393188,187.0,654.0,287.0,847.0,0.10052083333333334,0.6,success
campus_images_00396.jpg,campus_images_00396_p03.jpg,3.0,0.7076354026794434,148.0,551.0,193.0,677.0,0.065625,0.6,success
campus_images_00396.jpg,campus_images_00396_p04.jpg,4.0,0.619285523891449,51.0,527.0,97.0,652.0,0.06510416666666667,0.6,success
campus_images_00396.jpg,campus_images_00396_p05.jpg,5.0,0.5436415672302246,745.0,629.0,821.0,794.0,0.0859375,0.6,success
campus_images_00396.jpg,campus_images_00396_p06.jpg,6.0,0.3078199028968811,808.0,600.0,863.0,743.0,0.07447916666666667,0.6,success
campus_images_00397.jpg,campus_images_00397_p01.jpg,1.0,0.6773435473442078,206.0,632.0,291.0,849.0,0.11302083333333333,0.6,success
campus_images_00397.jpg,campus_images_00397_p02.jpg,2.0,0.6573603749275208,150.0,552.0,199.0,676.0,0.06458333333333334,0.6,success
campus_images_00397.jpg,campus_images_00397_p03.jpg,3.0,0.5167269110679626,740.0,623.0,785.0,780.0,0.08177083333333333,0.6,success
campus_images_00397.jpg,campus_images_00397_p04.jpg,4.0,0.5127949118614197,44.0,514.0,94.0,649.0,0.0703125,0.6,success
campus_images_00397.jpg,campus_images_00397_p05.jpg,5.0,0.4086384177207947,789.0,597.0,850.0,758.0,0.08385416666666666,0.6,success
campus_images_00397.jpg,campus_images_00397_p06.jpg,6.0,0.3156781792640686,792.0,600.0,847.0,752.0,0.07916666666666666,0.6,success
campus_images_00398.jpg,campus_images_00398_p01.jpg,1.0,0.6356258392333984,785.0,607.0,836.0,757.0,0.078125,0.6,success
campus_images_00398.jpg,campus_images_00398_p02.jpg,2.0,0.6221250891685486,153.0,555.0,205.0,676.0,0.06302083333333333,0.6,success
campus_images_00398.jpg,campus_images_00398_p03.jpg,3.0,0.5296473503112793,221.0,637.0,309.0,842.0,0.10677083333333333,0.6,success
campus_images_00398.jpg,campus_images_00398_p04.jpg,4.0,0.48513492941856384,34.0,516.0,89.0,652.0,0.07083333333333333,0.6,success
campus_images_00399.jpg,campus_images_00399_p01.jpg,1.0,0.7402380108833313,153.0,554.0,206.0,683.0,0.0671875,0.6,success
campus_images_00399.jpg,campus_images_00399_p02.jpg,2.0,0.5807797908782959,20.0,527.0,74.0,653.0,0.065625,0.6,success
campus_images_00399.jpg,campus_images_00399_p03.jpg,3.0,0.54697585105896,234.0,594.0,346.0,844.0,0.13020833333333334,0.6,success
campus_images_00400.jpg,campus_images_00400_p01.jpg,1.0,0.7703450322151184,153.0,552.0,204.0,680.0,0.06666666666666667,0.6,success
campus_images_00400.jpg,campus_images_00400_p02.jpg,2.0,0.5345337390899658,13.0,533.0,66.0,653.0,0.0625,0.6,success
campus_images_00400.jpg,campus_images_00400_p03.jpg,3.0,0.5309296250343323,255.0,622.0,361.0,845.0,0.11614583333333334,0.6,success
campus_images_00400.jpg,campus_images_00400_p04.jpg,4.0,0.4179973304271698,751.0,601.0,806.0,768.0,0.08697916666666666,0.6,success
campus_images_00400.jpg,campus_images_00400_p05.jpg,5.0,0.38931623101234436,743.0,595.0,806.0,779.0,0.09583333333333334,0.6,success
campus_images_00401.jpg,campus_images_00401_p01.jpg,1.0,0.692559540271759,290.0,651.0,362.0,838.0,0.09739583333333333,0.6,success
campus_images_00401.jpg,campus_images_00401_p02.jpg,2.0,0.6692837476730347,153.0,555.0,205.0,681.0,0.065625,0.6,success
campus_images_00401.jpg,campus_images_00401_p03.jpg,3.0,0.5604445934295654,741.0,610.0,797.0,774.0,0.08541666666666667,0.6,success
campus_images_00401.jpg,campus_images_00401_p04.jpg,4.0,0.4257205128669739,361.0,600.0,405.0,707.0,0.05572916666666667,0.6,success
campus_images_00402.jpg,campus_images_00402_p01.jpg,1.0,0.533962070941925,152.0,559.0,204.0,680.0,0.06302083333333333,0.6,success
campus_images_00402.jpg,campus_images_00402_p02.jpg,2.0,0.47534796595573425,279.0,643.0,375.0,843.0,0.10416666666666667,0.6,success
campus_images_00403.jpg,campus_images_00403_p01.jpg,1.0,0.572311520576477,288.0,613.0,416.0,843.0,0.11979166666666667,0.6,success
campus_images_00403.jpg,campus_images_00403_p02.jpg,2.0,0.3840848505496979,127.0,597.0,199.0,740.0,0.07447916666666667,0.6,success
campus_images_00404.jpg,campus_images_00404_p01.jpg,1.0,0.607933521270752,155.0,563.0,201.0,681.0,0.06145833333333333,0.6,success
campus_images_00404.jpg,campus_images_00404_p02.jpg,2.0,0.5524701476097107,322.0,647.0,408.0,838.0,0.09947916666666666,0.6,success
campus_images_00404.jpg,campus_images_00404_p03.jpg,3.0,0.5153524279594421,29.0,610.0,99.0,746.0,0.07083333333333333,0.6,success
campus_images_00404.jpg,campus_images_00404_p04.jpg,4.0,0.3580441474914551,86.0,613.0,141.0,722.0,0.05677083333333333,0.6,success
campus_images_00405.jpg,campus_images_00405_p01.jpg,1.0,0.6345390677452087,153.0,563.0,204.0,682.0,0.06197916666666667,0.6,success
campus_images_00405.jpg,campus_images_00405_p02.jpg,2.0,0.6185529828071594,0.0,616.0,48.0,858.0,0.12604166666666666,0.6,success
campus_images_00405.jpg,campus_images_00405_p03.jpg,3.0,0.5066138505935669,332.0,631.0,413.0,839.0,0.10833333333333334,0.6,success
campus_images_00406.jpg,campus_images_00406_p01.jpg,1.0,0.5843049883842468,153.0,564.0,205.0,686.0,0.06354166666666666,0.6,success
campus_images_00406.jpg,campus_images_00406_p02.jpg,2.0,0.3504592478275299,156.0,564.0,203.0,687.0,0.0640625,0.6,success
campus_images_00407.jpg,campus_images_00407_p01.jpg,1.0,0.6744974255561829,157.0,566.0,203.0,687.0,0.06302083333333333,0.6,success
campus_images_00407.jpg,campus_images_00407_p02.jpg,2.0,0.4291646182537079,355.0,665.0,470.0,839.0,0.090625,0.6,success
campus_images_00408.jpg,campus_images_00408_p01.jpg,1.0,0.33172112703323364,377.0,623.0,475.0,840.0,0.11302083333333333,0.6,success
campus_images_00408.jpg,campus_images_00408_p02.jpg,2.0,0.3177385628223419,279.0,594.0,327.0,677.0,0.043229166666666666,0.6,success
campus_images_00409.jpg,campus_images_00409_p01.jpg,1.0,0.7637749910354614,160.0,569.0,204.0,692.0,0.0640625,0.6,success
campus_images_00409.jpg,campus_images_00409_p02.jpg,2.0,0.32967817783355713,30.0,614.0,118.0,704.0,0.046875,0.6,success
campus_images_00410.jpg,campus_images_00410_p01.jpg,1.0,0.7880434989929199,747.0,628.0,831.0,808.0,0.09375,0.6,success
campus_images_00410.jpg,campus_images_00410_p02.jpg,2.0,0.6560904383659363,161.0,575.0,210.0,694.0,0.06197916666666667,0.6,success
campus_images_00410.jpg,campus_images_00410_p03.jpg,3.0,0.6148383021354675,0.0,681.0,75.0,886.0,0.10677083333333333,0.6,success
campus_images_00411.jpg,campus_images_00411_p01.jpg,1.0,0.7480683922767639,748.0,627.0,827.0,815.0,0.09791666666666667,0.6,success
campus_images_00411.jpg,campus_images_00411_p02.jpg,2.0,0.45145440101623535,162.0,578.0,208.0,692.0,0.059375,0.6,success
campus_images_00411.jpg,campus_images_00411_p03.jpg,3.0,0.3269011974334717,873.0,581.0,933.0,701.0,0.0625,0.6,success
campus_images_00412.jpg,campus_images_00412_p01.jpg,1.0,0.6751575469970703,157.0,577.0,206.0,703.0,0.065625,0.6,success
campus_images_00412.jpg,campus_images_00412_p02.jpg,2.0,0.3004911243915558,748.0,631.0,823.0,815.0,0.09583333333333334,0.6,success
campus_images_00413.jpg,campus_images_00413_p01.jpg,1.0,0.8089183568954468,156.0,583.0,204.0,705.0,0.06354166666666666,0.6,success
campus_images_00413.jpg,campus_images_00413_p02.jpg,2.0,0.3294820785522461,1.0,704.0,83.0,904.0,0.10416666666666667,0.6,success
campus_images_00413.jpg,campus_images_00413_p03.jpg,3.0,0.3003736734390259,748.0,640.0,827.0,817.0,0.0921875,0.6,success
campus_images_00414.jpg,campus_images_00414_p01.jpg,1.0,0.7626792788505554,153.0,587.0,204.0,706.0,0.06197916666666667,0.6,success
campus_images_00414.jpg,campus_images_00414_p02.jpg,2.0,0.5602414011955261,0.0,703.0,77.0,909.0,0.10729166666666666,0.6,success
campus_images_00414.jpg,campus_images_00414_p03.jpg,3.0,0.39032480120658875,869.0,604.0,928.0,781.0,0.0921875,0.6,success
campus_images_00415.jpg,campus_images_00415_p01.jpg,1.0,0.7175777554512024,153.0,589.0,203.0,710.0,0.06302083333333333,0.6,success
campus_images_00415.jpg,campus_images_00415_p02.jpg,2.0,0.6453940868377686,0.0,703.0,83.0,911.0,0.10833333333333334,0.6,success
campus_images_00415.jpg,campus_images_00415_p03.jpg,3.0,0.6327807307243347,151.0,587.0,200.0,707.0,0.0625,0.6,success
campus_images_00415.jpg,campus_images_00415_p04.jpg,4.0,0.522413969039917,364.0,699.0,447.0,875.0,0.09166666666666666,0.6,success
campus_images_00416.jpg,campus_images_00416_p01.jpg,1.0,0.8452587127685547,346.0,691.0,421.0,877.0,0.096875,0.6,success
campus_images_00416.jpg,campus_images_00416_p02.jpg,2.0,0.7945579886436462,1.0,703.0,101.0,913.0,0.109375,0.6,success
campus_images_00416.jpg,campus_images_00416_p03.jpg,3.0,0.6412714719772339,152.0,591.0,206.0,713.0,0.06354166666666666,0.6,success
campus_images_00417.jpg,campus_images_00417_p01.jpg,1.0,0.7667537331581116,325.0,682.0,400.0,884.0,0.10520833333333333,0.6,success
campus_images_00417.jpg,campus_images_00417_p02.jpg,2.0,0.6755399703979492,58.0,706.0,128.0,916.0,0.109375,0.6,success
campus_images_00417.jpg,campus_images_00417_p03.jpg,3.0,0.6263543367385864,150.0,590.0,199.0,712.0,0.06354166666666666,0.6,success
campus_images_00417.jpg,campus_images_00417_p04.jpg,4.0,0.4730163812637329,153.0,593.0,205.0,713.0,0.0625,0.6,success
campus_images_00417.jpg,campus_images_00417_p05.jpg,5.0,0.416243314743042,0.0,711.0,77.0,914.0,0.10572916666666667,0.6,success
campus_images_00417.jpg,campus_images_00417_p06.jpg,6.0,0.34430962800979614,770.0,630.0,829.0,827.0,0.10260416666666666,0.6,success
campus_images_00417.jpg,campus_images_00417_p07.jpg,7.0,0.3332834243774414,830.0,600.0,894.0,785.0,0.09635416666666667,0.6,success
campus_images_00418.jpg,campus_images_00418_p01.jpg,1.0,0.7830154299736023,297.0,702.0,395.0,890.0,0.09791666666666667,0.6,success
campus_images_00418.jpg,campus_images_00418_p02.jpg,2.0,0.7708273530006409,75.0,704.0,177.0,916.0,0.11041666666666666,0.6,success
campus_images_00418.jpg,campus_images_00418_p03.jpg,3.0,0.4460304379463196,149.0,593.0,199.0,716.0,0.0640625,0.6,success
campus_images_00418.jpg,campus_images_00418_p04.jpg,4.0,0.43491557240486145,0.0,717.0,91.0,920.0,0.10572916666666667,0.6,success
campus_images_00418.jpg,campus_images_00418_p05.jpg,5.0,0.3251304626464844,734.0,625.0,788.0,830.0,0.10677083333333333,0.6,success
campus_images_00418.jpg,campus_images_00418_p06.jpg,6.0,0.3227072060108185,774.0,631.0,837.0,831.0,0.10416666666666667,0.6,success
campus_images_00419.jpg,campus_images_00419_p01.jpg,1.0,0.8472548723220825,285.0,703.0,374.0,893.0,0.09895833333333333,0.6,success
campus_images_00419.jpg,campus_images_00419_p02.jpg,2.0,0.6826158761978149,104.0,716.0,184.0,914.0,0.103125,0.6,success
campus_images_00419.jpg,campus_images_00419_p03.jpg,3.0,0.6733959913253784,6.0,717.0,114.0,920.0,0.10572916666666667,0.6,success
campus_images_00419.jpg,campus_images_00419_p04.jpg,4.0,0.5558802485466003,148.0,596.0,192.0,721.0,0.06510416666666667,0.6,success
campus_images_00419.jpg,campus_images_00419_p05.jpg,5.0,0.5247316956520081,348.0,641.0,434.0,846.0,0.10677083333333333,0.6,success
campus_images_00419.jpg,campus_images_00419_p06.jpg,6.0,0.3562619388103485,815.0,640.0,858.0,786.0,0.07604166666666666,0.6,success
campus_images_00420.jpg,campus_images_00420_p01.jpg,1.0,0.834754467010498,263.0,699.0,326.0,899.0,0.10416666666666667,0.6,success
campus_images_00420.jpg,campus_images_00420_p02.jpg,2.0,0.7445754408836365,21.0,718.0,112.0,927.0,0.10885416666666667,0.6,success
campus_images_00420.jpg,campus_images_00420_p03.jpg,3.0,0.6048097014427185,332.0,666.0,413.0,848.0,0.09479166666666666,0.6,success
campus_images_00420.jpg,campus_images_00420_p04.jpg,4.0,0.5304531455039978,147.0,601.0,192.0,693.0,0.04791666666666667,0.6,success
campus_images_00420.jpg,campus_images_00420_p05.jpg,5.0,0.3569537103176117,129.0,695.0,241.0,914.0,0.1140625,0.6,success
campus_images_00420.jpg,campus_images_00420_p06.jpg,6.0,0.3160962462425232,86.0,668.0,142.0,803.0,0.0703125,0.6,success
campus_images_00421.jpg,campus_images_00421_p01.jpg,1.0,0.8488926887512207,232.0,703.0,320.0,905.0,0.10520833333333333,0.6,success
campus_images_00421.jpg,campus_images_00421_p02.jpg,2.0,0.79860520362854,144.0,694.0,227.0,917.0,0.11614583333333334,0.6,success
campus_images_00421.jpg,campus_images_00421_p03.jpg,3.0,0.7626290321350098,23.0,717.0,117.0,927.0,0.109375,0.6,success
campus_images_00421.jpg,campus_images_00421_p04.jpg,4.0,0.5488182306289673,318.0,672.0,385.0,853.0,0.09427083333333333,0.6,success
campus_images_00422.jpg,campus_images_00422_p01.jpg,1.0,0.7663166522979736,209.0,710.0,311.0,908.0,0.103125,0.6,success
campus_images_00422.jpg,campus_images_00422_p02.jpg,2.0,0.7580870985984802,24.0,718.0,119.0,926.0,0.10833333333333334,0.6,success
campus_images_00422.jpg,campus_images_00422_p03.jpg,3.0,0.7546078562736511,304.0,682.0,369.0,861.0,0.09322916666666667,0.6,success
campus_images_00422.jpg,campus_images_00422_p04.jpg,4.0,0.6437738537788391,147.0,605.0,190.0,729.0,0.06458333333333334,0.6,success
campus_images_00422.jpg,campus_images_00422_p05.jpg,5.0,0.303325355052948,809.0,630.0,870.0,789.0,0.0828125,0.6,success
campus_images_00423.jpg,campus_images_00423_p01.jpg,1.0,0.8653178215026855,198.0,702.0,273.0,910.0,0.10833333333333334,0.6,success
campus_images_00423.jpg,campus_images_00423_p02.jpg,2.0,0.8556807637214661,30.0,720.0,129.0,925.0,0.10677083333333333,0.6,success
campus_images_00423.jpg,campus_images_00423_p03.jpg,3.0,0.568025529384613,289.0,687.0,361.0,869.0,0.09479166666666666,0.6,success
campus_images_00423.jpg,campus_images_00423_p04.jpg,4.0,0.5328396558761597,144.0,603.0,189.0,730.0,0.06614583333333333,0.6,success
campus_images_00423.jpg,campus_images_00423_p05.jpg,5.0,0.3382341265678406,756.0,665.0,803.0,806.0,0.0734375,0.6,success
campus_images_00423.jpg,campus_images_00423_p06.jpg,6.0,0.30583012104034424,802.0,630.0,889.0,787.0,0.08177083333333333,0.6,success
campus_images_00424.jpg,campus_images_00424_p01.jpg,1.0,0.8245663046836853,141.0,711.0,239.0,913.0,0.10520833333333333,0.6,success
campus_images_00424.jpg,campus_images_00424_p02.jpg,2.0,0.7841594219207764,40.0,719.0,135.0,927.0,0.10833333333333334,0.6,success
campus_images_00424.jpg,campus_images_00424_p03.jpg,3.0,0.7125409245491028,223.0,694.0,315.0,906.0,0.11041666666666666,0.6,success
campus_images_00424.jpg,campus_images_00424_p04.jpg,4.0,0.5291479229927063,150.0,605.0,198.0,728.0,0.0640625,0.6,success
campus_images_00424.jpg,campus_images_00424_p05.jpg,5.0,0.3931896686553955,277.0,691.0,338.0,868.0,0.0921875,0.6,success
campus_images_00424.jpg,campus_images_00424_p06.jpg,6.0,0.3188678026199341,826.0,625.0,898.0,786.0,0.08385416666666666,0.6,success
campus_images_00425.jpg,campus_images_00425_p01.jpg,1.0,0.8672308921813965,138.0,729.0,230.0,919.0,0.09895833333333333,0.6,success
campus_images_00425.jpg,campus_images_00425_p02.jpg,2.0,0.7662321329116821,48.0,723.0,145.0,929.0,0.10729166666666666,0.6,success
campus_images_00425.jpg,campus_images_00425_p03.jpg,3.0,0.64842289686203,239.0,688.0,335.0,908.0,0.11458333333333333,0.6,success
campus_images_00425.jpg,campus_images_00425_p04.jpg,4.0,0.44053566455841064,150.0,606.0,195.0,726.0,0.0625,0.6,success
campus_images_00426.jpg,campus_images_00426_p01.jpg,1.0,0.7740407586097717,62.0,722.0,191.0,928.0,0.10729166666666666,0.6,success
campus_images_00426.jpg,campus_images_00426_p02.jpg,2.0,0.7252457737922668,218.0,684.0,303.0,886.0,0.10520833333333333,0.6,success
campus_images_00426.jpg,campus_images_00426_p03.jpg,3.0,0.6757932305335999,343.0,675.0,421.0,862.0,0.09739583333333333,0.6,success
campus_images_00426.jpg,campus_images_00426_p04.jpg,4.0,0.6090426445007324,153.0,609.0,203.0,730.0,0.06302083333333333,0.6,success
campus_images_00426.jpg,campus_images_00426_p05.jpg,5.0,0.50266432762146,279.0,684.0,354.0,899.0,0.11197916666666667,0.6,success
campus_images_00427.jpg,campus_images_00427_p01.jpg,1.0,0.8347894549369812,212.0,690.0,287.0,883.0,0.10052083333333334,0.6,success
campus_images_00427.jpg,campus_images_00427_p02.jpg,2.0,0.8152565360069275,77.0,725.0,183.0,929.0,0.10625,0.6,success
campus_images_00427.jpg,campus_images_00427_p03.jpg,3.0,0.5996671915054321,153.0,609.0,203.0,729.0,0.0625,0.6,success
campus_images_00427.jpg,campus_images_00427_p04.jpg,4.0,0.39484190940856934,298.0,676.0,408.0,867.0,0.09947916666666666,0.6,success
campus_images_00427.jpg,campus_images_00427_p05.jpg,5.0,0.33044353127479553,879.0,629.0,926.0,774.0,0.07552083333333333,0.6,success
campus_images_00428.jpg,campus_images_00428_p01.jpg,1.0,0.7806193828582764,105.0,730.0,182.0,931.0,0.1046875,0.6,success
campus_images_00428.jpg,campus_images_00428_p02.jpg,2.0,0.7707535624504089,50.0,734.0,104.0,936.0,0.10520833333333333,0.6,success
campus_images_00428.jpg,campus_images_00428_p03.jpg,3.0,0.7523373365402222,194.0,692.0,266.0,890.0,0.103125,0.6,success
campus_images_00428.jpg,campus_images_00428_p04.jpg,4.0,0.6244174838066101,317.0,689.0,390.0,901.0,0.11041666666666666,0.6,success
campus_images_00428.jpg,campus_images_00428_p05.jpg,5.0,0.5638393759727478,154.0,611.0,204.0,731.0,0.0625,0.6,success
campus_images_00429.jpg,campus_images_00429_p01.jpg,1.0,0.7639815807342529,20.0,733.0,95.0,937.0,0.10625,0.6,success
campus_images_00429.jpg,campus_images_00429_p02.jpg,2.0,0.7612826228141785,289.0,687.0,356.0,877.0,0.09895833333333333,0.6,success
campus_images_00429.jpg,campus_images_00429_p03.jpg,3.0,0.7493776082992554,344.0,691.0,410.0,899.0,0.10833333333333334,0.6,success
campus_images_00429.jpg,campus_images_00429_p04.jpg,4.0,0.6742413640022278,180.0,698.0,249.0,891.0,0.10052083333333334,0.6,success
campus_images_00429.jpg,campus_images_00429_p05.jpg,5.0,0.6407135725021362,103.0,736.0,193.0,933.0,0.10260416666666666,0.6,success
campus_images_00429.jpg,campus_images_00429_p06.jpg,6.0,0.3472420871257782,827.0,616.0,874.0,723.0,0.05572916666666667,0.6,success
campus_images_00429.jpg,campus_images_00429_p07.jpg,7.0,0.31175315380096436,152.0,614.0,204.0,714.0,0.052083333333333336,0.6,success
campus_images_00430.jpg,campus_images_00430_p01.jpg,1.0,0.8230146169662476,266.0,688.0,350.0,877.0,0.0984375,0.6,success
campus_images_00430.jpg,campus_images_00430_p02.jpg,2.0,0.7742335200309753,1.0,733.0,69.0,943.0,0.109375,0.6,success
campus_images_00430.jpg,campus_images_00430_p03.jpg,3.0,0.5336557030677795,118.0,728.0,207.0,929.0,0.1046875,0.6,success
campus_images_00430.jpg,campus_images_00430_p04.jpg,4.0,0.49537932872772217,344.0,716.0,447.0,900.0,0.09583333333333334,0.6,success
campus_images_00431.jpg,campus_images_00431_p01.jpg,1.0,0.7653772830963135,253.0,687.0,323.0,881.0,0.10104166666666667,0.6,success
campus_images_00431.jpg,campus_images_00431_p02.jpg,2.0,0.7395052909851074,119.0,731.0,217.0,929.0,0.103125,0.6,success
campus_images_00431.jpg,campus_images_00431_p03.jpg,3.0,0.6183220744132996,732.0,687.0,795.0,849.0,0.084375,0.6,success
campus_images_00431.jpg,campus_images_00431_p04.jpg,4.0,0.4255506694316864,151.0,617.0,207.0,727.0,0.057291666666666664,0.6,success
campus_images_00432.jpg,campus_images_00432_p01.jpg,1.0,0.7418836951255798,144.0,736.0,223.0,927.0,0.09947916666666666,0.6,success
campus_images_00432.jpg,campus_images_00432_p02.jpg,2.0,0.7114111185073853,222.0,675.0,300.0,883.0,0.10833333333333334,0.6,success
campus_images_00432.jpg,campus_images_00432_p03.jpg,3.0,0.6878305077552795,79.0,709.0,167.0,911.0,0.10520833333333333,0.6,success
campus_images_00432.jpg,campus_images_00432_p04.jpg,4.0,0.3522976338863373,146.0,616.0,194.0,741.0,0.06510416666666667,0.6,success
campus_images_00432.jpg,campus_images_00432_p05.jpg,5.0,0.31210529804229736,147.0,618.0,193.0,731.0,0.058854166666666666,0.6,success
campus_images_00433.jpg,campus_images_00433_p01.jpg,1.0,0.7319568991661072,76.0,708.0,156.0,913.0,0.10677083333333333,0.6,success
campus_images_00433.jpg,campus_images_00433_p02.jpg,2.0,0.7247814536094666,150.0,733.0,227.0,931.0,0.103125,0.6,success
campus_images_00433.jpg,campus_images_00433_p03.jpg,3.0,0.45609933137893677,211.0,717.0,290.0,887.0,0.08854166666666667,0.6,success
campus_images_00433.jpg,campus_images_00433_p04.jpg,4.0,0.3186752200126648,759.0,708.0,807.0,841.0,0.06927083333333334,0.6,success
campus_images_00434.jpg,campus_images_00434_p01.jpg,1.0,0.8025637269020081,52.0,707.0,143.0,913.0,0.10729166666666666,0.6,success
campus_images_00434.jpg,campus_images_00434_p02.jpg,2.0,0.7837006449699402,151.0,728.0,256.0,933.0,0.10677083333333333,0.6,success
campus_images_00434.jpg,campus_images_00434_p03.jpg,3.0,0.4395492672920227,144.0,621.0,190.0,737.0,0.06041666666666667,0.6,success
campus_images_00435.jpg,campus_images_00435_p01.jpg,1.0,0.8334792852401733,34.0,713.0,117.0,922.0,0.10885416666666667,0.6,success
campus_images_00435.jpg,campus_images_00435_p02.jpg,2.0,0.7373558282852173,169.0,729.0,260.0,929.0,0.10416666666666667,0.6,success
campus_images_00436.jpg,campus_images_00436_p01.jpg,1.0,0.8244043588638306,186.0,735.0,270.0,923.0,0.09791666666666667,0.6,success
campus_images_00436.jpg,campus_images_00436_p02.jpg,2.0,0.8103762865066528,124.0,707.0,198.0,903.0,0.10208333333333333,0.6,success
campus_images_00436.jpg,campus_images_00436_p03.jpg,3.0,0.7586783170700073,9.0,714.0,100.0,922.0,0.10833333333333334,0.6,success
campus_images_00436.jpg,campus_images_00436_p04.jpg,4.0,0.42669960856437683,139.0,623.0,188.0,716.0,0.0484375,0.6,success
campus_images_00436.jpg,campus_images_00436_p05.jpg,5.0,0.3297114968299866,9.0,715.0,101.0,921.0,0.10729166666666666,0.6,success
campus_images_00436.jpg,campus_images_00436_p06.jpg,6.0,0.3170415461063385,777.0,693.0,829.0,819.0,0.065625,0.6,success
campus_images_00437.jpg,campus_images_00437_p01.jpg,1.0,0.809928834438324,180.0,739.0,271.0,927.0,0.09791666666666667,0.6,success
campus_images_00437.jpg,campus_images_00437_p02.jpg,2.0,0.7925496101379395,1.0,719.0,77.0,924.0,0.10677083333333333,0.6,success
campus_images_00437.jpg,campus_images_00437_p03.jpg,3.0,0.6636732220649719,140.0,624.0,187.0,744.0,0.0625,0.6,success
campus_images_00437.jpg,campus_images_00437_p04.jpg,4.0,0.5113024711608887,106.0,703.0,182.0,905.0,0.10520833333333333,0.6,success
campus_images_00437.jpg,campus_images_00437_p05.jpg,5.0,0.4043339192867279,107.0,701.0,182.0,905.0,0.10625,0.6,success
campus_images_00437.jpg,campus_images_00437_p06.jpg,6.0,0.3262651562690735,790.0,692.0,840.0,815.0,0.0640625,0.6,success
campus_images_00438.jpg,campus_images_00438_p01.jpg,1.0,0.8671060800552368,82.0,700.0,152.0,907.0,0.1078125,0.6,success
campus_images_00438.jpg,campus_images_00438_p02.jpg,2.0,0.7937756776809692,185.0,737.0,288.0,930.0,0.10052083333333334,0.6,success
campus_images_00438.jpg,campus_images_00438_p03.jpg,3.0,0.6840113401412964,139.0,625.0,186.0,749.0,0.06458333333333334,0.6,success
campus_images_00438.jpg,campus_images_00438_p04.jpg,4.0,0.604255735874176,1.0,745.0,52.0,924.0,0.09322916666666667,0.6,success
campus_images_00438.jpg,campus_images_00438_p05.jpg,5.0,0.4796791076660156,804.0,686.0,858.0,811.0,0.06510416666666667,0.6,success
campus_images_00439.jpg,campus_images_00439_p01.jpg,1.0,0.8387954831123352,34.0,708.0,142.0,913.0,0.10677083333333333,0.6,success
campus_images_00439.jpg,campus_images_00439_p02.jpg,2.0,0.7743438482284546,137.0,626.0,183.0,749.0,0.0640625,0.6,success
campus_images_00439.jpg,campus_images_00439_p03.jpg,3.0,0.7223145365715027,202.0,718.0,296.0,928.0,0.109375,0.6,success
campus_images_00439.jpg,campus_images_00439_p04.jpg,4.0,0.3222866952419281,816.0,697.0,860.0,808.0,0.0578125,0.6,success
campus_images_00440.jpg,campus_images_00440_p01.jpg,1.0,0.7500488758087158,23.0,706.0,112.0,913.0,0.1078125,0.6,success
campus_images_00440.jpg,campus_images_00440_p02.jpg,2.0,0.7359362244606018,136.0,627.0,184.0,748.0,0.06302083333333333,0.6,success
campus_images_00440.jpg,campus_images_00440_p03.jpg,3.0,0.6196893453598022,193.0,731.0,298.0,927.0,0.10208333333333333,0.6,success
campus_images_00440.jpg,campus_images_00440_p04.jpg,4.0,0.34581223130226135,817.0,697.0,868.0,803.0,0.05520833333333333,0.6,success
campus_images_00441.jpg,campus_images_00441_p01.jpg,1.0,0.8369971513748169,2.0,704.0,70.0,917.0,0.1109375,0.6,success
campus_images_00441.jpg,campus_images_00441_p02.jpg,2.0,0.8052838444709778,196.0,742.0,303.0,928.0,0.096875,0.6,success
campus_images_00441.jpg,campus_images_00441_p03.jpg,3.0,0.3779374361038208,827.0,687.0,875.0,810.0,0.0640625,0.6,success
campus_images_00442.jpg,campus_images_00442_p01.jpg,1.0,0.7442450523376465,198.0,745.0,309.0,928.0,0.0953125,0.6,success
campus_images_00442.jpg,campus_images_00442_p02.jpg,2.0,0.726233959197998,0.0,712.0,59.0,917.0,0.10677083333333333,0.6,success
campus_images_00442.jpg,campus_images_00442_p03.jpg,3.0,0.687727689743042,133.0,625.0,185.0,742.0,0.0609375,0.6,success
campus_images_00442.jpg,campus_images_00442_p04.jpg,4.0,0.6129533052444458,837.0,685.0,882.0,812.0,0.06614583333333333,0.6,success
campus_images_00442.jpg,campus_images_00442_p05.jpg,5.0,0.3557530343532562,759.0,693.0,810.0,854.0,0.08385416666666666,0.6,success
campus_images_00442.jpg,campus_images_00442_p06.jpg,6.0,0.32965993881225586,226.0,637.0,312.0,728.0,0.04739583333333333,0.6,success
campus_images_00443.jpg,campus_images_00443_p01.jpg,1.0,0.8153272867202759,133.0,626.0,183.0,751.0,0.06510416666666667,0.6,success
campus_images_00443.jpg,campus_images_00443_p02.jpg,2.0,0.7504870295524597,200.0,730.0,311.0,928.0,0.103125,0.6,success
campus_images_00443.jpg,campus_images_00443_p03.jpg,3.0,0.6347588896751404,843.0,685.0,887.0,819.0,0.06979166666666667,0.6,success
campus_images_00443.jpg,campus_images_00443_p04.jpg,4.0,0.4930844008922577,773.0,680.0,818.0,813.0,0.06927083333333334,0.6,success
campus_images_00443.jpg,campus_images_00443_p05.jpg,5.0,0.4864446818828583,1.0,673.0,65.0,822.0,0.07760416666666667,0.6,success
campus_images_00444.jpg,campus_images_00444_p01.jpg,1.0,0.8020700216293335,132.0,626.0,182.0,752.0,0.065625,0.6,success
campus_images_00444.jpg,campus_images_00444_p02.jpg,2.0,0.7787620425224304,215.0,748.0,312.0,928.0,0.09375,0.6,success
campus_images_00444.jpg,campus_images_00444_p03.jpg,3.0,0.46300366520881653,850.0,687.0,901.0,819.0,0.06875,0.6,success
campus_images_00444.jpg,campus_images_00444_p04.jpg,4.0,0.4303560256958008,778.0,688.0,827.0,813.0,0.06510416666666667,0.6,success
campus_images_00445.jpg,campus_images_00445_p01.jpg,1.0,0.8031644821166992,130.0,628.0,186.0,751.0,0.0640625,0.6,success
campus_images_00445.jpg,campus_images_00445_p02.jpg,2.0,0.7802298069000244,216.0,747.0,321.0,928.0,0.09427083333333333,0.6,success
campus_images_00445.jpg,campus_images_00445_p03.jpg,3.0,0.6142096519470215,785.0,690.0,833.0,816.0,0.065625,0.6,success
campus_images_00445.jpg,campus_images_00445_p04.jpg,4.0,0.42117711901664734,356.0,641.0,412.0,781.0,0.07291666666666667,0.6,success
campus_images_00445.jpg,campus_images_00445_p05.jpg,5.0,0.31617385149002075,350.0,640.0,417.0,791.0,0.07864583333333333,0.6,success
campus_images_00446.jpg,campus_images_00446_p01.jpg,1.0,0.8386463522911072,128.0,630.0,187.0,752.0,0.06354166666666666,0.6,success
campus_images_00446.jpg,campus_images_00446_p02.jpg,2.0,0.7855995297431946,227.0,746.0,329.0,927.0,0.09427083333333333,0.6,success
campus_images_00446.jpg,campus_images_00446_p03.jpg,3.0,0.5465070009231567,797.0,687.0,844.0,810.0,0.0640625,0.6,success
campus_images_00446.jpg,campus_images_00446_p04.jpg,4.0,0.3816426992416382,838.0,694.0,889.0,819.0,0.06510416666666667,0.6,success
campus_images_00447.jpg,campus_images_00447_p01.jpg,1.0,0.7947943806648254,128.0,632.0,183.0,752.0,0.0625,0.6,success
campus_images_00447.jpg,campus_images_00447_p02.jpg,2.0,0.73117595911026,242.0,734.0,334.0,928.0,0.10104166666666667,0.6,success
campus_images_00447.jpg,campus_images_00447_p03.jpg,3.0,0.5207357406616211,319.0,657.0,386.0,820.0,0.08489583333333334,0.6,success
campus_images_00447.jpg,campus_images_00447_p04.jpg,4.0,0.3221210241317749,805.0,683.0,884.0,819.0,0.07083333333333333,0.6,success
campus_images_00448.jpg,campus_images_00448_p01.jpg,1.0,0.8179097771644592,129.0,631.0,186.0,754.0,0.0640625,0.6,success
campus_images_00448.jpg,campus_images_00448_p02.jpg,2.0,0.5450473427772522,240.0,741.0,336.0,926.0,0.09635416666666667,0.6,success
campus_images_00448.jpg,campus_images_00448_p03.jpg,3.0,0.45932719111442566,962.0,602.0,1080.0,1104.0,0.26145833333333335,0.6,success
campus_images_00448.jpg,campus_images_00448_p04.jpg,4.0,0.3447183668613434,805.0,680.0,874.0,812.0,0.06875,0.6,success
campus_images_00449.jpg,campus_images_00449_p01.jpg,1.0,0.8985307216644287,872.0,230.0,1080.0,1574.0,0.7,0.8,success
campus_images_00449.jpg,campus_images_00449_p02.jpg,2.0,0.7692686915397644,246.0,740.0,345.0,925.0,0.09635416666666667,0.6,success
campus_images_00449.jpg,campus_images_00449_p03.jpg,3.0,0.7532162666320801,129.0,631.0,183.0,755.0,0.06458333333333334,0.6,success
campus_images_00449.jpg,campus_images_00449_p04.jpg,4.0,0.4979250431060791,3.0,703.0,111.0,847.0,0.075,0.6,success
campus_images_00449.jpg,campus_images_00449_p05.jpg,5.0,0.4039331376552582,266.0,648.0,346.0,768.0,0.0625,0.6,success
campus_images_00449.jpg,campus_images_00449_p06.jpg,6.0,0.3110305666923523,714.0,696.0,794.0,858.0,0.084375,0.6,success
campus_images_00450.jpg,campus_images_00450_p01.jpg,1.0,0.9370514154434204,622.0,269.0,1080.0,1568.0,0.6765625,0.8,success
campus_images_00450.jpg,campus_images_00450_p02.jpg,2.0,0.7872359156608582,249.0,741.0,346.0,926.0,0.09635416666666667,0.6,success
campus_images_00450.jpg,campus_images_00450_p03.jpg,3.0,0.3342512845993042,129.0,633.0,183.0,743.0,0.057291666666666664,0.6,success
campus_images_00451.jpg,campus_images_00451_p01.jpg,1.0,0.9479199647903442,602.0,284.0,1077.0,1482.0,0.6239583333333333,0.8,success
campus_images_00451.jpg,campus_images_00451_p02.jpg,2.0,0.7055518627166748,129.0,633.0,182.0,754.0,0.06302083333333333,0.6,success
campus_images_00451.jpg,campus_images_00451_p03.jpg,3.0,0.6882835030555725,254.0,740.0,351.0,926.0,0.096875,0.6,success
campus_images_00451.jpg,campus_images_00451_p04.jpg,4.0,0.38923919200897217,182.0,699.0,267.0,828.0,0.0671875,0.6,success
campus_images_00452.jpg,campus_images_00452_p01.jpg,1.0,0.933050274848938,541.0,287.0,887.0,1400.0,0.5796875,0.8,success
campus_images_00452.jpg,campus_images_00452_p02.jpg,2.0,0.800006091594696,130.0,632.0,185.0,754.0,0.06354166666666666,0.6,success
campus_images_00453.jpg,campus_images_00453_p01.jpg,1.0,0.907844066619873,442.0,317.0,818.0,1400.0,0.5640625,0.8,success
campus_images_00453.jpg,campus_images_00453_p02.jpg,2.0,0.7711353898048401,131.0,632.0,182.0,755.0,0.0640625,0.6,success
campus_images_00453.jpg,campus_images_00453_p03.jpg,3.0,0.6106369495391846,264.0,743.0,356.0,925.0,0.09479166666666666,0.6,success
campus_images_00453.jpg,campus_images_00453_p04.jpg,4.0,0.44252675771713257,186.0,657.0,272.0,814.0,0.08177083333333333,0.6,success
campus_images_00454.jpg,campus_images_00454_p01.jpg,1.0,0.9379235506057739,388.0,337.0,749.0,1365.0,0.5354166666666667,0.6,success
campus_images_00454.jpg,campus_images_00454_p02.jpg,2.0,0.7956401109695435,275.0,743.0,387.0,924.0,0.09427083333333333,0.6,success
campus_images_00454.jpg,campus_images_00454_p03.jpg,3.0,0.7236038446426392,132.0,632.0,179.0,753.0,0.06302083333333333,0.6,success
campus_images_00454.jpg,campus_images_00454_p04.jpg,4.0,0.578227698802948,177.0,657.0,253.0,818.0,0.08385416666666666,0.6,success
campus_images_00455.jpg,campus_images_00455_p01.jpg,1.0,0.9209753274917603,345.0,333.0,619.0,1266.0,0.4859375,0.6,success
campus_images_00455.jpg,campus_images_00455_p02.jpg,2.0,0.6938413381576538,735.0,677.0,833.0,863.0,0.096875,0.6,success
campus_images_00455.jpg,campus_images_00455_p03.jpg,3.0,0.6090260744094849,283.0,752.0,382.0,925.0,0.09010416666666667,0.6,success
campus_images_00455.jpg,campus_images_00455_p04.jpg,4.0,0.5162360668182373,133.0,632.0,184.0,755.0,0.0640625,0.6,success
campus_images_00456.jpg,campus_images_00456_p01.jpg,1.0,0.879266083240509,280.0,356.0,561.0,1272.0,0.47708333333333336,0.6,success
campus_images_00456.jpg,campus_images_00456_p02.jpg,2.0,0.4427168667316437,744.0,685.0,837.0,823.0,0.071875,0.6,success
campus_images_00456.jpg,campus_images_00456_p03.jpg,3.0,0.4035005271434784,134.0,633.0,184.0,736.0,0.05364583333333333,0.6,success
campus_images_00457.jpg,campus_images_00457_p01.jpg,1.0,0.9101932048797607,249.0,364.0,526.0,1250.0,0.46145833333333336,0.6,success
campus_images_00457.jpg,campus_images_00457_p02.jpg,2.0,0.47852998971939087,109.0,649.0,180.0,823.0,0.090625,0.6,success
campus_images_00457.jpg,campus_images_00457_p03.jpg,3.0,0.4612484276294708,750.0,683.0,840.0,859.0,0.09166666666666666,0.6,success
campus_images_00458.jpg,campus_images_00458_p01.jpg,1.0,0.8886805772781372,188.0,370.0,459.0,1183.0,0.4234375,0.6,success
campus_images_00458.jpg,campus_images_00458_p02.jpg,2.0,0.6088275909423828,88.0,657.0,148.0,824.0,0.08697916666666666,0.6,success
campus_images_00458.jpg,campus_images_00458_p03.jpg,3.0,0.3536790609359741,137.0,642.0,195.0,803.0,0.08385416666666666,0.6,success
campus_images_00458.jpg,campus_images_00458_p04.jpg,4.0,0.3468289077281952,753.0,684.0,842.0,835.0,0.07864583333333333,0.6,success
campus_images_00458.jpg,campus_images_00458_p05.jpg,5.0,0.3445979952812195,1.0,738.0,74.0,949.0,0.10989583333333333,0.6,success
campus_images_00459.jpg,campus_images_00459_p01.jpg,1.0,0.9232965707778931,125.0,388.0,394.0,1178.0,0.4114583333333333,0.6,success
campus_images_00459.jpg,campus_images_00459_p02.jpg,2.0,0.7399678230285645,7.0,740.0,106.0,960.0,0.11458333333333333,0.6,success
campus_images_00459.jpg,campus_images_00459_p03.jpg,3.0,0.4152161777019501,756.0,679.0,843.0,838.0,0.0828125,0.6,success
campus_images_00460.jpg,campus_images_00460_p01.jpg,1.0,0.8980109691619873,100.0,401.0,351.0,1154.0,0.3921875,0.6,success
campus_images_00461.jpg,campus_images_00461_p01.jpg,1.0,0.9076721668243408,59.0,403.0,281.0,1120.0,0.3734375,0.6,success
campus_images_00461.jpg,campus_images_00461_p02.jpg,2.0,0.44869375228881836,279.0,756.0,369.0,934.0,0.09270833333333334,0.6,success
campus_images_00462.jpg,campus_images_00462_p01.jpg,1.0,0.9115135073661804,32.0,412.0,253.0,1116.0,0.36666666666666664,0.6,success
campus_images_00462.jpg,campus_images_00462_p02.jpg,2.0,0.6077954769134521,279.0,759.0,366.0,936.0,0.0921875,0.6,success
campus_images_00463.jpg,campus_images_00463_p01.jpg,1.0,0.8168219923973083,5.0,427.0,237.0,1108.0,0.3546875,0.6,success
campus_images_00463.jpg,campus_images_00463_p02.jpg,2.0,0.709102213382721,276.0,761.0,364.0,938.0,0.0921875,0.6,success
campus_images_00464.jpg,campus_images_00464_p01.jpg,1.0,0.8774613738059998,1.0,429.0,202.0,1102.0,0.35052083333333334,0.6,success
campus_images_00465.jpg,campus_images_00465_p01.jpg,1.0,0.8479671478271484,0.0,432.0,152.0,1068.0,0.33125,0.6,success
campus_images_00465.jpg,campus_images_00465_p02.jpg,2.0,0.8323958516120911,270.0,757.0,365.0,940.0,0.0953125,0.6,success
campus_images_00465.jpg,campus_images_00465_p03.jpg,3.0,0.766093909740448,124.0,744.0,213.0,960.0,0.1125,0.6,success
campus_images_00465.jpg,campus_images_00465_p04.jpg,4.0,0.38400015234947205,800.0,687.0,883.0,829.0,0.07395833333333333,0.6,success
campus_images_00466.jpg,campus_images_00466_p01.jpg,1.0,0.7310621738433838,0.0,452.0,138.0,1071.0,0.3223958333333333,0.6,success
campus_images_00466.jpg,campus_images_00466_p02.jpg,2.0,0.59135502576828,277.0,768.0,364.0,942.0,0.090625,0.6,success
campus_images_00467.jpg,campus_images_00467_p01.jpg,1.0,0.783693253993988,157.0,743.0,266.0,960.0,0.11302083333333333,0.6,success
campus_images_00467.jpg,campus_images_00467_p02.jpg,2.0,0.7653894424438477,0.0,454.0,94.0,1025.0,0.29739583333333336,0.6,success
campus_images_00467.jpg,campus_images_00467_p03.jpg,3.0,0.6010891795158386,285.0,750.0,367.0,942.0,0.1,0.6,success
campus_images_00467.jpg,campus_images_00467_p04.jpg,4.0,0.41370195150375366,1.0,451.0,96.0,1027.0,0.3,0.6,success
campus_images_00468.jpg,campus_images_00468_p01.jpg,1.0,0.8008855581283569,0.0,527.0,84.0,1002.0,0.24739583333333334,0.6,success
campus_images_00468.jpg,campus_images_00468_p02.jpg,2.0,0.7824706435203552,166.0,733.0,264.0,955.0,0.115625,0.6,success
campus_images_00468.jpg,campus_images_00468_p03.jpg,3.0,0.688545286655426,281.0,755.0,377.0,942.0,0.09739583333333333,0.6,success
campus_images_00468.jpg,campus_images_00468_p04.jpg,4.0,0.5482434034347534,114.0,654.0,159.0,778.0,0.06458333333333334,0.6,success
campus_images_00469.jpg,campus_images_00469_p01.jpg,1.0,0.7397087812423706,110.0,655.0,159.0,780.0,0.06510416666666667,0.6,success
campus_images_00469.jpg,campus_images_00469_p02.jpg,2.0,0.6830818057060242,0.0,565.0,72.0,999.0,0.22604166666666667,0.6,success
campus_images_00470.jpg,campus_images_00470_p01.jpg,1.0,0.761057436466217,110.0,656.0,158.0,781.0,0.06510416666666667,0.6,success
campus_images_00470.jpg,campus_images_00470_p02.jpg,2.0,0.6586636900901794,0.0,569.0,61.0,981.0,0.21458333333333332,0.6,success
campus_images_00470.jpg,campus_images_00470_p03.jpg,3.0,0.4768425226211548,204.0,736.0,307.0,954.0,0.11354166666666667,0.6,success
campus_images_00470.jpg,campus_images_00470_p04.jpg,4.0,0.33352547883987427,286.0,758.0,388.0,947.0,0.0984375,0.6,success
campus_images_00471.jpg,campus_images_00471_p01.jpg,1.0,0.7639408111572266,110.0,658.0,161.0,784.0,0.065625,0.6,success
campus_images_00471.jpg,campus_images_00471_p02.jpg,2.0,0.3332086205482483,242.0,745.0,325.0,947.0,0.10520833333333333,0.6,success
campus_images_00472.jpg,campus_images_00472_p01.jpg,1.0,0.3771536946296692,109.0,704.0,195.0,824.0,0.0625,0.6,success
campus_images_00472.jpg,campus_images_00472_p02.jpg,2.0,0.3252679705619812,108.0,661.0,154.0,747.0,0.04479166666666667,0.6,success
campus_images_00472.jpg,campus_images_00472_p03.jpg,3.0,0.30436787009239197,819.0,732.0,870.0,847.0,0.059895833333333336,0.6,success
campus_images_00473.jpg,campus_images_00473_p01.jpg,1.0,0.5935531258583069,108.0,664.0,155.0,783.0,0.06197916666666667,0.6,success
campus_images_00473.jpg,campus_images_00473_p02.jpg,2.0,0.37926533818244934,26.0,703.0,121.0,835.0,0.06875,0.6,success
campus_images_00473.jpg,campus_images_00473_p03.jpg,3.0,0.3761084973812103,238.0,770.0,307.0,957.0,0.09739583333333333,0.6,success
campus_images_00473.jpg,campus_images_00473_p04.jpg,4.0,0.3413827419281006,288.0,766.0,368.0,951.0,0.09635416666666667,0.6,success
campus_images_00473.jpg,campus_images_00473_p05.jpg,5.0,0.33079126477241516,27.0,700.0,126.0,840.0,0.07291666666666667,0.6,success
campus_images_00474.jpg,campus_images_00474_p01.jpg,1.0,0.8105629682540894,109.0,664.0,156.0,785.0,0.06302083333333333,0.6,success
campus_images_00474.jpg,campus_images_00474_p02.jpg,2.0,0.5446277856826782,285.0,764.0,377.0,953.0,0.0984375,0.6,success
campus_images_00474.jpg,campus_images_00474_p03.jpg,3.0,0.5080313682556152,219.0,766.0,292.0,958.0,0.1,0.6,success
campus_images_00474.jpg,campus_images_00474_p04.jpg,4.0,0.46690958738327026,0.0,714.0,47.0,806.0,0.04791666666666667,0.6,success
campus_images_00475.jpg,campus_images_00475_p01.jpg,1.0,0.7544002532958984,109.0,666.0,154.0,788.0,0.06354166666666666,0.6,success
campus_images_00475.jpg,campus_images_00475_p02.jpg,2.0,0.46430233120918274,203.0,767.0,280.0,962.0,0.1015625,0.6,success
campus_images_00475.jpg,campus_images_00475_p03.jpg,3.0,0.457075297832489,281.0,769.0,367.0,951.0,0.09479166666666666,0.6,success
campus_images_00475.jpg,campus_images_00475_p04.jpg,4.0,0.336191326379776,281.0,775.0,347.0,946.0,0.0890625,0.6,success
campus_images_00476.jpg,campus_images_00476_p01.jpg,1.0,0.7823352813720703,109.0,667.0,157.0,787.0,0.0625,0.6,success
campus_images_00476.jpg,campus_images_00476_p02.jpg,2.0,0.5738642811775208,196.0,786.0,274.0,962.0,0.09166666666666666,0.6,success
campus_images_00476.jpg,campus_images_00476_p03.jpg,3.0,0.401628702878952,304.0,808.0,362.0,951.0,0.07447916666666667,0.6,success
campus_images_00476.jpg,campus_images_00476_p04.jpg,4.0,0.3173803985118866,807.0,727.0,861.0,854.0,0.06614583333333333,0.6,success
campus_images_00477.jpg,campus_images_00477_p01.jpg,1.0,0.7675943970680237,184.0,784.0,263.0,963.0,0.09322916666666667,0.6,success
campus_images_00477.jpg,campus_images_00477_p02.jpg,2.0,0.7671399116516113,106.0,667.0,156.0,786.0,0.06197916666666667,0.6,success
campus_images_00477.jpg,campus_images_00477_p03.jpg,3.0,0.6338536739349365,264.0,766.0,356.0,955.0,0.0984375,0.6,success
campus_images_00478.jpg,campus_images_00478_p01.jpg,1.0,0.7628380656242371,174.0,781.0,247.0,967.0,0.096875,0.6,success
campus_images_00478.jpg,campus_images_00478_p02.jpg,2.0,0.6934465765953064,105.0,669.0,159.0,789.0,0.0625,0.6,success
campus_images_00478.jpg,campus_images_00478_p03.jpg,3.0,0.46165674924850464,779.0,726.0,831.0,850.0,0.06458333333333334,0.6,success
campus_images_00478.jpg,campus_images_00478_p04.jpg,4.0,0.42097461223602295,726.0,746.0,776.0,898.0,0.07916666666666666,0.6,success
campus_images_00478.jpg,campus_images_00478_p05.jpg,5.0,0.4179697632789612,725.0,743.0,787.0,894.0,0.07864583333333333,0.6,success
campus_images_00478.jpg,campus_images_00478_p06.jpg,6.0,0.3732479214668274,267.0,771.0,363.0,956.0,0.09635416666666667,0.6,success
campus_images_00479.jpg,campus_images_00479_p01.jpg,1.0,0.8147096037864685,160.0,783.0,244.0,971.0,0.09791666666666667,0.6,success
campus_images_00479.jpg,campus_images_00479_p02.jpg,2.0,0.7311784029006958,271.0,773.0,370.0,957.0,0.09583333333333334,0.6,success
campus_images_00479.jpg,campus_images_00479_p03.jpg,3.0,0.5833294987678528,106.0,670.0,153.0,790.0,0.0625,0.6,success
campus_images_00479.jpg,campus_images_00479_p04.jpg,4.0,0.48993590474128723,711.0,749.0,768.0,896.0,0.0765625,0.6,success
campus_images_00479.jpg,campus_images_00479_p05.jpg,5.0,0.395336389541626,711.0,746.0,769.0,896.0,0.078125,0.6,success
campus_images_00480.jpg,campus_images_00480_p01.jpg,1.0,0.7798811197280884,145.0,780.0,235.0,972.0,0.1,0.6,success
campus_images_00480.jpg,campus_images_00480_p02.jpg,2.0,0.670357346534729,284.0,764.0,372.0,958.0,0.10104166666666667,0.6,success
campus_images_00480.jpg,campus_images_00480_p03.jpg,3.0,0.5741175413131714,103.0,669.0,151.0,789.0,0.0625,0.6,success
campus_images_00480.jpg,campus_images_00480_p04.jpg,4.0,0.47765979170799255,699.0,752.0,752.0,895.0,0.07447916666666667,0.6,success
campus_images_00480.jpg,campus_images_00480_p05.jpg,5.0,0.3467775881290436,694.0,750.0,754.0,897.0,0.0765625,0.6,success
campus_images_00481.jpg,campus_images_00481_p01.jpg,1.0,0.8392292261123657,134.0,796.0,245.0,972.0,0.09166666666666666,0.6,success
campus_images_00481.jpg,campus_images_00481_p02.jpg,2.0,0.7228171229362488,102.0,670.0,151.0,795.0,0.06510416666666667,0.6,success
campus_images_00481.jpg,campus_images_00481_p03.jpg,3.0,0.45970314741134644,280.0,770.0,353.0,960.0,0.09895833333333333,0.6,success
campus_images_00481.jpg,campus_images_00481_p04.jpg,4.0,0.40287265181541443,717.0,742.0,767.0,897.0,0.08072916666666667,0.6,success
campus_images_00481.jpg,campus_images_00481_p05.jpg,5.0,0.39444515109062195,686.0,753.0,732.0,895.0,0.07395833333333333,0.6,success
campus_images_00481.jpg,campus_images_00481_p06.jpg,6.0,0.3076501488685608,284.0,778.0,337.0,964.0,0.096875,0.6,success
campus_images_00482.jpg,campus_images_00482_p01.jpg,1.0,0.7881150245666504,131.0,812.0,239.0,976.0,0.08541666666666667,0.6,success
campus_images_00482.jpg,campus_images_00482_p02.jpg,2.0,0.7329623103141785,101.0,676.0,150.0,795.0,0.06197916666666667,0.6,success
campus_images_00482.jpg,campus_images_00482_p03.jpg,3.0,0.5859415531158447,278.0,774.0,354.0,961.0,0.09739583333333333,0.6,success
campus_images_00482.jpg,campus_images_00482_p04.jpg,4.0,0.5592193007469177,701.0,739.0,767.0,899.0,0.08333333333333333,0.6,success
campus_images_00483.jpg,campus_images_00483_p01.jpg,1.0,0.8725207448005676,134.0,813.0,243.0,979.0,0.08645833333333333,0.6,success
campus_images_00483.jpg,campus_images_00483_p02.jpg,2.0,0.7243164777755737,102.0,678.0,150.0,797.0,0.06197916666666667,0.6,success
campus_images_00483.jpg,campus_images_00483_p03.jpg,3.0,0.6613797545433044,266.0,775.0,355.0,964.0,0.0984375,0.6,success
campus_images_00483.jpg,campus_images_00483_p04.jpg,4.0,0.41809213161468506,686.0,737.0,744.0,896.0,0.0828125,0.6,success
campus_images_00484.jpg,campus_images_00484_p01.jpg,1.0,0.8682818412780762,129.0,820.0,244.0,980.0,0.08333333333333333,0.6,success
campus_images_00484.jpg,campus_images_00484_p02.jpg,2.0,0.7904226183891296,255.0,779.0,342.0,969.0,0.09895833333333333,0.6,success
campus_images_00484.jpg,campus_images_00484_p03.jpg,3.0,0.7237062454223633,100.0,679.0,150.0,799.0,0.0625,0.6,success
campus_images_00484.jpg,campus_images_00484_p04.jpg,4.0,0.310283899307251,687.0,742.0,735.0,900.0,0.08229166666666667,0.6,success
campus_images_00485.jpg,campus_images_00485_p01.jpg,1.0,0.7178080677986145,213.0,778.0,318.0,975.0,0.10260416666666666,0.6,success
campus_images_00485.jpg,campus_images_00485_p02.jpg,2.0,0.6320939064025879,99.0,682.0,145.0,776.0,0.04895833333333333,0.6,success
campus_images_00485.jpg,campus_images_00485_p03.jpg,3.0,0.6170665621757507,126.0,819.0,230.0,984.0,0.0859375,0.6,success
campus_images_00486.jpg,campus_images_00486_p01.jpg,1.0,0.7397616505622864,206.0,785.0,319.0,976.0,0.09947916666666666,0.6,success
campus_images_00486.jpg,campus_images_00486_p02.jpg,2.0,0.7157335877418518,126.0,813.0,238.0,986.0,0.09010416666666667,0.6,success
campus_images_00486.jpg,campus_images_00486_p03.jpg,3.0,0.6710938811302185,100.0,682.0,145.0,805.0,0.0640625,0.6,success
campus_images_00487.jpg,campus_images_00487_p01.jpg,1.0,0.8188086748123169,95.0,687.0,143.0,813.0,0.065625,0.6,success
campus_images_00487.jpg,campus_images_00487_p02.jpg,2.0,0.71858149766922,210.0,789.0,311.0,979.0,0.09895833333333333,0.6,success
campus_images_00487.jpg,campus_images_00487_p03.jpg,3.0,0.6561601161956787,128.0,804.0,238.0,987.0,0.0953125,0.6,success
campus_images_00487.jpg,campus_images_00487_p04.jpg,4.0,0.3577275574207306,233.0,716.0,286.0,799.0,0.043229166666666666,0.6,success
campus_images_00488.jpg,campus_images_00488_p01.jpg,1.0,0.7813710570335388,95.0,694.0,145.0,811.0,0.0609375,0.6,success
campus_images_00488.jpg,campus_images_00488_p02.jpg,2.0,0.7334330081939697,129.0,814.0,231.0,991.0,0.0921875,0.6,success
campus_images_00488.jpg,campus_images_00488_p03.jpg,3.0,0.5588948130607605,209.0,797.0,299.0,984.0,0.09739583333333333,0.6,success
campus_images_00489.jpg,campus_images_00489_p01.jpg,1.0,0.7829672694206238,94.0,699.0,145.0,810.0,0.0578125,0.6,success
campus_images_00489.jpg,campus_images_00489_p02.jpg,2.0,0.6513113379478455,206.0,802.0,295.0,983.0,0.09427083333333333,0.6,success
campus_images_00489.jpg,campus_images_00489_p03.jpg,3.0,0.6336686611175537,140.0,809.0,232.0,994.0,0.09635416666666667,0.6,success
campus_images_00490.jpg,campus_images_00490_p01.jpg,1.0,0.8057518005371094,976.0,526.0,1080.0,1101.0,0.2994791666666667,0.6,success
campus_images_00490.jpg,campus_images_00490_p02.jpg,2.0,0.6679614782333374,93.0,701.0,150.0,816.0,0.059895833333333336,0.6,success
campus_images_00490.jpg,campus_images_00490_p03.jpg,3.0,0.3749240040779114,161.0,800.0,236.0,994.0,0.10104166666666667,0.6,success
campus_images_00491.jpg,campus_images_00491_p01.jpg,1.0,0.6195308566093445,89.0,701.0,139.0,788.0,0.0453125,0.6,success
campus_images_00491.jpg,campus_images_00491_p02.jpg,2.0,0.5531833171844482,131.0,798.0,247.0,997.0,0.10364583333333334,0.6,success
campus_images_00491.jpg,campus_images_00491_p03.jpg,3.0,0.5318586230278015,931.0,533.0,1080.0,1096.0,0.29322916666666665,0.6,success
campus_images_00492.jpg,campus_images_00492_p01.jpg,1.0,0.9008377194404602,861.0,536.0,1077.0,1088.0,0.2875,0.6,success
campus_images_00492.jpg,campus_images_00492_p02.jpg,2.0,0.5654820203781128,129.0,784.0,254.0,1002.0,0.11354166666666667,0.6,success
campus_images_00492.jpg,campus_images_00492_p03.jpg,3.0,0.438472181558609,87.0,703.0,143.0,779.0,0.03958333333333333,0.6,success
campus_images_00493.jpg,campus_images_00493_p01.jpg,1.0,0.8712072372436523,845.0,538.0,1020.0,1058.0,0.2708333333333333,0.6,success
campus_images_00493.jpg,campus_images_00493_p02.jpg,2.0,0.8312115669250488,981.0,539.0,1080.0,1041.0,0.26145833333333335,0.6,success
campus_images_00493.jpg,campus_images_00493_p03.jpg,3.0,0.7837978005409241,129.0,783.0,276.0,1001.0,0.11354166666666667,0.6,success
campus_images_00493.jpg,campus_images_00493_p04.jpg,4.0,0.3806985914707184,87.0,704.0,139.0,776.0,0.0375,0.6,success
campus_images_00494.jpg,campus_images_00494_p01.jpg,1.0,0.8633999824523926,794.0,543.0,984.0,1067.0,0.27291666666666664,0.6,success
campus_images_00494.jpg,campus_images_00494_p02.jpg,2.0,0.8511715531349182,969.0,542.0,1079.0,1048.0,0.2635416666666667,0.6,success
campus_images_00494.jpg,campus_images_00494_p03.jpg,3.0,0.7197931408882141,131.0,792.0,254.0,1004.0,0.11041666666666666,0.6,success
campus_images_00495.jpg,campus_images_00495_p01.jpg,1.0,0.8162197470664978,932.0,556.0,1075.0,1047.0,0.2557291666666667,0.6,success
campus_images_00495.jpg,campus_images_00495_p02.jpg,2.0,0.7597112655639648,756.0,556.0,944.0,1064.0,0.26458333333333334,0.6,success
campus_images_00495.jpg,campus_images_00495_p03.jpg,3.0,0.7485259175300598,152.0,786.0,256.0,1006.0,0.11458333333333333,0.6,success
campus_images_00495.jpg,campus_images_00495_p04.jpg,4.0,0.736037015914917,309.0,811.0,377.0,987.0,0.09166666666666666,0.6,success
campus_images_00496.jpg,campus_images_00496_p01.jpg,1.0,0.8330914974212646,733.0,561.0,921.0,1042.0,0.25052083333333336,0.6,success
campus_images_00496.jpg,campus_images_00496_p02.jpg,2.0,0.8142206072807312,903.0,560.0,1062.0,1048.0,0.25416666666666665,0.6,success
campus_images_00496.jpg,campus_images_00496_p03.jpg,3.0,0.7885836958885193,140.0,774.0,280.0,1006.0,0.12083333333333333,0.6,success
campus_images_00496.jpg,campus_images_00496_p04.jpg,4.0,0.7428158521652222,257.0,816.0,349.0,998.0,0.09479166666666666,0.6,success
campus_images_00496.jpg,campus_images_00496_p05.jpg,5.0,0.4034777879714966,90.0,712.0,134.0,802.0,0.046875,0.6,success
campus_images_00496.jpg,campus_images_00496_p06.jpg,6.0,0.3424728512763977,668.0,769.0,735.0,939.0,0.08854166666666667,0.6,success
campus_images_00497.jpg,campus_images_00497_p01.jpg,1.0,0.8895527720451355,713.0,559.0,894.0,1032.0,0.24635416666666668,0.6,success
campus_images_00497.jpg,campus_images_00497_p02.jpg,2.0,0.7398326992988586,142.0,778.0,302.0,1007.0,0.11927083333333334,0.6,success
campus_images_00497.jpg,campus_images_00497_p03.jpg,3.0,0.6790974140167236,862.0,557.0,1047.0,1019.0,0.240625,0.6,success
campus_images_00497.jpg,campus_images_00497_p04.jpg,4.0,0.34790948033332825,84.0,713.0,142.0,797.0,0.04375,0.6,success
campus_images_00498.jpg,campus_images_00498_p01.jpg,1.0,0.81126868724823,643.0,573.0,859.0,1030.0,0.23802083333333332,0.6,success
campus_images_00498.jpg,campus_images_00498_p02.jpg,2.0,0.7869582772254944,134.0,776.0,290.0,1009.0,0.12135416666666667,0.6,success
campus_images_00498.jpg,campus_images_00498_p03.jpg,3.0,0.7696467638015747,840.0,563.0,970.0,1019.0,0.2375,0.6,success
campus_images_00498.jpg,campus_images_00498_p04.jpg,4.0,0.4801537096500397,84.0,714.0,149.0,892.0,0.09270833333333334,0.6,success
campus_images_00498.jpg,campus_images_00498_p05.jpg,5.0,0.3005754351615906,84.0,714.0,144.0,881.0,0.08697916666666666,0.6,success
campus_images_00499.jpg,campus_images_00499_p01.jpg,1.0,0.9093409776687622,645.0,575.0,829.0,1022.0,0.2328125,0.6,success
campus_images_00499.jpg,campus_images_00499_p02.jpg,2.0,0.9062988758087158,806.0,569.0,957.0,1025.0,0.2375,0.6,success
campus_images_00499.jpg,campus_images_00499_p03.jpg,3.0,0.8293429017066956,130.0,763.0,282.0,1013.0,0.13020833333333334,0.6,success
campus_images_00499.jpg,campus_images_00499_p04.jpg,4.0,0.30242207646369934,71.0,726.0,133.0,905.0,0.09322916666666667,0.6,success
campus_images_00500.jpg,campus_images_00500_p01.jpg,1.0,0.8676539659500122,633.0,567.0,774.0,1029.0,0.240625,0.6,success
campus_images_00500.jpg,campus_images_00500_p02.jpg,2.0,0.8619433045387268,140.0,753.0,268.0,1015.0,0.13645833333333332,0.6,success
campus_images_00500.jpg,campus_images_00500_p03.jpg,3.0,0.859180212020874,781.0,563.0,941.0,1009.0,0.23229166666666667,0.6,success
campus_images_00500.jpg,campus_images_00500_p04.jpg,4.0,0.677596926689148,65.0,823.0,153.0,1027.0,0.10625,0.6,success
campus_images_00500.jpg,campus_images_00500_p05.jpg,5.0,0.31806737184524536,76.0,719.0,134.0,825.0,0.05520833333333333,0.6,success
campus_images_00501.jpg,campus_images_00501_p01.jpg,1.0,0.8443988561630249,617.0,580.0,748.0,1015.0,0.2265625,0.6,success
campus_images_00501.jpg,campus_images_00501_p02.jpg,2.0,0.8344976305961609,143.0,762.0,262.0,1019.0,0.13385416666666666,0.6,success
campus_images_00501.jpg,campus_images_00501_p03.jpg,3.0,0.7968171238899231,71.0,835.0,158.0,1030.0,0.1015625,0.6,success
campus_images_00501.jpg,campus_images_00501_p04.jpg,4.0,0.7754344344139099,744.0,574.0,911.0,1004.0,0.22395833333333334,0.6,success
campus_images_00501.jpg,campus_images_00501_p05.jpg,5.0,0.6522775292396545,9.0,845.0,86.0,1040.0,0.1015625,0.6,success
campus_images_00501.jpg,campus_images_00501_p06.jpg,6.0,0.43143561482429504,78.0,719.0,133.0,842.0,0.0640625,0.6,success
campus_images_00502.jpg,campus_images_00502_p01.jpg,1.0,0.8717797994613647,577.0,583.0,725.0,1014.0,0.22447916666666667,0.6,success
campus_images_00502.jpg,campus_images_00502_p02.jpg,2.0,0.8572957515716553,153.0,765.0,282.0,1021.0,0.13333333333333333,0.6,success
campus_images_00502.jpg,campus_images_00502_p03.jpg,3.0,0.8242777585983276,726.0,584.0,896.0,994.0,0.21354166666666666,0.6,success
campus_images_00502.jpg,campus_images_00502_p04.jpg,4.0,0.8192025423049927,46.0,832.0,154.0,1032.0,0.10416666666666667,0.6,success
campus_images_00502.jpg,campus_images_00502_p05.jpg,5.0,0.5251033902168274,80.0,722.0,132.0,848.0,0.065625,0.6,success
campus_images_00503.jpg,campus_images_00503_p01.jpg,1.0,0.8843626976013184,714.0,581.0,865.0,1002.0,0.21927083333333333,0.6,success
campus_images_00503.jpg,campus_images_00503_p02.jpg,2.0,0.8811633586883545,555.0,586.0,715.0,987.0,0.20885416666666667,0.6,success
campus_images_00503.jpg,campus_images_00503_p03.jpg,3.0,0.8262964487075806,37.0,835.0,140.0,1037.0,0.10520833333333333,0.6,success
campus_images_00503.jpg,campus_images_00503_p04.jpg,4.0,0.7942434549331665,166.0,765.0,312.0,1020.0,0.1328125,0.6,success
campus_images_00503.jpg,campus_images_00503_p05.jpg,5.0,0.4948444962501526,78.0,723.0,136.0,847.0,0.06458333333333334,0.6,success
campus_images_00503.jpg,campus_images_00503_p06.jpg,6.0,0.33518218994140625,9.0,776.0,65.0,911.0,0.0703125,0.6,success
campus_images_00504.jpg,campus_images_00504_p01.jpg,1.0,0.8153040409088135,531.0,593.0,698.0,981.0,0.20208333333333334,0.6,success
campus_images_00504.jpg,campus_images_00504_p02.jpg,2.0,0.7902182936668396,34.0,842.0,133.0,1039.0,0.10260416666666666,0.6,success
campus_images_00504.jpg,campus_images_00504_p03.jpg,3.0,0.5706806778907776,695.0,578.0,847.0,976.0,0.20729166666666668,0.6,success
campus_images_00504.jpg,campus_images_00504_p04.jpg,4.0,0.5689586997032166,170.0,764.0,385.0,1015.0,0.13072916666666667,0.6,success
campus_images_00504.jpg,campus_images_00504_p05.jpg,5.0,0.48596009612083435,695.0,580.0,857.0,970.0,0.203125,0.6,success
campus_images_00504.jpg,campus_images_00504_p06.jpg,6.0,0.46524596214294434,272.0,757.0,389.0,1005.0,0.12916666666666668,0.6,success
campus_images_00504.jpg,campus_images_00504_p07.jpg,7.0,0.45923978090286255,78.0,728.0,135.0,848.0,0.0625,0.6,success
campus_images_00505.jpg,campus_images_00505_p01.jpg,1.0,0.8141186237335205,11.0,846.0,139.0,1042.0,0.10208333333333333,0.6,success
campus_images_00505.jpg,campus_images_00505_p02.jpg,2.0,0.7916266322135925,174.0,756.0,357.0,1019.0,0.13697916666666668,0.6,success
campus_images_00505.jpg,campus_images_00505_p03.jpg,3.0,0.7753273844718933,510.0,599.0,680.0,986.0,0.2015625,0.6,success
campus_images_00505.jpg,campus_images_00505_p04.jpg,4.0,0.7693450450897217,660.0,588.0,817.0,978.0,0.203125,0.6,success
campus_images_00505.jpg,campus_images_00505_p05.jpg,5.0,0.5736399292945862,78.0,728.0,136.0,848.0,0.0625,0.6,success
campus_images_00506.jpg,campus_images_00506_p01.jpg,1.0,0.858614981174469,184.0,746.0,344.0,1018.0,0.14166666666666666,0.6,success
campus_images_00506.jpg,campus_images_00506_p02.jpg,2.0,0.8471901416778564,508.0,618.0,654.0,995.0,0.19635416666666666,0.6,success
campus_images_00506.jpg,campus_images_00506_p03.jpg,3.0,0.7561601400375366,658.0,592.0,822.0,990.0,0.20729166666666668,0.6,success
campus_images_00506.jpg,campus_images_00506_p04.jpg,4.0,0.7059311270713806,6.0,830.0,139.0,1043.0,0.1109375,0.6,success
campus_images_00506.jpg,campus_images_00506_p05.jpg,5.0,0.6795414090156555,77.0,729.0,140.0,845.0,0.06041666666666667,0.6,success
campus_images_00507.jpg,campus_images_00507_p01.jpg,1.0,0.8595708012580872,498.0,618.0,627.0,986.0,0.19166666666666668,0.6,success
campus_images_00507.jpg,campus_images_00507_p02.jpg,2.0,0.8411842584609985,13.0,848.0,117.0,1045.0,0.10260416666666666,0.6,success
campus_images_00507.jpg,campus_images_00507_p03.jpg,3.0,0.8010095953941345,210.0,745.0,332.0,1017.0,0.14166666666666666,0.6,success
campus_images_00507.jpg,campus_images_00507_p04.jpg,4.0,0.7327021956443787,80.0,728.0,135.0,850.0,0.06354166666666666,0.6,success
campus_images_00507.jpg,campus_images_00507_p05.jpg,5.0,0.5775442123413086,637.0,591.0,780.0,978.0,0.2015625,0.6,success
campus_images_00508.jpg,campus_images_00508_p01.jpg,1.0,0.8742592334747314,475.0,622.0,618.0,980.0,0.18645833333333334,0.6,success
campus_images_00508.jpg,campus_images_00508_p02.jpg,2.0,0.8493971228599548,216.0,728.0,360.0,1017.0,0.15052083333333333,0.6,success
campus_images_00508.jpg,campus_images_00508_p03.jpg,3.0,0.8133252859115601,2.0,855.0,98.0,1048.0,0.10052083333333334,0.6,success
campus_images_00508.jpg,campus_images_00508_p04.jpg,4.0,0.8013467192649841,620.0,590.0,761.0,981.0,0.20364583333333333,0.6,success
campus_images_00508.jpg,campus_images_00508_p05.jpg,5.0,0.6920911073684692,80.0,730.0,135.0,851.0,0.06302083333333333,0.6,success
campus_images_00508.jpg,campus_images_00508_p06.jpg,6.0,0.6554151177406311,724.0,630.0,814.0,954.0,0.16875,0.6,success
campus_images_00508.jpg,campus_images_00508_p07.jpg,7.0,0.412649542093277,723.0,629.0,814.0,957.0,0.17083333333333334,0.6,success
campus_images_00509.jpg,campus_images_00509_p01.jpg,1.0,0.8554613590240479,612.0,593.0,754.0,973.0,0.19791666666666666,0.6,success
campus_images_00509.jpg,campus_images_00509_p02.jpg,2.0,0.8076196312904358,453.0,639.0,609.0,984.0,0.1796875,0.6,success
campus_images_00509.jpg,campus_images_00509_p03.jpg,3.0,0.7987639904022217,232.0,714.0,387.0,1015.0,0.15677083333333333,0.6,success
campus_images_00509.jpg,campus_images_00509_p04.jpg,4.0,0.749576210975647,712.0,625.0,807.0,963.0,0.17604166666666668,0.6,success
campus_images_00509.jpg,campus_images_00509_p05.jpg,5.0,0.7308838367462158,1.0,856.0,82.0,1049.0,0.10052083333333334,0.6,success
campus_images_00509.jpg,campus_images_00509_p06.jpg,6.0,0.6201502084732056,80.0,729.0,135.0,851.0,0.06354166666666666,0.6,success
campus_images_00509.jpg,campus_images_00509_p07.jpg,7.0,0.48250532150268555,188.0,828.0,268.0,1025.0,0.10260416666666666,0.6,success
campus_images_00510.jpg,campus_images_00510_p01.jpg,1.0,0.8101304769515991,698.0,624.0,801.0,964.0,0.17708333333333334,0.6,success
campus_images_00510.jpg,campus_images_00510_p02.jpg,2.0,0.7709526419639587,177.0,835.0,269.0,1026.0,0.09947916666666666,0.6,success
campus_images_00510.jpg,campus_images_00510_p03.jpg,3.0,0.7528113126754761,605.0,600.0,739.0,974.0,0.19479166666666667,0.6,success
campus_images_00510.jpg,campus_images_00510_p04.jpg,4.0,0.6990528106689453,241.0,709.0,439.0,1014.0,0.15885416666666666,0.6,success
campus_images_00510.jpg,campus_images_00510_p05.jpg,5.0,0.6820124387741089,441.0,665.0,599.0,985.0,0.16666666666666666,0.6,success
campus_images_00510.jpg,campus_images_00510_p06.jpg,6.0,0.6050208210945129,0.0,863.0,67.0,1048.0,0.09635416666666667,0.6,success
campus_images_00510.jpg,campus_images_00510_p07.jpg,7.0,0.5199593305587769,80.0,730.0,135.0,850.0,0.0625,0.6,success
campus_images_00511.jpg,campus_images_00511_p01.jpg,1.0,0.8383433818817139,435.0,668.0,592.0,990.0,0.16770833333333332,0.6,success
campus_images_00511.jpg,campus_images_00511_p02.jpg,2.0,0.835956335067749,152.0,833.0,214.0,1027.0,0.10104166666666667,0.6,success
campus_images_00511.jpg,campus_images_00511_p03.jpg,3.0,0.7997516393661499,599.0,623.0,732.0,979.0,0.18541666666666667,0.6,success
campus_images_00511.jpg,campus_images_00511_p04.jpg,4.0,0.7751510143280029,702.0,630.0,800.0,964.0,0.17395833333333333,0.6,success
campus_images_00511.jpg,campus_images_00511_p05.jpg,5.0,0.6903866529464722,265.0,696.0,439.0,1009.0,0.16302083333333334,0.6,success
campus_images_00511.jpg,campus_images_00511_p06.jpg,6.0,0.5619100332260132,79.0,733.0,136.0,851.0,0.06145833333333333,0.6,success
campus_images_00511.jpg,campus_images_00511_p07.jpg,7.0,0.3136981129646301,0.0,865.0,55.0,1049.0,0.09583333333333334,0.6,success
campus_images_00512.jpg,campus_images_00512_p01.jpg,1.0,0.8650805354118347,431.0,688.0,574.0,991.0,0.1578125,0.6,success
campus_images_00512.jpg,campus_images_00512_p02.jpg,2.0,0.8380056023597717,594.0,630.0,722.0,977.0,0.18072916666666666,0.6,success
campus_images_00512.jpg,campus_images_00512_p03.jpg,3.0,0.8316053748130798,118.0,840.0,204.0,1035.0,0.1015625,0.6,success
campus_images_00512.jpg,campus_images_00512_p04.jpg,4.0,0.7941519618034363,699.0,632.0,799.0,964.0,0.17291666666666666,0.6,success
campus_images_00512.jpg,campus_images_00512_p05.jpg,5.0,0.6780313849449158,297.0,681.0,419.0,1012.0,0.17239583333333333,0.6,success
campus_images_00512.jpg,campus_images_00512_p06.jpg,6.0,0.5865892171859741,0.0,869.0,62.0,1051.0,0.09479166666666666,0.6,success
campus_images_00512.jpg,campus_images_00512_p07.jpg,7.0,0.5282396674156189,81.0,733.0,136.0,853.0,0.0625,0.6,success
campus_images_00513.jpg,campus_images_00513_p01.jpg,1.0,0.8732292056083679,432.0,696.0,568.0,991.0,0.15364583333333334,0.6,success
campus_images_00513.jpg,campus_images_00513_p02.jpg,2.0,0.8275150656700134,695.0,631.0,796.0,963.0,0.17291666666666666,0.6,success
campus_images_00513.jpg,campus_images_00513_p03.jpg,3.0,0.8207861185073853,581.0,633.0,710.0,978.0,0.1796875,0.6,success
campus_images_00513.jpg,campus_images_00513_p04.jpg,4.0,0.8115814328193665,100.0,834.0,176.0,1039.0,0.10677083333333333,0.6,success
campus_images_00513.jpg,campus_images_00513_p05.jpg,5.0,0.719708263874054,306.0,675.0,442.0,1010.0,0.17447916666666666,0.6,success
campus_images_00514.jpg,campus_images_00514_p01.jpg,1.0,0.8958224058151245,563.0,647.0,695.0,981.0,0.17395833333333333,0.6,success
campus_images_00514.jpg,campus_images_00514_p02.jpg,2.0,0.882283091545105,432.0,692.0,540.0,998.0,0.159375,0.6,success
campus_images_00514.jpg,campus_images_00514_p03.jpg,3.0,0.8646242022514343,327.0,661.0,454.0,1011.0,0.18229166666666666,0.6,success
campus_images_00514.jpg,campus_images_00514_p04.jpg,4.0,0.8309594392776489,691.0,631.0,795.0,964.0,0.1734375,0.6,success
campus_images_00514.jpg,campus_images_00514_p05.jpg,5.0,0.7357273101806641,77.0,842.0,145.0,1039.0,0.10260416666666666,0.6,success
campus_images_00515.jpg,campus_images_00515_p01.jpg,1.0,0.8328964114189148,682.0,632.0,798.0,965.0,0.1734375,0.6,success
campus_images_00515.jpg,campus_images_00515_p02.jpg,2.0,0.8312423229217529,551.0,661.0,674.0,980.0,0.16614583333333333,0.6,success
campus_images_00515.jpg,campus_images_00515_p03.jpg,3.0,0.7139606475830078,40.0,854.0,138.0,1049.0,0.1015625,0.6,success
campus_images_00515.jpg,campus_images_00515_p04.jpg,4.0,0.6053293347358704,83.0,736.0,136.0,864.0,0.06666666666666667,0.6,success
campus_images_00515.jpg,campus_images_00515_p05.jpg,5.0,0.5539928674697876,352.0,652.0,483.0,1003.0,0.1828125,0.6,success
campus_images_00515.jpg,campus_images_00515_p06.jpg,6.0,0.3928022086620331,353.0,651.0,535.0,1001.0,0.18229166666666666,0.6,success
campus_images_00516.jpg,campus_images_00516_p01.jpg,1.0,0.834885835647583,547.0,663.0,666.0,983.0,0.16666666666666666,0.6,success
campus_images_00516.jpg,campus_images_00516_p02.jpg,2.0,0.7777926921844482,362.0,648.0,553.0,1015.0,0.19114583333333332,0.6,success
campus_images_00516.jpg,campus_images_00516_p03.jpg,3.0,0.7536612749099731,25.0,855.0,117.0,1053.0,0.103125,0.6,success
campus_images_00516.jpg,campus_images_00516_p04.jpg,4.0,0.7329593300819397,683.0,634.0,800.0,967.0,0.1734375,0.6,success
campus_images_00516.jpg,campus_images_00516_p05.jpg,5.0,0.4707018733024597,80.0,737.0,138.0,861.0,0.06458333333333334,0.6,success
campus_images_00517.jpg,campus_images_00517_p01.jpg,1.0,0.848951518535614,540.0,668.0,663.0,983.0,0.1640625,0.6,success
campus_images_00517.jpg,campus_images_00517_p02.jpg,2.0,0.8265625238418579,675.0,639.0,801.0,968.0,0.17135416666666667,0.6,success
campus_images_00517.jpg,campus_images_00517_p03.jpg,3.0,0.7686479091644287,370.0,632.0,526.0,1019.0,0.2015625,0.6,success
campus_images_00517.jpg,campus_images_00517_p04.jpg,4.0,0.6356824040412903,7.0,854.0,67.0,1055.0,0.1046875,0.6,success
campus_images_00517.jpg,campus_images_00517_p05.jpg,5.0,0.5286467671394348,81.0,738.0,132.0,863.0,0.06510416666666667,0.6,success
campus_images_00518.jpg,campus_images_00518_p01.jpg,1.0,0.8416590690612793,536.0,685.0,660.0,983.0,0.15520833333333334,0.6,success
campus_images_00518.jpg,campus_images_00518_p02.jpg,2.0,0.8113459348678589,416.0,615.0,546.0,1017.0,0.209375,0.6,success
campus_images_00518.jpg,campus_images_00518_p03.jpg,3.0,0.8085885643959045,681.0,659.0,803.0,967.0,0.16041666666666668,0.6,success
campus_images_00518.jpg,campus_images_00518_p04.jpg,4.0,0.6557695269584656,78.0,735.0,129.0,858.0,0.0640625,0.6,success
campus_images_00518.jpg,campus_images_00518_p05.jpg,5.0,0.6252607107162476,0.0,860.0,57.0,1056.0,0.10208333333333333,0.6,success
campus_images_00518.jpg,campus_images_00518_p06.jpg,6.0,0.3637639582157135,78.0,738.0,135.0,860.0,0.06354166666666666,0.6,success
campus_images_00519.jpg,campus_images_00519_p01.jpg,1.0,0.7494603991508484,672.0,651.0,799.0,968.0,0.16510416666666666,0.6,success
campus_images_00519.jpg,campus_images_00519_p02.jpg,2.0,0.6764957308769226,417.0,618.0,586.0,1009.0,0.20364583333333333,0.6,success
campus_images_00519.jpg,campus_images_00519_p03.jpg,3.0,0.652622640132904,0.0,832.0,71.0,1054.0,0.115625,0.6,success
campus_images_00519.jpg,campus_images_00519_p04.jpg,4.0,0.6343559622764587,556.0,695.0,649.0,984.0,0.15052083333333333,0.6,success
campus_images_00519.jpg,campus_images_00519_p05.jpg,5.0,0.5844518542289734,75.0,736.0,126.0,861.0,0.06510416666666667,0.6,success
campus_images_00520.jpg,campus_images_00520_p01.jpg,1.0,0.7952525019645691,662.0,659.0,785.0,967.0,0.16041666666666668,0.6,success
campus_images_00520.jpg,campus_images_00520_p02.jpg,2.0,0.7796744704246521,454.0,620.0,643.0,1033.0,0.21510416666666668,0.6,success
campus_images_00520.jpg,campus_images_00520_p03.jpg,3.0,0.6067473888397217,0.0,828.0,72.0,1037.0,0.10885416666666667,0.6,success
campus_images_00520.jpg,campus_images_00520_p04.jpg,4.0,0.5800751447677612,76.0,734.0,126.0,862.0,0.06666666666666667,0.6,success
campus_images_00520.jpg,campus_images_00520_p05.jpg,5.0,0.5680819153785706,412.0,725.0,501.0,1014.0,0.15052083333333333,0.6,success
campus_images_00521.jpg,campus_images_00521_p01.jpg,1.0,0.7886868119239807,648.0,669.0,766.0,971.0,0.15729166666666666,0.6,success
campus_images_00521.jpg,campus_images_00521_p02.jpg,2.0,0.7541006207466125,502.0,611.0,653.0,1033.0,0.21979166666666666,0.6,success
campus_images_00521.jpg,campus_images_00521_p03.jpg,3.0,0.751297116279602,406.0,728.0,508.0,1005.0,0.14427083333333332,0.6,success
campus_images_00521.jpg,campus_images_00521_p04.jpg,4.0,0.6594953536987305,76.0,737.0,122.0,862.0,0.06510416666666667,0.6,success
campus_images_00521.jpg,campus_images_00521_p05.jpg,5.0,0.5963330268859863,19.0,825.0,94.0,1039.0,0.11145833333333334,0.6,success
campus_images_00522.jpg,campus_images_00522_p01.jpg,1.0,0.8456706404685974,399.0,733.0,509.0,1005.0,0.14166666666666666,0.6,success
campus_images_00522.jpg,campus_images_00522_p02.jpg,2.0,0.725518524646759,564.0,613.0,696.0,1039.0,0.221875,0.6,success
campus_images_00522.jpg,campus_images_00522_p03.jpg,3.0,0.6741145849227905,44.0,826.0,142.0,1038.0,0.11041666666666666,0.6,success
campus_images_00522.jpg,campus_images_00522_p04.jpg,4.0,0.6009476780891418,508.0,722.0,594.0,990.0,0.13958333333333334,0.6,success
campus_images_00522.jpg,campus_images_00522_p05.jpg,5.0,0.5181463956832886,75.0,736.0,121.0,861.0,0.06510416666666667,0.6,success
campus_images_00523.jpg,campus_images_00523_p01.jpg,1.0,0.8444945812225342,392.0,740.0,507.0,1008.0,0.13958333333333334,0.6,success
campus_images_00523.jpg,campus_images_00523_p02.jpg,2.0,0.8108837604522705,497.0,729.0,587.0,993.0,0.1375,0.6,success
campus_images_00523.jpg,campus_images_00523_p03.jpg,3.0,0.7748996019363403,71.0,740.0,151.0,1026.0,0.14895833333333333,0.6,success
campus_images_00523.jpg,campus_images_00523_p04.jpg,4.0,0.743492603302002,586.0,614.0,768.0,1062.0,0.23333333333333334,0.6,success
campus_images_00524.jpg,campus_images_00524_p01.jpg,1.0,0.8677440881729126,374.0,754.0,493.0,1008.0,0.13229166666666667,0.6,success
campus_images_00524.jpg,campus_images_00524_p02.jpg,2.0,0.7931832671165466,488.0,737.0,596.0,994.0,0.13385416666666666,0.6,success
campus_images_00524.jpg,campus_images_00524_p03.jpg,3.0,0.7857043743133545,627.0,607.0,832.0,1067.0,0.23958333333333334,0.6,success
campus_images_00524.jpg,campus_images_00524_p04.jpg,4.0,0.7616579532623291,104.0,815.0,173.0,1027.0,0.11041666666666666,0.6,success
campus_images_00524.jpg,campus_images_00524_p05.jpg,5.0,0.35395193099975586,78.0,741.0,125.0,857.0,0.06041666666666667,0.6,success
campus_images_00525.jpg,campus_images_00525_p01.jpg,1.0,0.8694575428962708,120.0,818.0,226.0,1023.0,0.10677083333333333,0.6,success
campus_images_00525.jpg,campus_images_00525_p02.jpg,2.0,0.8153122067451477,680.0,603.0,830.0,1071.0,0.24375,0.6,success
campus_images_00525.jpg,campus_images_00525_p03.jpg,3.0,0.7680724859237671,350.0,757.0,483.0,1009.0,0.13125,0.6,success
campus_images_00525.jpg,campus_images_00525_p04.jpg,4.0,0.6104859113693237,595.0,706.0,690.0,983.0,0.14427083333333332,0.6,success
campus_images_00525.jpg,campus_images_00525_p05.jpg,5.0,0.5170643925666809,485.0,750.0,589.0,991.0,0.12552083333333333,0.6,success
campus_images_00525.jpg,campus_images_00525_p06.jpg,6.0,0.49154195189476013,79.0,741.0,127.0,859.0,0.06145833333333333,0.6,success
campus_images_00525.jpg,campus_images_00525_p07.jpg,7.0,0.3680116534233093,479.0,749.0,586.0,990.0,0.12552083333333333,0.6,success
campus_images_00526.jpg,campus_images_00526_p01.jpg,1.0,0.9080584049224854,597.0,340.0,1080.0,1798.0,0.759375,0.8,success
campus_images_00526.jpg,campus_images_00526_p02.jpg,2.0,0.7417633533477783,0.0,736.0,226.0,1653.0,0.47760416666666666,0.6,success
campus_images_00526.jpg,campus_images_00526_p03.jpg,3.0,0.34431329369544983,1.0,1285.0,226.0,1655.0,0.19270833333333334,0.6,success
campus_images_00527.jpg,campus_images_00527_p01.jpg,1.0,0.8816971778869629,687.0,345.0,1080.0,1657.0,0.6833333333333333,0.8,success
campus_images_00528.jpg,campus_images_00528_p01.jpg,1.0,0.8285151124000549,759.0,712.0,899.0,1007.0,0.15364583333333334,0.6,success
campus_images_00529.jpg,campus_images_00529_p01.jpg,1.0,0.8683502078056335,764.0,696.0,894.0,1005.0,0.1609375,0.6,success
campus_images_00529.jpg,campus_images_00529_p02.jpg,2.0,0.845319390296936,1006.0,683.0,1080.0,1094.0,0.2140625,0.6,success
campus_images_00529.jpg,campus_images_00529_p03.jpg,3.0,0.3001655042171478,1002.0,1378.0,1080.0,1597.0,0.1140625,0.6,success
campus_images_00530.jpg,campus_images_00530_p01.jpg,1.0,0.8744362592697144,766.0,682.0,895.0,1007.0,0.16927083333333334,0.6,success
campus_images_00531.jpg,campus_images_00531_p01.jpg,1.0,0.8696664571762085,756.0,677.0,892.0,1009.0,0.17291666666666666,0.6,success
campus_images_00532.jpg,campus_images_00532_p01.jpg,1.0,0.8715957403182983,751.0,681.0,886.0,1009.0,0.17083333333333334,0.6,success
campus_images_00533.jpg,campus_images_00533_p01.jpg,1.0,0.8626484870910645,758.0,685.0,880.0,1007.0,0.16770833333333332,0.6,success
campus_images_00534.jpg,campus_images_00534_p01.jpg,1.0,0.8659807443618774,749.0,674.0,871.0,1004.0,0.171875,0.6,success
campus_images_00535.jpg,campus_images_00535_p01.jpg,1.0,0.8889118432998657,737.0,654.0,868.0,1004.0,0.18229166666666666,0.6,success
campus_images_00536.jpg,campus_images_00536_p01.jpg,1.0,0.9181299209594727,734.0,641.0,878.0,1001.0,0.1875,0.6,success
campus_images_00537.jpg,campus_images_00537_p01.jpg,1.0,0.897731602191925,735.0,640.0,897.0,999.0,0.18697916666666667,0.6,success
campus_images_00538.jpg,campus_images_00538_p01.jpg,1.0,0.8942630887031555,736.0,640.0,892.0,1000.0,0.1875,0.6,success
campus_images_00539.jpg,campus_images_00539_p01.jpg,1.0,0.8282470703125,740.0,621.0,887.0,994.0,0.19427083333333334,0.6,success
campus_images_00540.jpg,campus_images_00540_p01.jpg,1.0,0.9215457439422607,728.0,606.0,885.0,994.0,0.20208333333333334,0.6,success
campus_images_00541.jpg,campus_images_00541_p01.jpg,1.0,0.8847035765647888,703.0,602.0,879.0,993.0,0.20364583333333333,0.6,success
campus_images_00542.jpg,campus_images_00542_p01.jpg,1.0,0.8782883882522583,698.0,597.0,864.0,993.0,0.20625,0.6,success
campus_images_00543.jpg,campus_images_00543_p01.jpg,1.0,0.9131126403808594,685.0,575.0,852.0,992.0,0.2171875,0.6,success
campus_images_00544.jpg,campus_images_00544_p01.jpg,1.0,0.9195467233657837,655.0,553.0,854.0,988.0,0.2265625,0.6,success
campus_images_00545.jpg,campus_images_00545_p01.jpg,1.0,0.9296834468841553,653.0,547.0,846.0,987.0,0.22916666666666666,0.6,success
campus_images_00546.jpg,campus_images_00546_p01.jpg,1.0,0.9163838624954224,659.0,547.0,850.0,1000.0,0.2359375,0.6,success
campus_images_00547.jpg,campus_images_00547_p01.jpg,1.0,0.8691577911376953,664.0,544.0,869.0,1015.0,0.2453125,0.6,success
campus_images_00548.jpg,campus_images_00548_p01.jpg,1.0,0.9404056072235107,649.0,542.0,907.0,1012.0,0.24479166666666666,0.6,success
campus_images_00549.jpg,campus_images_00549_p01.jpg,1.0,0.9367170929908752,653.0,539.0,915.0,1016.0,0.2484375,0.6,success
campus_images_00550.jpg,campus_images_00550_p01.jpg,1.0,0.8805491924285889,667.0,538.0,886.0,1036.0,0.259375,0.6,success
campus_images_00551.jpg,campus_images_00551_p01.jpg,1.0,0.9191386699676514,664.0,537.0,879.0,1045.0,0.26458333333333334,0.6,success
campus_images_00552.jpg,campus_images_00552_p01.jpg,1.0,0.9327926635742188,673.0,533.0,904.0,1046.0,0.2671875,0.6,success
campus_images_00553.jpg,campus_images_00553_p01.jpg,1.0,0.6388018727302551,722.0,531.0,934.0,1050.0,0.2703125,0.6,success
campus_images_00554.jpg,campus_images_00554_p01.jpg,1.0,0.917153000831604,745.0,530.0,939.0,1061.0,0.2765625,0.6,success
campus_images_00555.jpg,campus_images_00555_p01.jpg,1.0,0.9304837584495544,748.0,536.0,952.0,1078.0,0.28229166666666666,0.6,success
campus_images_00556.jpg,campus_images_00556_p01.jpg,1.0,0.9302777051925659,755.0,527.0,980.0,1081.0,0.28854166666666664,0.6,success
campus_images_00557.jpg,campus_images_00557_p01.jpg,1.0,0.9362121820449829,808.0,526.0,1072.0,1086.0,0.2916666666666667,0.6,success
campus_images_00558.jpg,campus_images_00558_p01.jpg,1.0,0.9206337928771973,853.0,531.0,1080.0,1120.0,0.3067708333333333,0.6,success
campus_images_00559.jpg,campus_images_00559_p01.jpg,1.0,0.9312472343444824,852.0,537.0,1077.0,1137.0,0.3125,0.6,success
campus_images_00560.jpg,campus_images_00560_p01.jpg,1.0,0.9281421303749084,880.0,528.0,1079.0,1139.0,0.3182291666666667,0.6,success
campus_images_00561.jpg,campus_images_00561_p01.jpg,1.0,0.7523549795150757,958.0,529.0,1079.0,1140.0,0.3182291666666667,0.6,success
campus_images_00562.jpg,campus_images_00562_p01.jpg,1.0,0.7906627655029297,959.0,559.0,1079.0,1145.0,0.30520833333333336,0.6,success
campus_images_00563.jpg,campus_images_00563_p01.jpg,1.0,0.44791871309280396,957.0,692.0,1080.0,1147.0,0.23697916666666666,0.6,success
campus_images_00564.jpg,,,,,,,,,,no_person
campus_images_00565.jpg,,,,,,,,,,no_person
campus_images_00566.jpg,,,,,,,,,,no_person
campus_images_00567.jpg,,,,,,,,,,no_person
campus_images_00568.jpg,,,,,,,,,,no_person
campus_images_00569.jpg,,,,,,,,,,no_person
campus_images_00570.jpg,,,,,,,,,,no_person
campus_images_00571.jpg,,,,,,,,,,no_person
campus_images_00572.jpg,,,,,,,,,,no_person
campus_images_00573.jpg,,,,,,,,,,no_person
campus_images_00574.jpg,,,,,,,,,,no_person
campus_images_00575.jpg,,,,,,,,,,no_person
campus_images_00576.jpg,,,,,,,,,,no_person
campus_images_00577.jpg,,,,,,,,,,no_person
campus_images_00578.jpg,campus_images_00578_p01.jpg,1.0,0.7243747711181641,0.0,328.0,231.0,1905.0,0.8213541666666667,0.8,success
campus_images_00579.jpg,campus_images_00579_p01.jpg,1.0,0.8702539801597595,0.0,310.0,424.0,1904.0,0.8302083333333333,0.8,success
campus_images_00580.jpg,campus_images_00580_p01.jpg,1.0,0.8135316371917725,36.0,362.0,612.0,1919.0,0.8109375,0.8,success
campus_images_00581.jpg,campus_images_00581_p01.jpg,1.0,0.37170082330703735,130.0,374.0,758.0,1915.0,0.8026041666666667,0.8,success
campus_images_00582.jpg,campus_images_00582_p01.jpg,1.0,0.9163639545440674,336.0,369.0,957.0,1920.0,0.8078125,0.8,success
campus_images_00583.jpg,campus_images_00583_p01.jpg,1.0,0.927778422832489,436.0,408.0,1072.0,1910.0,0.7822916666666667,0.8,success
campus_images_00584.jpg,campus_images_00584_p01.jpg,1.0,0.9401995539665222,561.0,428.0,1080.0,1920.0,0.7770833333333333,0.8,success
campus_images_00585.jpg,campus_images_00585_p01.jpg,1.0,0.888317883014679,797.0,421.0,1080.0,1907.0,0.7739583333333333,0.8,success
campus_images_00586.jpg,campus_images_00586_p01.jpg,1.0,0.5703814625740051,944.0,686.0,1080.0,1844.0,0.603125,0.8,success
campus_images_00587.jpg,campus_images_00587_p01.jpg,1.0,0.552717924118042,947.0,1333.0,1080.0,1827.0,0.25729166666666664,0.6,success
campus_images_00588.jpg,,,,,,,,,,no_person
campus_images_00589.jpg,,,,,,,,,,no_person
campus_images_00590.jpg,,,,,,,,,,no_person
campus_images_00591.jpg,,,,,,,,,,no_person
campus_images_00592.jpg,,,,,,,,,,no_person
campus_images_00593.jpg,,,,,,,,,,no_person
campus_images_00594.jpg,,,,,,,,,,no_person
campus_images_00595.jpg,,,,,,,,,,no_person
campus_images_00596.jpg,,,,,,,,,,no_person
campus_images_00597.jpg,,,,,,,,,,no_person
campus_images_00598.jpg,,,,,,,,,,no_person
campus_images_00599.jpg,,,,,,,,,,no_person
campus_images_00600.jpg,,,,,,,,,,no_person
campus_images_00601.jpg,campus_images_00601_p01.jpg,1.0,0.8057862520217896,976.0,554.0,1080.0,1112.0,0.290625,0.6,success
campus_images_00602.jpg,campus_images_00602_p01.jpg,1.0,0.438821405172348,929.0,547.0,1080.0,1114.0,0.2953125,0.6,success
campus_images_00603.jpg,campus_images_00603_p01.jpg,1.0,0.8624714612960815,933.0,556.0,1080.0,1108.0,0.2875,0.6,success
campus_images_00603.jpg,campus_images_00603_p02.jpg,2.0,0.4467885196208954,0.0,432.0,169.0,1198.0,0.39895833333333336,0.6,success
campus_images_00604.jpg,campus_images_00604_p01.jpg,1.0,0.8592323660850525,945.0,559.0,1079.0,1107.0,0.28541666666666665,0.6,success
campus_images_00604.jpg,campus_images_00604_p02.jpg,2.0,0.8560454845428467,0.0,348.0,291.0,1911.0,0.8140625,0.8,success
campus_images_00605.jpg,campus_images_00605_p01.jpg,1.0,0.91510009765625,928.0,559.0,1080.0,1069.0,0.265625,0.6,success
campus_images_00605.jpg,campus_images_00605_p02.jpg,2.0,0.8932889699935913,0.0,384.0,414.0,1908.0,0.79375,0.8,success
campus_images_00606.jpg,campus_images_00606_p01.jpg,1.0,0.9129056930541992,0.0,409.0,555.0,1914.0,0.7838541666666666,0.8,success
campus_images_00606.jpg,campus_images_00606_p02.jpg,2.0,0.8672400116920471,901.0,564.0,1080.0,1067.0,0.26197916666666665,0.6,success
campus_images_00607.jpg,campus_images_00607_p01.jpg,1.0,0.8861780762672424,883.0,563.0,1068.0,1066.0,0.26197916666666665,0.6,success
campus_images_00607.jpg,campus_images_00607_p02.jpg,2.0,0.8795463442802429,3.0,377.0,757.0,1920.0,0.8036458333333333,0.8,success
campus_images_00608.jpg,campus_images_00608_p01.jpg,1.0,0.8574712872505188,882.0,559.0,1054.0,1044.0,0.2526041666666667,0.6,success
campus_images_00608.jpg,campus_images_00608_p02.jpg,2.0,0.7891664505004883,212.0,380.0,1071.0,1920.0,0.8020833333333334,0.8,success
campus_images_00608.jpg,campus_images_00608_p03.jpg,3.0,0.5184147357940674,998.0,868.0,1080.0,1053.0,0.09635416666666667,0.6,success
campus_images_00609.jpg,campus_images_00609_p01.jpg,1.0,0.8278201818466187,390.0,418.0,1080.0,1913.0,0.7786458333333334,0.8,success
campus_images_00610.jpg,campus_images_00610_p01.jpg,1.0,0.6539451479911804,556.0,442.0,1080.0,1913.0,0.7661458333333333,0.8,success
campus_images_00611.jpg,campus_images_00611_p01.jpg,1.0,0.8162718415260315,665.0,437.0,1080.0,1907.0,0.765625,0.8,success
campus_images_00612.jpg,campus_images_00612_p01.jpg,1.0,0.8099919557571411,783.0,489.0,1080.0,1916.0,0.7432291666666667,0.8,success
campus_images_00613.jpg,campus_images_00613_p01.jpg,1.0,0.8364191055297852,905.0,617.0,1065.0,1031.0,0.215625,0.6,success
campus_images_00613.jpg,campus_images_00613_p02.jpg,2.0,0.8360516428947449,880.0,771.0,1080.0,1920.0,0.5984375,0.8,success
campus_images_00614.jpg,campus_images_00614_p01.jpg,1.0,0.8026342391967773,918.0,629.0,1070.0,1052.0,0.2203125,0.6,success
campus_images_00614.jpg,campus_images_00614_p02.jpg,2.0,0.404788076877594,895.0,1081.0,1080.0,1918.0,0.4359375,0.6,success
campus_images_00615.jpg,campus_images_00615_p01.jpg,1.0,0.8332558274269104,917.0,654.0,1078.0,1055.0,0.20885416666666667,0.6,success
campus_images_00616.jpg,campus_images_00616_p01.jpg,1.0,0.8721175193786621,933.0,659.0,1078.0,1055.0,0.20625,0.6,success
campus_images_00616.jpg,campus_images_00616_p02.jpg,2.0,0.5878751873970032,869.0,814.0,969.0,1029.0,0.11197916666666667,0.6,success
campus_images_00617.jpg,campus_images_00617_p01.jpg,1.0,0.8834542036056519,947.0,666.0,1079.0,1058.0,0.20416666666666666,0.6,success
campus_images_00617.jpg,campus_images_00617_p02.jpg,2.0,0.8313389420509338,859.0,803.0,972.0,1030.0,0.11822916666666666,0.6,success
campus_images_00618.jpg,campus_images_00618_p01.jpg,1.0,0.8718122243881226,847.0,795.0,958.0,1029.0,0.121875,0.6,success
campus_images_00618.jpg,campus_images_00618_p02.jpg,2.0,0.863427460193634,957.0,697.0,1079.0,1061.0,0.18958333333333333,0.6,success
campus_images_00618.jpg,campus_images_00618_p03.jpg,3.0,0.6174920797348022,0.0,430.0,160.0,1908.0,0.7697916666666667,0.8,success
campus_images_00619.jpg,campus_images_00619_p01.jpg,1.0,0.9000763297080994,0.0,351.0,500.0,1920.0,0.8171875,0.8,success
campus_images_00619.jpg,campus_images_00619_p02.jpg,2.0,0.8553000092506409,825.0,780.0,942.0,1029.0,0.1296875,0.6,success
campus_images_00619.jpg,campus_images_00619_p03.jpg,3.0,0.7801721692085266,970.0,699.0,1080.0,1066.0,0.19114583333333332,0.6,success
campus_images_00620.jpg,campus_images_00620_p01.jpg,1.0,0.9401791095733643,0.0,414.0,881.0,1912.0,0.7802083333333333,0.8,success
campus_images_00620.jpg,campus_images_00620_p02.jpg,2.0,0.8894100785255432,801.0,770.0,929.0,1029.0,0.13489583333333333,0.6,success
campus_images_00620.jpg,campus_images_00620_p03.jpg,3.0,0.8235904574394226,978.0,698.0,1078.0,1070.0,0.19375,0.6,success
campus_images_00621.jpg,campus_images_00621_p01.jpg,1.0,0.897331953048706,23.0,445.0,981.0,1916.0,0.7661458333333333,0.8,success
campus_images_00621.jpg,campus_images_00621_p02.jpg,2.0,0.8093987107276917,775.0,772.0,912.0,1024.0,0.13125,0.6,success
campus_images_00621.jpg,campus_images_00621_p03.jpg,3.0,0.7582709789276123,981.0,700.0,1080.0,1102.0,0.209375,0.6,success
campus_images_00622.jpg,campus_images_00622_p01.jpg,1.0,0.8611534833908081,791.0,759.0,899.0,1027.0,0.13958333333333334,0.6,success
campus_images_00622.jpg,campus_images_00622_p02.jpg,2.0,0.6961195468902588,209.0,422.0,880.0,1918.0,0.7791666666666667,0.8,success
campus_images_00622.jpg,campus_images_00622_p03.jpg,3.0,0.673153281211853,985.0,698.0,1080.0,1078.0,0.19791666666666666,0.6,success
campus_images_00623.jpg,campus_images_00623_p01.jpg,1.0,0.8375502228736877,384.0,465.0,1080.0,1920.0,0.7578125,0.8,success
campus_images_00624.jpg,campus_images_00624_p01.jpg,1.0,0.8793806433677673,483.0,464.0,1080.0,1917.0,0.7567708333333333,0.8,success
campus_images_00625.jpg,campus_images_00625_p01.jpg,1.0,0.4749585688114166,794.0,450.0,1080.0,1893.0,0.7515625,0.8,success
campus_images_00625.jpg,campus_images_00625_p02.jpg,2.0,0.310788631439209,728.0,731.0,804.0,921.0,0.09895833333333333,0.6,success
campus_images_00626.jpg,campus_images_00626_p01.jpg,1.0,0.8664966821670532,686.0,518.0,1080.0,1880.0,0.709375,0.8,success
campus_images_00626.jpg,campus_images_00626_p02.jpg,2.0,0.7337178587913513,710.0,709.0,832.0,1004.0,0.15364583333333334,0.6,success
campus_images_00627.jpg,campus_images_00627_p01.jpg,1.0,0.8720871210098267,787.0,652.0,1080.0,1826.0,0.6114583333333333,0.8,success
campus_images_00627.jpg,campus_images_00627_p02.jpg,2.0,0.858244001865387,679.0,704.0,822.0,1005.0,0.15677083333333333,0.6,success
campus_images_00628.jpg,campus_images_00628_p01.jpg,1.0,0.8602721095085144,658.0,704.0,826.0,1001.0,0.1546875,0.6,success
campus_images_00628.jpg,campus_images_00628_p02.jpg,2.0,0.4698978066444397,955.0,691.0,1080.0,1663.0,0.50625,0.6,success
campus_images_00629.jpg,campus_images_00629_p01.jpg,1.0,0.7457811832427979,654.0,691.0,822.0,1002.0,0.16197916666666667,0.6,success
campus_images_00630.jpg,campus_images_00630_p01.jpg,1.0,0.8468486070632935,653.0,676.0,820.0,1001.0,0.16927083333333334,0.6,success
campus_images_00631.jpg,campus_images_00631_p01.jpg,1.0,0.6387906074523926,656.0,672.0,809.0,1001.0,0.17135416666666667,0.6,success
campus_images_00631.jpg,campus_images_00631_p02.jpg,2.0,0.45425498485565186,561.0,672.0,810.0,998.0,0.16979166666666667,0.6,success
campus_images_00632.jpg,campus_images_00632_p01.jpg,1.0,0.6988405585289001,564.0,669.0,790.0,1001.0,0.17291666666666666,0.6,success
campus_images_00633.jpg,campus_images_00633_p01.jpg,1.0,0.8675631880760193,619.0,651.0,770.0,1004.0,0.18385416666666668,0.6,success
campus_images_00634.jpg,campus_images_00634_p01.jpg,1.0,0.8944072723388672,573.0,636.0,758.0,991.0,0.18489583333333334,0.6,success
campus_images_00635.jpg,campus_images_00635_p01.jpg,1.0,0.8799236416816711,566.0,635.0,747.0,984.0,0.18177083333333333,0.6,success
campus_images_00636.jpg,campus_images_00636_p01.jpg,1.0,0.9003156423568726,562.0,637.0,732.0,999.0,0.18854166666666666,0.6,success
campus_images_00637.jpg,campus_images_00637_p01.jpg,1.0,0.9175723791122437,546.0,620.0,713.0,1002.0,0.19895833333333332,0.6,success
campus_images_00638.jpg,campus_images_00638_p01.jpg,1.0,0.9219170212745667,537.0,610.0,701.0,1007.0,0.20677083333333332,0.6,success
campus_images_00639.jpg,campus_images_00639_p01.jpg,1.0,0.9173076748847961,532.0,612.0,686.0,1008.0,0.20625,0.6,success
campus_images_00640.jpg,campus_images_00640_p01.jpg,1.0,0.9239777326583862,478.0,617.0,656.0,1019.0,0.209375,0.6,success
campus_images_00641.jpg,campus_images_00641_p01.jpg,1.0,0.9139032959938049,480.0,616.0,641.0,1027.0,0.2140625,0.6,success
campus_images_00642.jpg,campus_images_00642_p01.jpg,1.0,0.9017337560653687,439.0,616.0,596.0,1030.0,0.215625,0.6,success
campus_images_00643.jpg,campus_images_00643_p01.jpg,1.0,0.9221269488334656,403.0,618.0,581.0,1050.0,0.225,0.6,success
campus_images_00644.jpg,campus_images_00644_p01.jpg,1.0,0.9242344498634338,386.0,623.0,564.0,1062.0,0.22864583333333333,0.6,success
campus_images_00645.jpg,campus_images_00645_p01.jpg,1.0,0.9172079563140869,365.0,618.0,544.0,1060.0,0.23020833333333332,0.6,success
campus_images_00646.jpg,campus_images_00646_p01.jpg,1.0,0.746736466884613,356.0,626.0,441.0,901.0,0.14322916666666666,0.6,success
campus_images_00646.jpg,campus_images_00646_p02.jpg,2.0,0.6868935227394104,297.0,631.0,369.0,887.0,0.13333333333333333,0.6,success
campus_images_00646.jpg,campus_images_00646_p03.jpg,3.0,0.5963557958602905,252.0,651.0,311.0,869.0,0.11354166666666667,0.6,success
campus_images_00646.jpg,campus_images_00646_p04.jpg,4.0,0.3921162784099579,510.0,679.0,646.0,902.0,0.11614583333333334,0.6,success
campus_images_00646.jpg,campus_images_00646_p05.jpg,5.0,0.3672982156276703,451.0,653.0,505.0,852.0,0.10364583333333334,0.6,success
campus_images_00647.jpg,campus_images_00647_p01.jpg,1.0,0.7867908477783203,291.0,628.0,377.0,888.0,0.13541666666666666,0.6,success
campus_images_00647.jpg,campus_images_00647_p02.jpg,2.0,0.6260620951652527,368.0,633.0,444.0,898.0,0.13802083333333334,0.6,success
campus_images_00647.jpg,campus_images_00647_p03.jpg,3.0,0.5120375752449036,521.0,681.0,648.0,914.0,0.12135416666666667,0.6,success
campus_images_00647.jpg,campus_images_00647_p04.jpg,4.0,0.4878489673137665,253.0,646.0,303.0,857.0,0.10989583333333333,0.6,success
campus_images_00647.jpg,campus_images_00647_p05.jpg,5.0,0.4158393442630768,433.0,646.0,496.0,846.0,0.10416666666666667,0.6,success
campus_images_00647.jpg,campus_images_00647_p06.jpg,6.0,0.31863847374916077,449.0,652.0,495.0,833.0,0.09427083333333333,0.6,success
campus_images_00648.jpg,campus_images_00648_p01.jpg,1.0,0.7962486743927002,285.0,629.0,378.0,895.0,0.13854166666666667,0.6,success
campus_images_00648.jpg,campus_images_00648_p02.jpg,2.0,0.655514121055603,371.0,633.0,449.0,900.0,0.1390625,0.6,success
campus_images_00648.jpg,campus_images_00648_p03.jpg,3.0,0.49503010511398315,528.0,675.0,648.0,913.0,0.12395833333333334,0.6,success
campus_images_00648.jpg,campus_images_00648_p04.jpg,4.0,0.3566873073577881,447.0,665.0,496.0,826.0,0.08385416666666666,0.6,success
campus_images_00648.jpg,campus_images_00648_p05.jpg,5.0,0.32333046197891235,439.0,659.0,497.0,844.0,0.09635416666666667,0.6,success
campus_images_00649.jpg,campus_images_00649_p01.jpg,1.0,0.828423023223877,288.0,628.0,379.0,901.0,0.1421875,0.6,success
campus_images_00649.jpg,campus_images_00649_p02.jpg,2.0,0.5972514748573303,372.0,631.0,453.0,902.0,0.14114583333333333,0.6,success
campus_images_00649.jpg,campus_images_00649_p03.jpg,3.0,0.4545079469680786,543.0,679.0,647.0,916.0,0.1234375,0.6,success
campus_images_00649.jpg,campus_images_00649_p04.jpg,4.0,0.3259221911430359,444.0,664.0,495.0,845.0,0.09427083333333333,0.6,success
campus_images_00650.jpg,campus_images_00650_p01.jpg,1.0,0.791222095489502,283.0,629.0,380.0,901.0,0.14166666666666666,0.6,success
campus_images_00650.jpg,campus_images_00650_p02.jpg,2.0,0.6342263221740723,389.0,642.0,465.0,901.0,0.13489583333333333,0.6,success
campus_images_00650.jpg,campus_images_00650_p03.jpg,3.0,0.4470263719558716,537.0,685.0,648.0,918.0,0.12135416666666667,0.6,success
campus_images_00651.jpg,campus_images_00651_p01.jpg,1.0,0.7440785765647888,283.0,631.0,379.0,905.0,0.14270833333333333,0.6,success
campus_images_00651.jpg,campus_images_00651_p02.jpg,2.0,0.7187214493751526,389.0,643.0,476.0,896.0,0.13177083333333334,0.6,success
campus_images_00651.jpg,campus_images_00651_p03.jpg,3.0,0.47561460733413696,537.0,683.0,651.0,916.0,0.12135416666666667,0.6,success
campus_images_00652.jpg,campus_images_00652_p01.jpg,1.0,0.8120294213294983,287.0,630.0,385.0,916.0,0.14895833333333333,0.6,success
campus_images_00652.jpg,campus_images_00652_p02.jpg,2.0,0.7848252058029175,395.0,645.0,479.0,897.0,0.13125,0.6,success
campus_images_00652.jpg,campus_images_00652_p03.jpg,3.0,0.34577417373657227,542.0,686.0,651.0,920.0,0.121875,0.6,success
campus_images_00652.jpg,campus_images_00652_p04.jpg,4.0,0.3301662504673004,257.0,644.0,306.0,886.0,0.12604166666666666,0.6,success
campus_images_00653.jpg,campus_images_00653_p01.jpg,1.0,0.821114718914032,284.0,625.0,391.0,918.0,0.15260416666666668,0.6,success
campus_images_00653.jpg,campus_images_00653_p02.jpg,2.0,0.7868922352790833,400.0,642.0,480.0,897.0,0.1328125,0.6,success
campus_images_00653.jpg,campus_images_00653_p03.jpg,3.0,0.7112415432929993,250.0,655.0,306.0,885.0,0.11979166666666667,0.6,success
campus_images_00653.jpg,campus_images_00653_p04.jpg,4.0,0.5661834478378296,526.0,677.0,652.0,915.0,0.12395833333333334,0.6,success
campus_images_00654.jpg,campus_images_00654_p01.jpg,1.0,0.8303959965705872,293.0,625.0,399.0,925.0,0.15625,0.6,success
campus_images_00654.jpg,campus_images_00654_p02.jpg,2.0,0.782737135887146,250.0,659.0,307.0,889.0,0.11979166666666667,0.6,success
campus_images_00654.jpg,campus_images_00654_p03.jpg,3.0,0.5300989151000977,409.0,650.0,487.0,890.0,0.125,0.6,success
campus_images_00654.jpg,campus_images_00654_p04.jpg,4.0,0.31179869174957275,514.0,689.0,649.0,912.0,0.11614583333333334,0.6,success
campus_images_00654.jpg,campus_images_00654_p05.jpg,5.0,0.3093600273132324,545.0,690.0,650.0,917.0,0.11822916666666666,0.6,success
campus_images_00655.jpg,campus_images_00655_p01.jpg,1.0,0.8250687718391418,300.0,631.0,411.0,933.0,0.15729166666666666,0.6,success
campus_images_00655.jpg,campus_images_00655_p02.jpg,2.0,0.8006529808044434,247.0,671.0,312.0,891.0,0.11458333333333333,0.6,success
campus_images_00655.jpg,campus_images_00655_p03.jpg,3.0,0.6917058229446411,412.0,650.0,490.0,891.0,0.12552083333333333,0.6,success
campus_images_00655.jpg,campus_images_00655_p04.jpg,4.0,0.3650783598423004,539.0,687.0,652.0,918.0,0.1203125,0.6,success
campus_images_00656.jpg,campus_images_00656_p01.jpg,1.0,0.7752317786216736,310.0,629.0,419.0,936.0,0.15989583333333332,0.6,success
campus_images_00656.jpg,campus_images_00656_p02.jpg,2.0,0.744868814945221,247.0,679.0,315.0,897.0,0.11354166666666667,0.6,success
campus_images_00656.jpg,campus_images_00656_p03.jpg,3.0,0.6601977944374084,421.0,651.0,489.0,891.0,0.125,0.6,success
campus_images_00656.jpg,campus_images_00656_p04.jpg,4.0,0.45761778950691223,524.0,696.0,649.0,918.0,0.115625,0.6,success
campus_images_00657.jpg,campus_images_00657_p01.jpg,1.0,0.8255993723869324,247.0,675.0,321.0,906.0,0.1203125,0.6,success
campus_images_00657.jpg,campus_images_00657_p02.jpg,2.0,0.7582009434700012,326.0,629.0,422.0,939.0,0.16145833333333334,0.6,success
campus_images_00657.jpg,campus_images_00657_p03.jpg,3.0,0.44893407821655273,526.0,688.0,649.0,918.0,0.11979166666666667,0.6,success
campus_images_00657.jpg,campus_images_00657_p04.jpg,4.0,0.4215654134750366,403.0,651.0,484.0,895.0,0.12708333333333333,0.6,success
campus_images_00658.jpg,campus_images_00658_p01.jpg,1.0,0.8065147399902344,337.0,639.0,480.0,952.0,0.16302083333333334,0.6,success
campus_images_00658.jpg,campus_images_00658_p02.jpg,2.0,0.7682645916938782,250.0,683.0,324.0,908.0,0.1171875,0.6,success
campus_images_00659.jpg,campus_images_00659_p01.jpg,1.0,0.8329252004623413,356.0,637.0,483.0,957.0,0.16666666666666666,0.6,success
campus_images_00659.jpg,campus_images_00659_p02.jpg,2.0,0.8003290891647339,247.0,691.0,325.0,924.0,0.12135416666666667,0.6,success
campus_images_00659.jpg,campus_images_00659_p03.jpg,3.0,0.4174342751502991,528.0,693.0,650.0,926.0,0.12135416666666667,0.6,success
campus_images_00660.jpg,campus_images_00660_p01.jpg,1.0,0.7860485315322876,381.0,636.0,495.0,963.0,0.1703125,0.6,success
campus_images_00660.jpg,campus_images_00660_p02.jpg,2.0,0.7715840935707092,246.0,687.0,319.0,925.0,0.12395833333333334,0.6,success
campus_images_00660.jpg,campus_images_00660_p03.jpg,3.0,0.3872527778148651,525.0,699.0,649.0,927.0,0.11875,0.6,success
campus_images_00661.jpg,campus_images_00661_p01.jpg,1.0,0.8268389701843262,246.0,682.0,323.0,930.0,0.12916666666666668,0.6,success
campus_images_00661.jpg,campus_images_00661_p02.jpg,2.0,0.818397045135498,388.0,637.0,510.0,966.0,0.17135416666666667,0.6,success
campus_images_00661.jpg,campus_images_00661_p03.jpg,3.0,0.3002327084541321,336.0,662.0,395.0,849.0,0.09739583333333333,0.6,success
campus_images_00662.jpg,campus_images_00662_p01.jpg,1.0,0.823156476020813,251.0,680.0,339.0,936.0,0.13333333333333333,0.6,success
campus_images_00662.jpg,campus_images_00662_p02.jpg,2.0,0.5595951080322266,414.0,644.0,532.0,974.0,0.171875,0.6,success
campus_images_00662.jpg,campus_images_00662_p03.jpg,3.0,0.31857001781463623,532.0,695.0,647.0,927.0,0.12083333333333333,0.6,success
campus_images_00663.jpg,campus_images_00663_p01.jpg,1.0,0.8488637208938599,258.0,683.0,336.0,949.0,0.13854166666666667,0.6,success
campus_images_00663.jpg,campus_images_00663_p02.jpg,2.0,0.6486071944236755,445.0,643.0,544.0,977.0,0.17395833333333333,0.6,success
campus_images_00663.jpg,campus_images_00663_p03.jpg,3.0,0.4010365903377533,184.0,748.0,249.0,1071.0,0.16822916666666668,0.6,success
campus_images_00663.jpg,campus_images_00663_p04.jpg,4.0,0.3743961453437805,393.0,662.0,451.0,883.0,0.11510416666666666,0.6,success
campus_images_00664.jpg,campus_images_00664_p01.jpg,1.0,0.8326714634895325,270.0,688.0,345.0,947.0,0.13489583333333333,0.6,success
campus_images_00664.jpg,campus_images_00664_p02.jpg,2.0,0.7581096887588501,442.0,639.0,578.0,981.0,0.178125,0.6,success
campus_images_00664.jpg,campus_images_00664_p03.jpg,3.0,0.6051974296569824,189.0,717.0,269.0,1072.0,0.18489583333333334,0.6,success
campus_images_00664.jpg,campus_images_00664_p04.jpg,4.0,0.5709260106086731,385.0,666.0,462.0,884.0,0.11354166666666667,0.6,success
campus_images_00665.jpg,campus_images_00665_p01.jpg,1.0,0.7950608134269714,266.0,679.0,353.0,944.0,0.13802083333333334,0.6,success
campus_images_00665.jpg,campus_images_00665_p02.jpg,2.0,0.7661429643630981,453.0,647.0,585.0,992.0,0.1796875,0.6,success
campus_images_00665.jpg,campus_images_00665_p03.jpg,3.0,0.6632596850395203,378.0,670.0,466.0,886.0,0.1125,0.6,success
campus_images_00665.jpg,campus_images_00665_p04.jpg,4.0,0.555382251739502,895.0,714.0,1033.0,1056.0,0.178125,0.6,success
campus_images_00665.jpg,campus_images_00665_p05.jpg,5.0,0.5181485414505005,189.0,648.0,279.0,1070.0,0.21979166666666666,0.6,success
campus_images_00665.jpg,campus_images_00665_p06.jpg,6.0,0.35903748869895935,558.0,705.0,654.0,953.0,0.12916666666666668,0.6,success
campus_images_00666.jpg,campus_images_00666_p01.jpg,1.0,0.8304792046546936,290.0,688.0,358.0,962.0,0.14270833333333333,0.6,success
campus_images_00666.jpg,campus_images_00666_p02.jpg,2.0,0.8218909502029419,889.0,679.0,1019.0,1056.0,0.19635416666666666,0.6,success
campus_images_00666.jpg,campus_images_00666_p03.jpg,3.0,0.8108128309249878,186.0,666.0,298.0,1059.0,0.2046875,0.6,success
campus_images_00666.jpg,campus_images_00666_p04.jpg,4.0,0.6517317891120911,468.0,642.0,635.0,1006.0,0.18958333333333333,0.6,success
campus_images_00666.jpg,campus_images_00666_p05.jpg,5.0,0.46722957491874695,376.0,674.0,452.0,885.0,0.10989583333333333,0.6,success
campus_images_00666.jpg,campus_images_00666_p06.jpg,6.0,0.43720340728759766,577.0,699.0,702.0,965.0,0.13854166666666667,0.6,success
campus_images_00666.jpg,campus_images_00666_p07.jpg,7.0,0.30794739723205566,423.0,669.0,474.0,842.0,0.09010416666666667,0.6,success
campus_images_00667.jpg,campus_images_00667_p01.jpg,1.0,0.8768808841705322,872.0,674.0,987.0,1060.0,0.20104166666666667,0.6,success
campus_images_00667.jpg,campus_images_00667_p02.jpg,2.0,0.7601352334022522,297.0,685.0,363.0,963.0,0.14479166666666668,0.6,success
campus_images_00667.jpg,campus_images_00667_p03.jpg,3.0,0.7195103168487549,204.0,674.0,321.0,1045.0,0.19322916666666667,0.6,success
campus_images_00667.jpg,campus_images_00667_p04.jpg,4.0,0.5229669213294983,479.0,635.0,638.0,1000.0,0.19010416666666666,0.6,success
campus_images_00667.jpg,campus_images_00667_p05.jpg,5.0,0.5011929273605347,424.0,670.0,476.0,855.0,0.09635416666666667,0.6,success
campus_images_00667.jpg,campus_images_00667_p06.jpg,6.0,0.4162178933620453,376.0,670.0,450.0,886.0,0.1125,0.6,success
campus_images_00667.jpg,campus_images_00667_p07.jpg,7.0,0.36659470200538635,611.0,703.0,706.0,967.0,0.1375,0.6,success
campus_images_00668.jpg,campus_images_00668_p01.jpg,1.0,0.8791962265968323,823.0,674.0,965.0,1075.0,0.20885416666666667,0.6,success
campus_images_00668.jpg,campus_images_00668_p02.jpg,2.0,0.8518697023391724,498.0,630.0,653.0,1007.0,0.19635416666666666,0.6,success
campus_images_00668.jpg,campus_images_00668_p03.jpg,3.0,0.7794750332832336,208.0,650.0,344.0,1044.0,0.20520833333333333,0.6,success
campus_images_00668.jpg,campus_images_00668_p04.jpg,4.0,0.7093741297721863,313.0,680.0,389.0,953.0,0.1421875,0.6,success
campus_images_00668.jpg,campus_images_00668_p05.jpg,5.0,0.5047889351844788,379.0,668.0,461.0,888.0,0.11458333333333333,0.6,success
campus_images_00668.jpg,campus_images_00668_p06.jpg,6.0,0.48012611269950867,624.0,696.0,711.0,961.0,0.13802083333333334,0.6,success
campus_images_00668.jpg,campus_images_00668_p07.jpg,7.0,0.30629560351371765,427.0,671.0,487.0,843.0,0.08958333333333333,0.6,success
campus_images_00669.jpg,campus_images_00669_p01.jpg,1.0,0.8780617713928223,784.0,671.0,943.0,1072.0,0.20885416666666667,0.6,success
campus_images_00669.jpg,campus_images_00669_p02.jpg,2.0,0.8031579256057739,519.0,637.0,663.0,1015.0,0.196875,0.6,success
campus_images_00669.jpg,campus_images_00669_p03.jpg,3.0,0.776089608669281,332.0,679.0,426.0,971.0,0.15208333333333332,0.6,success
campus_images_00669.jpg,campus_images_00669_p04.jpg,4.0,0.7095270752906799,219.0,646.0,351.0,1027.0,0.1984375,0.6,success
campus_images_00669.jpg,campus_images_00669_p05.jpg,5.0,0.554908812046051,633.0,706.0,714.0,964.0,0.134375,0.6,success
campus_images_00669.jpg,campus_images_00669_p06.jpg,6.0,0.5382376313209534,422.0,669.0,496.0,876.0,0.1078125,0.6,success
campus_images_00670.jpg,campus_images_00670_p01.jpg,1.0,0.8840834498405457,769.0,674.0,910.0,1073.0,0.2078125,0.6,success
campus_images_00670.jpg,campus_images_00670_p02.jpg,2.0,0.7484625577926636,337.0,687.0,433.0,980.0,0.15260416666666668,0.6,success
campus_images_00670.jpg,campus_images_00670_p03.jpg,3.0,0.6387835741043091,542.0,630.0,687.0,1018.0,0.20208333333333334,0.6,success
campus_images_00670.jpg,campus_images_00670_p04.jpg,4.0,0.4691472351551056,431.0,671.0,494.0,878.0,0.1078125,0.6,success
campus_images_00670.jpg,campus_images_00670_p05.jpg,5.0,0.4619003236293793,230.0,658.0,364.0,1021.0,0.1890625,0.6,success
campus_images_00670.jpg,campus_images_00670_p06.jpg,6.0,0.3268669843673706,230.0,660.0,363.0,1021.0,0.18802083333333333,0.6,success
campus_images_00671.jpg,campus_images_00671_p01.jpg,1.0,0.8913315534591675,683.0,676.0,868.0,1073.0,0.20677083333333332,0.6,success
campus_images_00671.jpg,campus_images_00671_p02.jpg,2.0,0.8427725434303284,360.0,685.0,450.0,980.0,0.15364583333333334,0.6,success
campus_images_00671.jpg,campus_images_00671_p03.jpg,3.0,0.7088341116905212,438.0,671.0,505.0,876.0,0.10677083333333333,0.6,success
campus_images_00671.jpg,campus_images_00671_p04.jpg,4.0,0.691152811050415,240.0,665.0,366.0,1020.0,0.18489583333333334,0.6,success
campus_images_00671.jpg,campus_images_00671_p05.jpg,5.0,0.6556074023246765,592.0,636.0,726.0,1032.0,0.20625,0.6,success
campus_images_00672.jpg,campus_images_00672_p01.jpg,1.0,0.8790993094444275,375.0,689.0,468.0,990.0,0.15677083333333333,0.6,success
campus_images_00672.jpg,campus_images_00672_p02.jpg,2.0,0.7332029938697815,243.0,659.0,368.0,1005.0,0.18020833333333333,0.6,success
campus_images_00672.jpg,campus_images_00672_p03.jpg,3.0,0.5314347147941589,605.0,636.0,738.0,1027.0,0.20364583333333333,0.6,success
campus_images_00672.jpg,campus_images_00672_p04.jpg,4.0,0.5002963542938232,443.0,671.0,512.0,876.0,0.10677083333333333,0.6,success
campus_images_00673.jpg,campus_images_00673_p01.jpg,1.0,0.8513138890266418,398.0,690.0,485.0,1004.0,0.16354166666666667,0.6,success
campus_images_00673.jpg,campus_images_00673_p02.jpg,2.0,0.8293933868408203,644.0,688.0,791.0,1073.0,0.20052083333333334,0.6,success
campus_images_00673.jpg,campus_images_00673_p03.jpg,3.0,0.8020579218864441,262.0,670.0,378.0,1002.0,0.17291666666666666,0.6,success
campus_images_00674.jpg,campus_images_00674_p01.jpg,1.0,0.8595057129859924,403.0,686.0,509.0,1000.0,0.16354166666666667,0.6,success
campus_images_00674.jpg,campus_images_00674_p02.jpg,2.0,0.8356692790985107,571.0,708.0,751.0,1071.0,0.1890625,0.6,success
campus_images_00674.jpg,campus_images_00674_p03.jpg,3.0,0.812072217464447,711.0,635.0,822.0,1050.0,0.21614583333333334,0.6,success
campus_images_00674.jpg,campus_images_00674_p04.jpg,4.0,0.7164503931999207,280.0,677.0,388.0,1000.0,0.16822916666666668,0.6,success
campus_images_00674.jpg,campus_images_00674_p05.jpg,5.0,0.5253669023513794,201.0,676.0,276.0,997.0,0.1671875,0.6,success
campus_images_00674.jpg,campus_images_00674_p06.jpg,6.0,0.36460477113723755,537.0,718.0,624.0,931.0,0.1109375,0.6,success
campus_images_00675.jpg,campus_images_00675_p01.jpg,1.0,0.88350909948349,719.0,641.0,896.0,1059.0,0.21770833333333334,0.6,success
campus_images_00675.jpg,campus_images_00675_p02.jpg,2.0,0.8252876996994019,421.0,687.0,533.0,1015.0,0.17083333333333334,0.6,success
campus_images_00675.jpg,campus_images_00675_p03.jpg,3.0,0.752964973449707,563.0,701.0,716.0,1069.0,0.19166666666666668,0.6,success
campus_images_00675.jpg,campus_images_00675_p04.jpg,4.0,0.7481868267059326,300.0,670.0,404.0,984.0,0.16354166666666667,0.6,success
campus_images_00675.jpg,campus_images_00675_p05.jpg,5.0,0.6955767869949341,211.0,674.0,308.0,997.0,0.16822916666666668,0.6,success
campus_images_00676.jpg,campus_images_00676_p01.jpg,1.0,0.9110966324806213,751.0,641.0,933.0,1073.0,0.225,0.6,success
campus_images_00676.jpg,campus_images_00676_p02.jpg,2.0,0.854810357093811,423.0,685.0,535.0,1018.0,0.1734375,0.6,success
campus_images_00676.jpg,campus_images_00676_p03.jpg,3.0,0.7948431968688965,216.0,674.0,318.0,996.0,0.16770833333333332,0.6,success
campus_images_00676.jpg,campus_images_00676_p04.jpg,4.0,0.7891544699668884,542.0,686.0,680.0,1063.0,0.19635416666666666,0.6,success
campus_images_00676.jpg,campus_images_00676_p05.jpg,5.0,0.7790220975875854,317.0,666.0,427.0,982.0,0.16458333333333333,0.6,success
campus_images_00677.jpg,campus_images_00677_p01.jpg,1.0,0.8490676879882812,539.0,688.0,667.0,1062.0,0.19479166666666667,0.6,success
campus_images_00677.jpg,campus_images_00677_p02.jpg,2.0,0.8461526036262512,225.0,674.0,335.0,985.0,0.16197916666666667,0.6,success
campus_images_00677.jpg,campus_images_00677_p03.jpg,3.0,0.8408686518669128,830.0,639.0,972.0,1086.0,0.2328125,0.6,success
campus_images_00677.jpg,campus_images_00677_p04.jpg,4.0,0.8059383034706116,336.0,677.0,419.0,972.0,0.15364583333333334,0.6,success
campus_images_00677.jpg,campus_images_00677_p05.jpg,5.0,0.6901005506515503,414.0,692.0,532.0,1031.0,0.1765625,0.6,success
campus_images_00677.jpg,campus_images_00677_p06.jpg,6.0,0.3595198094844818,645.0,707.0,720.0,979.0,0.14166666666666666,0.6,success
campus_images_00678.jpg,campus_images_00678_p01.jpg,1.0,0.8826375007629395,854.0,637.0,1039.0,1090.0,0.2359375,0.6,success
campus_images_00678.jpg,campus_images_00678_p02.jpg,2.0,0.8617634773254395,415.0,695.0,526.0,1042.0,0.18072916666666666,0.6,success
campus_images_00678.jpg,campus_images_00678_p03.jpg,3.0,0.8550228476524353,539.0,690.0,661.0,1049.0,0.18697916666666667,0.6,success
campus_images_00678.jpg,campus_images_00678_p04.jpg,4.0,0.8312996029853821,247.0,658.0,354.0,982.0,0.16875,0.6,success
campus_images_00678.jpg,campus_images_00678_p05.jpg,5.0,0.7629867196083069,345.0,675.0,427.0,965.0,0.15104166666666666,0.6,success
campus_images_00678.jpg,campus_images_00678_p06.jpg,6.0,0.5320687890052795,646.0,715.0,721.0,978.0,0.13697916666666668,0.6,success
campus_images_00679.jpg,campus_images_00679_p01.jpg,1.0,0.8672115206718445,529.0,695.0,657.0,1039.0,0.17916666666666667,0.6,success
campus_images_00679.jpg,campus_images_00679_p02.jpg,2.0,0.860843300819397,875.0,641.0,1056.0,1081.0,0.22916666666666666,0.6,success
campus_images_00679.jpg,campus_images_00679_p03.jpg,3.0,0.8495908975601196,404.0,690.0,513.0,1042.0,0.18333333333333332,0.6,success
campus_images_00679.jpg,campus_images_00679_p04.jpg,4.0,0.6020218133926392,644.0,713.0,721.0,977.0,0.1375,0.6,success
campus_images_00679.jpg,campus_images_00679_p05.jpg,5.0,0.5098448991775513,276.0,675.0,377.0,973.0,0.15520833333333334,0.6,success
campus_images_00679.jpg,campus_images_00679_p06.jpg,6.0,0.5067854523658752,341.0,680.0,412.0,968.0,0.15,0.6,success
campus_images_00679.jpg,campus_images_00679_p07.jpg,7.0,0.3572266101837158,484.0,675.0,550.0,885.0,0.109375,0.6,success
campus_images_00680.jpg,campus_images_00680_p01.jpg,1.0,0.8811883330345154,391.0,689.0,517.0,1055.0,0.190625,0.6,success
campus_images_00680.jpg,campus_images_00680_p02.jpg,2.0,0.8602321743965149,518.0,692.0,656.0,1033.0,0.17760416666666667,0.6,success
campus_images_00680.jpg,campus_images_00680_p03.jpg,3.0,0.6061526536941528,284.0,649.0,381.0,970.0,0.1671875,0.6,success
campus_images_00680.jpg,campus_images_00680_p04.jpg,4.0,0.516567587852478,639.0,715.0,721.0,974.0,0.13489583333333333,0.6,success
campus_images_00681.jpg,campus_images_00681_p01.jpg,1.0,0.8896930813789368,400.0,693.0,522.0,1070.0,0.19635416666666666,0.6,success
campus_images_00681.jpg,campus_images_00681_p02.jpg,2.0,0.7686283588409424,518.0,697.0,644.0,1020.0,0.16822916666666668,0.6,success
campus_images_00681.jpg,campus_images_00681_p03.jpg,3.0,0.6200096011161804,284.0,661.0,381.0,966.0,0.15885416666666666,0.6,success
campus_images_00681.jpg,campus_images_00681_p04.jpg,4.0,0.35150688886642456,644.0,715.0,720.0,970.0,0.1328125,0.6,success
campus_images_00682.jpg,campus_images_00682_p01.jpg,1.0,0.8326041102409363,411.0,686.0,531.0,1072.0,0.20104166666666667,0.6,success
campus_images_00682.jpg,campus_images_00682_p02.jpg,2.0,0.7777978181838989,513.0,684.0,622.0,1012.0,0.17083333333333334,0.6,success
campus_images_00682.jpg,campus_images_00682_p03.jpg,3.0,0.5483414530754089,293.0,663.0,383.0,954.0,0.1515625,0.6,success
campus_images_00683.jpg,campus_images_00683_p01.jpg,1.0,0.7696525454521179,414.0,679.0,542.0,1085.0,0.21145833333333333,0.6,success
campus_images_00683.jpg,campus_images_00683_p02.jpg,2.0,0.6394615173339844,511.0,687.0,601.0,1007.0,0.16666666666666666,0.6,success
campus_images_00683.jpg,campus_images_00683_p03.jpg,3.0,0.5700754523277283,289.0,667.0,383.0,948.0,0.14635416666666667,0.6,success
campus_images_00683.jpg,campus_images_00683_p04.jpg,4.0,0.5600477457046509,591.0,717.0,658.0,950.0,0.12135416666666667,0.6,success
campus_images_00684.jpg,campus_images_00684_p01.jpg,1.0,0.8556870222091675,413.0,685.0,566.0,1102.0,0.2171875,0.6,success
campus_images_00684.jpg,campus_images_00684_p02.jpg,2.0,0.7060250043869019,286.0,663.0,381.0,939.0,0.14375,0.6,success
campus_images_00684.jpg,campus_images_00684_p03.jpg,3.0,0.538673460483551,571.0,732.0,656.0,952.0,0.11458333333333333,0.6,success
campus_images_00684.jpg,campus_images_00684_p04.jpg,4.0,0.3526923954486847,377.0,661.0,444.0,928.0,0.1390625,0.6,success
campus_images_00685.jpg,campus_images_00685_p01.jpg,1.0,0.8969488143920898,432.0,672.0,572.0,1101.0,0.2234375,0.6,success
campus_images_00685.jpg,campus_images_00685_p02.jpg,2.0,0.6357330083847046,376.0,665.0,450.0,923.0,0.134375,0.6,success
campus_images_00685.jpg,campus_images_00685_p03.jpg,3.0,0.6127197742462158,297.0,654.0,382.0,924.0,0.140625,0.6,success
campus_images_00685.jpg,campus_images_00685_p04.jpg,4.0,0.5831375122070312,569.0,716.0,656.0,952.0,0.12291666666666666,0.6,success
campus_images_00686.jpg,campus_images_00686_p01.jpg,1.0,0.8310015201568604,460.0,676.0,618.0,1111.0,0.2265625,0.6,success
campus_images_00686.jpg,campus_images_00686_p02.jpg,2.0,0.7022817134857178,299.0,658.0,382.0,919.0,0.1359375,0.6,success
campus_images_00686.jpg,campus_images_00686_p03.jpg,3.0,0.44920554757118225,459.0,676.0,618.0,1107.0,0.22447916666666667,0.6,success
campus_images_00686.jpg,campus_images_00686_p04.jpg,4.0,0.4418661892414093,610.0,695.0,707.0,954.0,0.13489583333333333,0.6,success
campus_images_00686.jpg,campus_images_00686_p05.jpg,5.0,0.3330124318599701,411.0,663.0,510.0,961.0,0.15520833333333334,0.6,success
campus_images_00687.jpg,campus_images_00687_p01.jpg,1.0,0.8973711133003235,465.0,668.0,648.0,1133.0,0.2421875,0.6,success
campus_images_00687.jpg,campus_images_00687_p02.jpg,2.0,0.6846514344215393,625.0,690.0,704.0,949.0,0.13489583333333333,0.6,success
campus_images_00687.jpg,campus_images_00687_p03.jpg,3.0,0.6634777784347534,400.0,643.0,533.0,959.0,0.16458333333333333,0.6,success
campus_images_00687.jpg,campus_images_00687_p04.jpg,4.0,0.6445716619491577,295.0,655.0,376.0,910.0,0.1328125,0.6,success
campus_images_00687.jpg,campus_images_00687_p05.jpg,5.0,0.34083092212677,259.0,653.0,312.0,838.0,0.09635416666666667,0.6,success
campus_images_00688.jpg,campus_images_00688_p01.jpg,1.0,0.8653775453567505,522.0,651.0,670.0,1126.0,0.24739583333333334,0.6,success
campus_images_00688.jpg,campus_images_00688_p02.jpg,2.0,0.7441644072532654,448.0,641.0,543.0,901.0,0.13541666666666666,0.6,success
campus_images_00688.jpg,campus_images_00688_p03.jpg,3.0,0.6321650743484497,289.0,649.0,374.0,899.0,0.13020833333333334,0.6,success
campus_images_00688.jpg,campus_images_00688_p04.jpg,4.0,0.5298402905464172,379.0,664.0,484.0,954.0,0.15104166666666666,0.6,success
campus_images_00688.jpg,campus_images_00688_p05.jpg,5.0,0.3381277918815613,632.0,680.0,701.0,950.0,0.140625,0.6,success
campus_images_00689.jpg,campus_images_00689_p01.jpg,1.0,0.9138710498809814,538.0,662.0,705.0,1155.0,0.25677083333333334,0.6,success
campus_images_00689.jpg,campus_images_00689_p02.jpg,2.0,0.8107478618621826,450.0,647.0,543.0,910.0,0.13697916666666668,0.6,success
campus_images_00689.jpg,campus_images_00689_p03.jpg,3.0,0.7571099996566772,364.0,677.0,461.0,953.0,0.14375,0.6,success
campus_images_00689.jpg,campus_images_00689_p04.jpg,4.0,0.707824170589447,287.0,650.0,371.0,897.0,0.12864583333333332,0.6,success
campus_images_00689.jpg,campus_images_00689_p05.jpg,5.0,0.4465746283531189,246.0,647.0,307.0,855.0,0.10833333333333334,0.6,success
campus_images_00690.jpg,campus_images_00690_p01.jpg,1.0,0.9001098275184631,559.0,673.0,736.0,1190.0,0.26927083333333335,0.6,success
campus_images_00690.jpg,campus_images_00690_p02.jpg,2.0,0.8449255228042603,355.0,667.0,454.0,943.0,0.14375,0.6,success
campus_images_00690.jpg,campus_images_00690_p03.jpg,3.0,0.83072429895401,446.0,642.0,548.0,905.0,0.13697916666666668,0.6,success
campus_images_00690.jpg,campus_images_00690_p04.jpg,4.0,0.6725837588310242,297.0,644.0,375.0,895.0,0.13072916666666667,0.6,success
campus_images_00690.jpg,campus_images_00690_p05.jpg,5.0,0.5495674014091492,252.0,647.0,308.0,836.0,0.0984375,0.6,success
campus_images_00691.jpg,campus_images_00691_p01.jpg,1.0,0.8952401876449585,606.0,653.0,779.0,1187.0,0.278125,0.6,success
campus_images_00691.jpg,campus_images_00691_p02.jpg,2.0,0.8687597513198853,442.0,641.0,544.0,917.0,0.14375,0.6,success
campus_images_00691.jpg,campus_images_00691_p03.jpg,3.0,0.8447326421737671,336.0,664.0,446.0,940.0,0.14375,0.6,success
campus_images_00691.jpg,campus_images_00691_p04.jpg,4.0,0.6466665863990784,300.0,653.0,368.0,887.0,0.121875,0.6,success
campus_images_00691.jpg,campus_images_00691_p05.jpg,5.0,0.43725162744522095,251.0,643.0,308.0,842.0,0.10364583333333334,0.6,success
campus_images_00691.jpg,campus_images_00691_p06.jpg,6.0,0.3357091248035431,539.0,655.0,636.0,939.0,0.14791666666666667,0.6,success
campus_images_00692.jpg,campus_images_00692_p01.jpg,1.0,0.8978177905082703,648.0,656.0,844.0,1217.0,0.2921875,0.6,success
campus_images_00692.jpg,campus_images_00692_p02.jpg,2.0,0.8462504148483276,443.0,643.0,543.0,918.0,0.14322916666666666,0.6,success
campus_images_00692.jpg,campus_images_00692_p03.jpg,3.0,0.751058042049408,318.0,656.0,433.0,932.0,0.14375,0.6,success
campus_images_00692.jpg,campus_images_00692_p04.jpg,4.0,0.39817699790000916,555.0,685.0,683.0,944.0,0.13489583333333333,0.6,success
campus_images_00692.jpg,campus_images_00692_p05.jpg,5.0,0.33284246921539307,248.0,643.0,313.0,849.0,0.10729166666666666,0.6,success
campus_images_00693.jpg,campus_images_00693_p01.jpg,1.0,0.9130692481994629,665.0,661.0,859.0,1245.0,0.30416666666666664,0.6,success
campus_images_00693.jpg,campus_images_00693_p02.jpg,2.0,0.846708357334137,439.0,640.0,547.0,923.0,0.14739583333333334,0.6,success
campus_images_00693.jpg,campus_images_00693_p03.jpg,3.0,0.795356273651123,311.0,651.0,420.0,927.0,0.14375,0.6,success
campus_images_00693.jpg,campus_images_00693_p04.jpg,4.0,0.4435460567474365,253.0,637.0,318.0,850.0,0.1109375,0.6,success
campus_images_00693.jpg,campus_images_00693_p05.jpg,5.0,0.425952672958374,544.0,683.0,646.0,932.0,0.1296875,0.6,success
campus_images_00694.jpg,campus_images_00694_p01.jpg,1.0,0.9006527662277222,711.0,654.0,917.0,1251.0,0.3109375,0.6,success
campus_images_00694.jpg,campus_images_00694_p02.jpg,2.0,0.8467774987220764,437.0,641.0,561.0,932.0,0.1515625,0.6,success
campus_images_00694.jpg,campus_images_00694_p03.jpg,3.0,0.8163228631019592,305.0,653.0,405.0,929.0,0.14375,0.6,success
campus_images_00694.jpg,campus_images_00694_p04.jpg,4.0,0.5603193640708923,535.0,667.0,647.0,930.0,0.13697916666666668,0.6,success
campus_images_00694.jpg,campus_images_00694_p05.jpg,5.0,0.45983877778053284,259.0,636.0,329.0,839.0,0.10572916666666667,0.6,success
campus_images_00695.jpg,campus_images_00695_p01.jpg,1.0,0.9062796831130981,697.0,667.0,937.0,1308.0,0.3338541666666667,0.6,success
campus_images_00695.jpg,campus_images_00695_p02.jpg,2.0,0.8566341400146484,444.0,644.0,568.0,942.0,0.15520833333333334,0.6,success
campus_images_00695.jpg,campus_images_00695_p03.jpg,3.0,0.7958717346191406,307.0,655.0,404.0,928.0,0.1421875,0.6,success
campus_images_00695.jpg,campus_images_00695_p04.jpg,4.0,0.5751248002052307,260.0,642.0,336.0,858.0,0.1125,0.6,success
campus_images_00695.jpg,campus_images_00695_p05.jpg,5.0,0.31205618381500244,555.0,705.0,648.0,944.0,0.12447916666666667,0.6,success
campus_images_00696.jpg,campus_images_00696_p01.jpg,1.0,0.918140709400177,713.0,664.0,966.0,1351.0,0.3578125,0.6,success
campus_images_00696.jpg,campus_images_00696_p02.jpg,2.0,0.8353234529495239,454.0,642.0,575.0,942.0,0.15625,0.6,success
campus_images_00696.jpg,campus_images_00696_p03.jpg,3.0,0.8205295205116272,308.0,660.0,402.0,923.0,0.13697916666666668,0.6,success
campus_images_00696.jpg,campus_images_00696_p04.jpg,4.0,0.5570517182350159,265.0,639.0,337.0,864.0,0.1171875,0.6,success
campus_images_00696.jpg,campus_images_00696_p05.jpg,5.0,0.44818535447120667,561.0,712.0,648.0,944.0,0.12083333333333333,0.6,success
campus_images_00696.jpg,campus_images_00696_p06.jpg,6.0,0.3807017207145691,620.0,696.0,702.0,951.0,0.1328125,0.6,success
campus_images_00697.jpg,campus_images_00697_p01.jpg,1.0,0.911091685295105,763.0,656.0,1013.0,1353.0,0.36302083333333335,0.6,success
campus_images_00697.jpg,campus_images_00697_p02.jpg,2.0,0.8435137271881104,457.0,643.0,578.0,949.0,0.159375,0.6,success
campus_images_00697.jpg,campus_images_00697_p03.jpg,3.0,0.8046209812164307,308.0,655.0,400.0,918.0,0.13697916666666668,0.6,success
campus_images_00697.jpg,campus_images_00697_p04.jpg,4.0,0.5558508038520813,618.0,694.0,708.0,951.0,0.13385416666666666,0.6,success
campus_images_00697.jpg,campus_images_00697_p05.jpg,5.0,0.383539617061615,556.0,706.0,648.0,938.0,0.12083333333333333,0.6,success
campus_images_00697.jpg,campus_images_00697_p06.jpg,6.0,0.33575770258903503,384.0,652.0,447.0,868.0,0.1125,0.6,success
campus_images_00697.jpg,campus_images_00697_p07.jpg,7.0,0.30507344007492065,267.0,640.0,331.0,869.0,0.11927083333333334,0.6,success
campus_images_00698.jpg,campus_images_00698_p01.jpg,1.0,0.9331201910972595,811.0,659.0,1048.0,1420.0,0.3963541666666667,0.6,success
campus_images_00698.jpg,campus_images_00698_p02.jpg,2.0,0.7985863089561462,456.0,651.0,579.0,963.0,0.1625,0.6,success
campus_images_00698.jpg,campus_images_00698_p03.jpg,3.0,0.7848588228225708,306.0,676.0,398.0,919.0,0.1265625,0.6,success
campus_images_00698.jpg,campus_images_00698_p04.jpg,4.0,0.4553999900817871,622.0,694.0,705.0,950.0,0.13333333333333333,0.6,success
campus_images_00698.jpg,campus_images_00698_p05.jpg,5.0,0.415401428937912,551.0,716.0,647.0,924.0,0.10833333333333334,0.6,success
campus_images_00698.jpg,campus_images_00698_p06.jpg,6.0,0.37487930059432983,390.0,657.0,463.0,867.0,0.109375,0.6,success
campus_images_00699.jpg,campus_images_00699_p01.jpg,1.0,0.9444459676742554,833.0,657.0,1080.0,1458.0,0.4171875,0.6,success
campus_images_00699.jpg,campus_images_00699_p02.jpg,2.0,0.8170400261878967,457.0,649.0,577.0,971.0,0.16770833333333332,0.6,success
campus_images_00699.jpg,campus_images_00699_p03.jpg,3.0,0.7864421010017395,303.0,669.0,392.0,913.0,0.12708333333333333,0.6,success
campus_images_00699.jpg,campus_images_00699_p04.jpg,4.0,0.5643693208694458,396.0,661.0,466.0,870.0,0.10885416666666667,0.6,success
campus_images_00699.jpg,campus_images_00699_p05.jpg,5.0,0.4770081341266632,621.0,693.0,706.0,953.0,0.13541666666666666,0.6,success
campus_images_00699.jpg,campus_images_00699_p06.jpg,6.0,0.46322476863861084,558.0,681.0,648.0,931.0,0.13020833333333334,0.6,success
campus_images_00700.jpg,campus_images_00700_p01.jpg,1.0,0.9300164580345154,866.0,648.0,1080.0,1463.0,0.4244791666666667,0.6,success
campus_images_00700.jpg,campus_images_00700_p02.jpg,2.0,0.8343154788017273,458.0,645.0,578.0,968.0,0.16822916666666668,0.6,success
campus_images_00700.jpg,campus_images_00700_p03.jpg,3.0,0.796580970287323,310.0,658.0,400.0,911.0,0.13177083333333334,0.6,success
campus_images_00700.jpg,campus_images_00700_p04.jpg,4.0,0.49744677543640137,408.0,655.0,468.0,869.0,0.11145833333333334,0.6,success
campus_images_00700.jpg,campus_images_00700_p05.jpg,5.0,0.3926904499530792,555.0,692.0,649.0,935.0,0.1265625,0.6,success
campus_images_00700.jpg,campus_images_00700_p06.jpg,6.0,0.3840176463127136,265.0,647.0,329.0,881.0,0.121875,0.6,success
campus_images_00700.jpg,campus_images_00700_p07.jpg,7.0,0.36118099093437195,621.0,696.0,706.0,955.0,0.13489583333333333,0.6,success
campus_images_00701.jpg,campus_images_00701_p01.jpg,1.0,0.8748214840888977,859.0,663.0,1080.0,1586.0,0.48072916666666665,0.6,success
campus_images_00701.jpg,campus_images_00701_p02.jpg,2.0,0.780177652835846,317.0,659.0,407.0,912.0,0.13177083333333334,0.6,success
campus_images_00701.jpg,campus_images_00701_p03.jpg,3.0,0.6888002753257751,466.0,650.0,587.0,977.0,0.1703125,0.6,success
campus_images_00701.jpg,campus_images_00701_p04.jpg,4.0,0.505767822265625,568.0,687.0,652.0,947.0,0.13541666666666666,0.6,success
campus_images_00701.jpg,campus_images_00701_p05.jpg,5.0,0.5011546611785889,403.0,658.0,471.0,868.0,0.109375,0.6,success
campus_images_00701.jpg,campus_images_00701_p06.jpg,6.0,0.3388657867908478,611.0,696.0,707.0,952.0,0.13333333333333333,0.6,success
campus_images_00702.jpg,campus_images_00702_p01.jpg,1.0,0.8545127511024475,477.0,649.0,603.0,992.0,0.17864583333333334,0.6,success
campus_images_00702.jpg,campus_images_00702_p02.jpg,2.0,0.8173741698265076,326.0,663.0,416.0,911.0,0.12916666666666668,0.6,success
campus_images_00702.jpg,campus_images_00702_p03.jpg,3.0,0.6340343952178955,912.0,773.0,1080.0,1636.0,0.44947916666666665,0.6,success
campus_images_00702.jpg,campus_images_00702_p04.jpg,4.0,0.46343985199928284,577.0,682.0,657.0,945.0,0.13697916666666668,0.6,success
campus_images_00702.jpg,campus_images_00702_p05.jpg,5.0,0.3890018165111542,406.0,657.0,471.0,874.0,0.11302083333333333,0.6,success
campus_images_00702.jpg,campus_images_00702_p06.jpg,6.0,0.3813054859638214,406.0,658.0,476.0,874.0,0.1125,0.6,success
campus_images_00703.jpg,campus_images_00703_p01.jpg,1.0,0.8367050886154175,488.0,642.0,612.0,989.0,0.18072916666666666,0.6,success
campus_images_00703.jpg,campus_images_00703_p02.jpg,2.0,0.8362506031990051,336.0,660.0,424.0,911.0,0.13072916666666667,0.6,success
campus_images_00703.jpg,campus_images_00703_p03.jpg,3.0,0.5037314295768738,579.0,697.0,703.0,952.0,0.1328125,0.6,success
campus_images_00703.jpg,campus_images_00703_p04.jpg,4.0,0.3150959610939026,263.0,644.0,324.0,885.0,0.12552083333333333,0.6,success
campus_images_00703.jpg,campus_images_00703_p05.jpg,5.0,0.30479690432548523,418.0,699.0,469.0,868.0,0.08802083333333334,0.6,success
campus_images_00704.jpg,campus_images_00704_p01.jpg,1.0,0.8577330708503723,491.0,646.0,635.0,1007.0,0.18802083333333333,0.6,success
campus_images_00704.jpg,campus_images_00704_p02.jpg,2.0,0.814436674118042,341.0,677.0,431.0,910.0,0.12135416666666667,0.6,success
campus_images_00704.jpg,campus_images_00704_p03.jpg,3.0,0.5933364033699036,584.0,697.0,704.0,950.0,0.13177083333333334,0.6,success
campus_images_00704.jpg,campus_images_00704_p04.jpg,4.0,0.5245267152786255,275.0,655.0,348.0,906.0,0.13072916666666667,0.6,success
campus_images_00704.jpg,campus_images_00704_p05.jpg,5.0,0.33694547414779663,264.0,658.0,327.0,895.0,0.1234375,0.6,success
campus_images_00705.jpg,campus_images_00705_p01.jpg,1.0,0.8473840355873108,492.0,644.0,641.0,1013.0,0.1921875,0.6,success
campus_images_00705.jpg,campus_images_00705_p02.jpg,2.0,0.8126911520957947,262.0,653.0,353.0,909.0,0.13333333333333333,0.6,success
campus_images_00705.jpg,campus_images_00705_p03.jpg,3.0,0.8009026050567627,355.0,679.0,439.0,905.0,0.11770833333333333,0.6,success
campus_images_00705.jpg,campus_images_00705_p04.jpg,4.0,0.6210579872131348,597.0,696.0,705.0,955.0,0.13489583333333333,0.6,success
campus_images_00706.jpg,campus_images_00706_p01.jpg,1.0,0.8626944422721863,507.0,638.0,644.0,1021.0,0.19947916666666668,0.6,success
campus_images_00706.jpg,campus_images_00706_p02.jpg,2.0,0.8283308744430542,360.0,671.0,447.0,905.0,0.121875,0.6,success
campus_images_00706.jpg,campus_images_00706_p03.jpg,3.0,0.7752354145050049,263.0,651.0,343.0,909.0,0.134375,0.6,success
campus_images_00706.jpg,campus_images_00706_p04.jpg,4.0,0.7556923031806946,618.0,692.0,707.0,960.0,0.13958333333333334,0.6,success
campus_images_00706.jpg,campus_images_00706_p05.jpg,5.0,0.3121841251850128,428.0,664.0,481.0,862.0,0.103125,0.6,success
campus_images_00707.jpg,campus_images_00707_p01.jpg,1.0,0.8641061186790466,522.0,642.0,656.0,1032.0,0.203125,0.6,success
campus_images_00707.jpg,campus_images_00707_p02.jpg,2.0,0.6173027157783508,364.0,672.0,454.0,904.0,0.12083333333333333,0.6,success
campus_images_00707.jpg,campus_images_00707_p03.jpg,3.0,0.5402126312255859,264.0,659.0,345.0,916.0,0.13385416666666666,0.6,success
campus_images_00707.jpg,campus_images_00707_p04.jpg,4.0,0.3359901010990143,424.0,657.0,486.0,869.0,0.11041666666666666,0.6,success
campus_images_00708.jpg,campus_images_00708_p01.jpg,1.0,0.8345310688018799,534.0,644.0,696.0,1043.0,0.2078125,0.6,success
campus_images_00708.jpg,campus_images_00708_p02.jpg,2.0,0.812956690788269,377.0,685.0,459.0,898.0,0.1109375,0.6,success
campus_images_00708.jpg,campus_images_00708_p03.jpg,3.0,0.467292457818985,491.0,698.0,563.0,873.0,0.09114583333333333,0.6,success
campus_images_00709.jpg,campus_images_00709_p01.jpg,1.0,0.897882878780365,546.0,646.0,700.0,1041.0,0.20572916666666666,0.6,success
campus_images_00709.jpg,campus_images_00709_p02.jpg,2.0,0.8317479491233826,377.0,683.0,463.0,898.0,0.11197916666666667,0.6,success
campus_images_00709.jpg,campus_images_00709_p03.jpg,3.0,0.6780474185943604,283.0,653.0,357.0,930.0,0.14427083333333332,0.6,success
campus_images_00709.jpg,campus_images_00709_p04.jpg,4.0,0.6090136170387268,487.0,703.0,568.0,873.0,0.08854166666666667,0.6,success
campus_images_00709.jpg,campus_images_00709_p05.jpg,5.0,0.41203656792640686,179.0,594.0,295.0,1275.0,0.3546875,0.6,success
campus_images_00709.jpg,campus_images_00709_p06.jpg,6.0,0.33189472556114197,186.0,617.0,265.0,1272.0,0.3411458333333333,0.6,success
campus_images_00710.jpg,campus_images_00710_p01.jpg,1.0,0.8809924125671387,550.0,645.0,705.0,1050.0,0.2109375,0.6,success
campus_images_00710.jpg,campus_images_00710_p02.jpg,2.0,0.8213177919387817,187.0,582.0,345.0,1275.0,0.3609375,0.6,success
campus_images_00710.jpg,campus_images_00710_p03.jpg,3.0,0.7751656770706177,372.0,685.0,461.0,898.0,0.1109375,0.6,success
campus_images_00710.jpg,campus_images_00710_p04.jpg,4.0,0.485561341047287,484.0,703.0,570.0,874.0,0.0890625,0.6,success
campus_images_00710.jpg,campus_images_00710_p05.jpg,5.0,0.4369186758995056,297.0,650.0,368.0,910.0,0.13541666666666666,0.6,success
campus_images_00711.jpg,campus_images_00711_p01.jpg,1.0,0.8818953633308411,554.0,647.0,718.0,1073.0,0.221875,0.6,success
campus_images_00711.jpg,campus_images_00711_p02.jpg,2.0,0.7674468755722046,367.0,674.0,456.0,893.0,0.1140625,0.6,success
campus_images_00711.jpg,campus_images_00711_p03.jpg,3.0,0.7319580316543579,201.0,589.0,411.0,1312.0,0.3765625,0.6,success
campus_images_00711.jpg,campus_images_00711_p04.jpg,4.0,0.38489091396331787,490.0,706.0,575.0,878.0,0.08958333333333333,0.6,success
campus_images_00711.jpg,campus_images_00711_p05.jpg,5.0,0.30165034532546997,327.0,665.0,378.0,838.0,0.09010416666666667,0.6,success
campus_images_00712.jpg,campus_images_00712_p01.jpg,1.0,0.8821519017219543,552.0,643.0,717.0,1078.0,0.2265625,0.6,success
campus_images_00712.jpg,campus_images_00712_p02.jpg,2.0,0.6858493685722351,206.0,595.0,473.0,1356.0,0.3963541666666667,0.6,success
campus_images_00712.jpg,campus_images_00712_p03.jpg,3.0,0.3837868869304657,516.0,705.0,572.0,893.0,0.09791666666666667,0.6,success
campus_images_00712.jpg,campus_images_00712_p04.jpg,4.0,0.35893940925598145,182.0,634.0,341.0,1352.0,0.37395833333333334,0.6,success
campus_images_00713.jpg,campus_images_00713_p01.jpg,1.0,0.9076905250549316,562.0,635.0,740.0,1078.0,0.23072916666666668,0.6,success
campus_images_00713.jpg,campus_images_00713_p02.jpg,2.0,0.84762042760849,183.0,636.0,369.0,1357.0,0.37552083333333336,0.6,success
campus_images_00713.jpg,campus_images_00713_p03.jpg,3.0,0.777336061000824,326.0,586.0,466.0,1322.0,0.38333333333333336,0.6,success
campus_images_00713.jpg,campus_images_00713_p04.jpg,4.0,0.4199686348438263,519.0,703.0,573.0,899.0,0.10208333333333333,0.6,success
campus_images_00713.jpg,campus_images_00713_p05.jpg,5.0,0.3942861557006836,507.0,703.0,582.0,926.0,0.11614583333333334,0.6,success
campus_images_00714.jpg,campus_images_00714_p01.jpg,1.0,0.9139906764030457,571.0,642.0,754.0,1101.0,0.2390625,0.6,success
campus_images_00714.jpg,campus_images_00714_p02.jpg,2.0,0.7938047647476196,198.0,628.0,451.0,1353.0,0.3776041666666667,0.6,success
campus_images_00714.jpg,campus_images_00714_p03.jpg,3.0,0.7290068864822388,372.0,576.0,525.0,1283.0,0.36822916666666666,0.6,success
campus_images_00714.jpg,campus_images_00714_p04.jpg,4.0,0.5343165993690491,517.0,702.0,585.0,929.0,0.11822916666666666,0.6,success
campus_images_00714.jpg,campus_images_00714_p05.jpg,5.0,0.3294697701931,524.0,698.0,581.0,908.0,0.109375,0.6,success
campus_images_00715.jpg,campus_images_00715_p01.jpg,1.0,0.9066513776779175,581.0,634.0,767.0,1110.0,0.24791666666666667,0.6,success
campus_images_00715.jpg,campus_images_00715_p02.jpg,2.0,0.8614051342010498,402.0,574.0,656.0,1333.0,0.3953125,0.6,success
campus_images_00715.jpg,campus_images_00715_p03.jpg,3.0,0.8124954104423523,208.0,627.0,525.0,1360.0,0.38177083333333334,0.6,success
campus_images_00716.jpg,campus_images_00716_p01.jpg,1.0,0.9175772666931152,616.0,624.0,778.0,1111.0,0.25364583333333335,0.6,success
campus_images_00716.jpg,campus_images_00716_p02.jpg,2.0,0.8870072960853577,251.0,632.0,545.0,1385.0,0.3921875,0.6,success
campus_images_00716.jpg,campus_images_00716_p03.jpg,3.0,0.8493738174438477,445.0,571.0,688.0,1337.0,0.39895833333333336,0.6,success
campus_images_00716.jpg,campus_images_00716_p04.jpg,4.0,0.3075188398361206,279.0,655.0,340.0,807.0,0.07916666666666666,0.6,success
campus_images_00717.jpg,campus_images_00717_p01.jpg,1.0,0.8997880816459656,279.0,619.0,554.0,1380.0,0.3963541666666667,0.6,success
campus_images_00717.jpg,campus_images_00717_p02.jpg,2.0,0.8126229047775269,506.0,557.0,721.0,1336.0,0.40572916666666664,0.6,success
campus_images_00717.jpg,campus_images_00717_p03.jpg,3.0,0.6461979746818542,667.0,625.0,790.0,1046.0,0.21927083333333333,0.6,success
campus_images_00718.jpg,campus_images_00718_p01.jpg,1.0,0.8987790942192078,555.0,551.0,826.0,1350.0,0.4161458333333333,0.6,success
campus_images_00718.jpg,campus_images_00718_p02.jpg,2.0,0.8812867999076843,342.0,609.0,588.0,1372.0,0.39739583333333334,0.6,success
campus_images_00718.jpg,campus_images_00718_p03.jpg,3.0,0.7301108241081238,295.0,623.0,419.0,883.0,0.13541666666666666,0.6,success
campus_images_00718.jpg,campus_images_00718_p04.jpg,4.0,0.3249550461769104,260.0,622.0,307.0,841.0,0.1140625,0.6,success
campus_images_00719.jpg,campus_images_00719_p01.jpg,1.0,0.8576050400733948,403.0,607.0,636.0,1435.0,0.43125,0.6,success
campus_images_00719.jpg,campus_images_00719_p02.jpg,2.0,0.8555023074150085,581.0,544.0,847.0,1392.0,0.44166666666666665,0.6,success
campus_images_00719.jpg,campus_images_00719_p03.jpg,3.0,0.37809786200523376,308.0,617.0,435.0,814.0,0.10260416666666666,0.6,success
campus_images_00719.jpg,campus_images_00719_p04.jpg,4.0,0.30156880617141724,313.0,613.0,432.0,992.0,0.19739583333333333,0.6,success
campus_images_00720.jpg,campus_images_00720_p01.jpg,1.0,0.8340078592300415,597.0,529.0,847.0,1419.0,0.4635416666666667,0.6,success
campus_images_00720.jpg,campus_images_00720_p02.jpg,2.0,0.8219792246818542,424.0,604.0,662.0,1479.0,0.4557291666666667,0.6,success
campus_images_00720.jpg,campus_images_00720_p03.jpg,3.0,0.5383902788162231,309.0,608.0,442.0,959.0,0.1828125,0.6,success
campus_images_00721.jpg,campus_images_00721_p01.jpg,1.0,0.8437770009040833,634.0,517.0,863.0,1427.0,0.4739583333333333,0.6,success
campus_images_00721.jpg,campus_images_00721_p02.jpg,2.0,0.7245352268218994,463.0,576.0,674.0,1469.0,0.46510416666666665,0.6,success
campus_images_00721.jpg,campus_images_00721_p03.jpg,3.0,0.5934415459632874,312.0,599.0,448.0,963.0,0.18958333333333333,0.6,success
campus_images_00721.jpg,campus_images_00721_p04.jpg,4.0,0.33417949080467224,453.0,623.0,498.0,766.0,0.07447916666666667,0.6,success
campus_images_00722.jpg,campus_images_00722_p01.jpg,1.0,0.8033682107925415,631.0,510.0,926.0,1410.0,0.46875,0.6,success
campus_images_00722.jpg,campus_images_00722_p02.jpg,2.0,0.6377100348472595,445.0,566.0,724.0,1467.0,0.46927083333333336,0.6,success
campus_images_00722.jpg,campus_images_00722_p03.jpg,3.0,0.37108945846557617,449.0,619.0,494.0,762.0,0.07447916666666667,0.6,success
campus_images_00723.jpg,campus_images_00723_p01.jpg,1.0,0.8397397398948669,641.0,505.0,993.0,1510.0,0.5234375,0.6,success
campus_images_00723.jpg,campus_images_00723_p02.jpg,2.0,0.7898119688034058,321.0,590.0,475.0,967.0,0.19635416666666666,0.6,success
campus_images_00723.jpg,campus_images_00723_p03.jpg,3.0,0.6851291656494141,459.0,567.0,711.0,1534.0,0.5036458333333333,0.6,success
campus_images_00724.jpg,campus_images_00724_p01.jpg,1.0,0.9206511974334717,670.0,499.0,1033.0,1543.0,0.54375,0.6,success
campus_images_00724.jpg,campus_images_00724_p02.jpg,2.0,0.8579041957855225,445.0,562.0,729.0,1596.0,0.5385416666666667,0.6,success
campus_images_00724.jpg,campus_images_00724_p03.jpg,3.0,0.6786925196647644,319.0,587.0,447.0,972.0,0.20052083333333334,0.6,success
campus_images_00724.jpg,campus_images_00724_p04.jpg,4.0,0.5464978218078613,418.0,612.0,511.0,911.0,0.15572916666666667,0.6,success
campus_images_00725.jpg,campus_images_00725_p01.jpg,1.0,0.9279239773750305,660.0,481.0,1075.0,1532.0,0.5473958333333333,0.6,success
campus_images_00725.jpg,campus_images_00725_p02.jpg,2.0,0.9111740589141846,393.0,552.0,748.0,1579.0,0.5348958333333333,0.6,success
campus_images_00725.jpg,campus_images_00725_p03.jpg,3.0,0.6194523572921753,705.0,560.0,850.0,793.0,0.12135416666666667,0.6,success
campus_images_00725.jpg,campus_images_00725_p04.jpg,4.0,0.5720888376235962,320.0,575.0,491.0,960.0,0.20052083333333334,0.6,success
campus_images_00725.jpg,campus_images_00725_p05.jpg,5.0,0.3126067519187927,430.0,606.0,522.0,815.0,0.10885416666666667,0.6,success
campus_images_00726.jpg,campus_images_00726_p01.jpg,1.0,0.9404376745223999,322.0,544.0,737.0,1600.0,0.55,0.8,success
campus_images_00726.jpg,campus_images_00726_p02.jpg,2.0,0.9172919988632202,654.0,473.0,1075.0,1558.0,0.5651041666666666,0.8,success
campus_images_00726.jpg,campus_images_00726_p03.jpg,3.0,0.6811162233352661,330.0,579.0,470.0,884.0,0.15885416666666666,0.6,success
campus_images_00726.jpg,campus_images_00726_p04.jpg,4.0,0.484942227602005,713.0,543.0,867.0,800.0,0.13385416666666666,0.6,success
campus_images_00727.jpg,campus_images_00727_p01.jpg,1.0,0.9362217783927917,262.0,547.0,701.0,1669.0,0.584375,0.8,success
campus_images_00727.jpg,campus_images_00727_p02.jpg,2.0,0.9231874942779541,616.0,471.0,1080.0,1671.0,0.625,0.8,success
campus_images_00727.jpg,campus_images_00727_p03.jpg,3.0,0.7832481265068054,333.0,569.0,461.0,889.0,0.16666666666666666,0.6,success
campus_images_00727.jpg,campus_images_00727_p04.jpg,4.0,0.3538583815097809,686.0,637.0,740.0,734.0,0.050520833333333334,0.6,success
campus_images_00728.jpg,campus_images_00728_p01.jpg,1.0,0.943909764289856,555.0,459.0,1080.0,1734.0,0.6640625,0.8,success
campus_images_00728.jpg,campus_images_00728_p02.jpg,2.0,0.9376634359359741,213.0,530.0,684.0,1685.0,0.6015625,0.8,success
campus_images_00728.jpg,campus_images_00728_p03.jpg,3.0,0.31463944911956787,573.0,640.0,619.0,735.0,0.049479166666666664,0.6,success
campus_images_00729.jpg,campus_images_00729_p01.jpg,1.0,0.9398331642150879,454.0,430.0,1080.0,1717.0,0.6703125,0.8,success
campus_images_00729.jpg,campus_images_00729_p02.jpg,2.0,0.9241316318511963,124.0,527.0,628.0,1678.0,0.5994791666666667,0.8,success
campus_images_00729.jpg,campus_images_00729_p03.jpg,3.0,0.6325027346611023,514.0,604.0,618.0,800.0,0.10208333333333333,0.6,success
campus_images_00729.jpg,campus_images_00729_p04.jpg,4.0,0.31712061166763306,590.0,648.0,700.0,838.0,0.09895833333333333,0.6,success
campus_images_00730.jpg,campus_images_00730_p01.jpg,1.0,0.9413595199584961,375.0,412.0,1062.0,1842.0,0.7447916666666666,0.8,success
campus_images_00730.jpg,campus_images_00730_p02.jpg,2.0,0.9029353260993958,12.0,522.0,566.0,1806.0,0.66875,0.8,success
campus_images_00730.jpg,campus_images_00730_p03.jpg,3.0,0.7235644459724426,385.0,561.0,534.0,811.0,0.13020833333333334,0.6,success
campus_images_00730.jpg,campus_images_00730_p04.jpg,4.0,0.38573646545410156,526.0,595.0,662.0,872.0,0.14427083333333332,0.6,success
campus_images_00731.jpg,campus_images_00731_p01.jpg,1.0,0.9263134002685547,57.0,529.0,511.0,1864.0,0.6953125,0.8,success
campus_images_00731.jpg,campus_images_00731_p02.jpg,2.0,0.9220952987670898,359.0,399.0,1047.0,1878.0,0.7703125,0.8,success
campus_images_00731.jpg,campus_images_00731_p03.jpg,3.0,0.7110278010368347,533.0,592.0,683.0,872.0,0.14583333333333334,0.6,success
campus_images_00731.jpg,campus_images_00731_p04.jpg,4.0,0.3825226426124573,378.0,552.0,547.0,884.0,0.17291666666666666,0.6,success
campus_images_00731.jpg,campus_images_00731_p05.jpg,5.0,0.37976163625717163,326.0,607.0,384.0,740.0,0.06927083333333334,0.6,success
campus_images_00731.jpg,campus_images_00731_p06.jpg,6.0,0.37649452686309814,906.0,538.0,1044.0,729.0,0.09947916666666666,0.6,success
campus_images_00732.jpg,campus_images_00732_p01.jpg,1.0,0.9053491950035095,382.0,381.0,1002.0,1869.0,0.775,0.8,success
campus_images_00732.jpg,campus_images_00732_p02.jpg,2.0,0.7825651168823242,1.0,513.0,422.0,1880.0,0.7119791666666667,0.8,success
campus_images_00732.jpg,campus_images_00732_p03.jpg,3.0,0.694142758846283,371.0,554.0,557.0,1043.0,0.2546875,0.6,success
campus_images_00732.jpg,campus_images_00732_p04.jpg,4.0,0.5428668260574341,321.0,603.0,381.0,766.0,0.08489583333333334,0.6,success
campus_images_00732.jpg,campus_images_00732_p05.jpg,5.0,0.4102613925933838,576.0,591.0,684.0,820.0,0.11927083333333334,0.6,success
campus_images_00732.jpg,campus_images_00732_p06.jpg,6.0,0.3524494171142578,290.0,599.0,332.0,762.0,0.08489583333333334,0.6,success
campus_images_00732.jpg,campus_images_00732_p07.jpg,7.0,0.31348904967308044,883.0,495.0,1071.0,1227.0,0.38125,0.6,success
campus_images_00733.jpg,campus_images_00733_p01.jpg,1.0,0.8643256425857544,361.0,373.0,1003.0,1874.0,0.7817708333333333,0.8,success
campus_images_00733.jpg,campus_images_00733_p02.jpg,2.0,0.6625784039497375,0.0,641.0,339.0,1872.0,0.6411458333333333,0.8,success
campus_images_00733.jpg,campus_images_00733_p03.jpg,3.0,0.6002073287963867,382.0,546.0,561.0,1066.0,0.2708333333333333,0.6,success
campus_images_00733.jpg,campus_images_00733_p04.jpg,4.0,0.41119062900543213,559.0,633.0,608.0,751.0,0.06145833333333333,0.6,success
campus_images_00733.jpg,campus_images_00733_p05.jpg,5.0,0.3152237832546234,287.0,600.0,324.0,742.0,0.07395833333333333,0.6,success
campus_images_00734.jpg,campus_images_00734_p01.jpg,1.0,0.8603286743164062,258.0,389.0,904.0,1888.0,0.7807291666666667,0.8,success
campus_images_00734.jpg,campus_images_00734_p02.jpg,2.0,0.7966970205307007,842.0,485.0,1080.0,1595.0,0.578125,0.8,success
campus_images_00734.jpg,campus_images_00734_p03.jpg,3.0,0.6835067272186279,0.0,642.0,338.0,1866.0,0.6375,0.8,success
campus_images_00734.jpg,campus_images_00734_p04.jpg,4.0,0.4588060677051544,392.0,541.0,578.0,1081.0,0.28125,0.6,success
campus_images_00734.jpg,campus_images_00734_p05.jpg,5.0,0.3322121202945709,313.0,606.0,373.0,771.0,0.0859375,0.6,success
campus_images_00735.jpg,campus_images_00735_p01.jpg,1.0,0.8969347476959229,851.0,478.0,1080.0,1638.0,0.6041666666666666,0.8,success
campus_images_00735.jpg,campus_images_00735_p02.jpg,2.0,0.7779481410980225,341.0,407.0,861.0,1861.0,0.7572916666666667,0.8,success
campus_images_00735.jpg,campus_images_00735_p03.jpg,3.0,0.7113531827926636,317.0,605.0,368.0,760.0,0.08072916666666667,0.6,success
campus_images_00735.jpg,campus_images_00735_p04.jpg,4.0,0.4327731728553772,379.0,591.0,417.0,734.0,0.07447916666666667,0.6,success
campus_images_00735.jpg,campus_images_00735_p05.jpg,5.0,0.34819090366363525,287.0,602.0,328.0,737.0,0.0703125,0.6,success
campus_images_00735.jpg,campus_images_00735_p06.jpg,6.0,0.3016851246356964,707.0,588.0,799.0,768.0,0.09375,0.6,success
campus_images_00736.jpg,campus_images_00736_p01.jpg,1.0,0.8640822172164917,333.0,402.0,810.0,1842.0,0.75,0.8,success
campus_images_00736.jpg,campus_images_00736_p02.jpg,2.0,0.8217551708221436,881.0,563.0,1080.0,1636.0,0.5588541666666667,0.8,success
campus_images_00736.jpg,campus_images_00736_p03.jpg,3.0,0.7223082780838013,738.0,586.0,846.0,954.0,0.19166666666666668,0.6,success
campus_images_00736.jpg,campus_images_00736_p04.jpg,4.0,0.46270477771759033,311.0,603.0,368.0,765.0,0.084375,0.6,success
campus_images_00736.jpg,campus_images_00736_p05.jpg,5.0,0.38625070452690125,669.0,635.0,727.0,754.0,0.06197916666666667,0.6,success
campus_images_00736.jpg,campus_images_00736_p06.jpg,6.0,0.30694013833999634,287.0,598.0,329.0,746.0,0.07708333333333334,0.6,success
campus_images_00737.jpg,campus_images_00737_p01.jpg,1.0,0.9027811288833618,724.0,586.0,923.0,984.0,0.20729166666666668,0.6,success
campus_images_00737.jpg,campus_images_00737_p02.jpg,2.0,0.8713082075119019,257.0,405.0,643.0,1824.0,0.7390625,0.8,success
campus_images_00737.jpg,campus_images_00737_p03.jpg,3.0,0.7827643156051636,916.0,693.0,1080.0,1644.0,0.4953125,0.6,success
campus_images_00737.jpg,campus_images_00737_p04.jpg,4.0,0.4885648190975189,479.0,535.0,602.0,734.0,0.10364583333333334,0.6,success
campus_images_00737.jpg,campus_images_00737_p05.jpg,5.0,0.3211762309074402,609.0,632.0,675.0,749.0,0.0609375,0.6,success
campus_images_00738.jpg,campus_images_00738_p01.jpg,1.0,0.872433066368103,201.0,415.0,586.0,1784.0,0.7130208333333333,0.8,success
campus_images_00738.jpg,campus_images_00738_p02.jpg,2.0,0.8461456894874573,812.0,583.0,961.0,972.0,0.20260416666666667,0.6,success
campus_images_00738.jpg,campus_images_00738_p03.jpg,3.0,0.5452682375907898,485.0,531.0,674.0,835.0,0.15833333333333333,0.6,success
campus_images_00738.jpg,campus_images_00738_p04.jpg,4.0,0.3069009780883789,959.0,768.0,1078.0,1293.0,0.2734375,0.6,success
campus_images_00739.jpg,campus_images_00739_p01.jpg,1.0,0.9074026346206665,149.0,410.0,560.0,1798.0,0.7229166666666667,0.8,success
campus_images_00739.jpg,campus_images_00739_p02.jpg,2.0,0.9031105041503906,839.0,583.0,1027.0,983.0,0.20833333333333334,0.6,success
campus_images_00739.jpg,campus_images_00739_p03.jpg,3.0,0.5388621091842651,493.0,522.0,676.0,1197.0,0.3515625,0.6,success
campus_images_00739.jpg,campus_images_00739_p04.jpg,4.0,0.4687032103538513,647.0,630.0,732.0,892.0,0.13645833333333332,0.6,success
campus_images_00739.jpg,campus_images_00739_p05.jpg,5.0,0.4227365255355835,428.0,584.0,502.0,666.0,0.042708333333333334,0.6,success
campus_images_00740.jpg,campus_images_00740_p01.jpg,1.0,0.9192940592765808,121.0,384.0,570.0,1782.0,0.728125,0.8,success
campus_images_00740.jpg,campus_images_00740_p02.jpg,2.0,0.8571596741676331,491.0,517.0,692.0,1205.0,0.35833333333333334,0.6,success
campus_images_00740.jpg,campus_images_00740_p03.jpg,3.0,0.8480660319328308,878.0,584.0,1068.0,985.0,0.20885416666666667,0.6,success
campus_images_00740.jpg,campus_images_00740_p04.jpg,4.0,0.42278212308883667,421.0,585.0,494.0,683.0,0.051041666666666666,0.6,success
campus_images_00740.jpg,campus_images_00740_p05.jpg,5.0,0.4019527733325958,674.0,631.0,734.0,897.0,0.13854166666666667,0.6,success
campus_images_00741.jpg,campus_images_00741_p01.jpg,1.0,0.9300597906112671,102.0,379.0,544.0,1791.0,0.7354166666666667,0.8,success
campus_images_00741.jpg,campus_images_00741_p02.jpg,2.0,0.9008074402809143,493.0,515.0,730.0,1227.0,0.37083333333333335,0.6,success
campus_images_00741.jpg,campus_images_00741_p03.jpg,3.0,0.6328243613243103,420.0,584.0,501.0,750.0,0.08645833333333333,0.6,success
campus_images_00742.jpg,campus_images_00742_p01.jpg,1.0,0.9151126742362976,511.0,518.0,759.0,1301.0,0.4078125,0.6,success
campus_images_00742.jpg,campus_images_00742_p02.jpg,2.0,0.8946202397346497,89.0,373.0,472.0,1789.0,0.7375,0.8,success
campus_images_00742.jpg,campus_images_00742_p03.jpg,3.0,0.5902748703956604,421.0,586.0,501.0,765.0,0.09322916666666667,0.6,success
campus_images_00743.jpg,campus_images_00743_p01.jpg,1.0,0.9225425124168396,523.0,502.0,785.0,1300.0,0.415625,0.6,success
campus_images_00743.jpg,campus_images_00743_p02.jpg,2.0,0.8928272724151611,71.0,372.0,429.0,1778.0,0.7322916666666667,0.8,success
campus_images_00743.jpg,campus_images_00743_p03.jpg,3.0,0.5522852540016174,423.0,589.0,503.0,765.0,0.09166666666666666,0.6,success
campus_images_00744.jpg,campus_images_00744_p01.jpg,1.0,0.9113870859146118,551.0,499.0,820.0,1307.0,0.42083333333333334,0.6,success
campus_images_00744.jpg,campus_images_00744_p02.jpg,2.0,0.8415037393569946,46.0,382.0,419.0,1776.0,0.7260416666666667,0.8,success
campus_images_00744.jpg,campus_images_00744_p03.jpg,3.0,0.5592082738876343,424.0,589.0,506.0,758.0,0.08802083333333334,0.6,success
campus_images_00745.jpg,campus_images_00745_p01.jpg,1.0,0.8990541696548462,578.0,497.0,868.0,1408.0,0.4744791666666667,0.6,success
campus_images_00745.jpg,campus_images_00745_p02.jpg,2.0,0.7655816674232483,44.0,384.0,484.0,1779.0,0.7265625,0.8,success
campus_images_00745.jpg,campus_images_00745_p03.jpg,3.0,0.5658353567123413,424.0,590.0,504.0,773.0,0.0953125,0.6,success
campus_images_00746.jpg,campus_images_00746_p01.jpg,1.0,0.9225142002105713,600.0,476.0,930.0,1411.0,0.4869791666666667,0.6,success
campus_images_00746.jpg,campus_images_00746_p02.jpg,2.0,0.8852348923683167,80.0,385.0,474.0,1802.0,0.7380208333333333,0.8,success
campus_images_00746.jpg,campus_images_00746_p03.jpg,3.0,0.3460504710674286,560.0,633.0,683.0,872.0,0.12447916666666667,0.6,success
campus_images_00746.jpg,campus_images_00746_p04.jpg,4.0,0.3160513937473297,481.0,612.0,568.0,791.0,0.09322916666666667,0.6,success
campus_images_00747.jpg,campus_images_00747_p01.jpg,1.0,0.9013615846633911,666.0,474.0,998.0,1438.0,0.5020833333333333,0.6,success
campus_images_00747.jpg,campus_images_00747_p02.jpg,2.0,0.80335932970047,75.0,388.0,435.0,1821.0,0.7463541666666667,0.8,success
campus_images_00747.jpg,campus_images_00747_p03.jpg,3.0,0.5174925327301025,559.0,637.0,702.0,875.0,0.12395833333333334,0.6,success
campus_images_00748.jpg,campus_images_00748_p01.jpg,1.0,0.9309369921684265,9.0,390.0,438.0,1785.0,0.7265625,0.8,success
campus_images_00748.jpg,campus_images_00748_p02.jpg,2.0,0.9093777537345886,710.0,476.0,1066.0,1606.0,0.5885416666666666,0.8,success
campus_images_00748.jpg,campus_images_00748_p03.jpg,3.0,0.4055088758468628,560.0,637.0,694.0,873.0,0.12291666666666666,0.6,success
campus_images_00748.jpg,campus_images_00748_p04.jpg,4.0,0.4017694890499115,557.0,643.0,689.0,862.0,0.1140625,0.6,success
campus_images_00749.jpg,campus_images_00749_p01.jpg,1.0,0.9345614910125732,7.0,401.0,440.0,1793.0,0.725,0.8,success
campus_images_00749.jpg,campus_images_00749_p02.jpg,2.0,0.8864508271217346,757.0,448.0,1080.0,1607.0,0.6036458333333333,0.8,success
campus_images_00749.jpg,campus_images_00749_p03.jpg,3.0,0.6213712692260742,560.0,635.0,687.0,868.0,0.12135416666666667,0.6,success
campus_images_00750.jpg,campus_images_00750_p01.jpg,1.0,0.9392282366752625,15.0,410.0,441.0,1797.0,0.7223958333333333,0.8,success
campus_images_00750.jpg,campus_images_00750_p02.jpg,2.0,0.6857016682624817,804.0,542.0,1080.0,1604.0,0.553125,0.8,success
campus_images_00750.jpg,campus_images_00750_p03.jpg,3.0,0.4638421833515167,552.0,646.0,685.0,858.0,0.11041666666666666,0.6,success
campus_images_00751.jpg,campus_images_00751_p01.jpg,1.0,0.9337221384048462,5.0,418.0,439.0,1806.0,0.7229166666666667,0.8,success
campus_images_00751.jpg,campus_images_00751_p02.jpg,2.0,0.8244152069091797,857.0,684.0,1080.0,1597.0,0.47552083333333334,0.6,success
campus_images_00751.jpg,campus_images_00751_p03.jpg,3.0,0.7392234206199646,317.0,598.0,396.0,861.0,0.13697916666666668,0.6,success
campus_images_00751.jpg,campus_images_00751_p04.jpg,4.0,0.5798019170761108,545.0,623.0,681.0,862.0,0.12447916666666667,0.6,success
campus_images_00751.jpg,campus_images_00751_p05.jpg,5.0,0.3364740014076233,494.0,636.0,573.0,790.0,0.08020833333333334,0.6,success
campus_images_00752.jpg,campus_images_00752_p01.jpg,1.0,0.9016807079315186,2.0,425.0,434.0,1800.0,0.7161458333333334,0.8,success
campus_images_00752.jpg,campus_images_00752_p02.jpg,2.0,0.7535121440887451,307.0,598.0,400.0,867.0,0.14010416666666667,0.6,success
campus_images_00752.jpg,campus_images_00752_p03.jpg,3.0,0.5919987559318542,942.0,757.0,1080.0,1731.0,0.5072916666666667,0.6,success
campus_images_00752.jpg,campus_images_00752_p04.jpg,4.0,0.5383840799331665,544.0,627.0,677.0,861.0,0.121875,0.6,success
campus_images_00753.jpg,campus_images_00753_p01.jpg,1.0,0.919520914554596,1.0,450.0,433.0,1793.0,0.6994791666666667,0.8,success
campus_images_00753.jpg,campus_images_00753_p02.jpg,2.0,0.7329201102256775,304.0,622.0,390.0,867.0,0.12760416666666666,0.6,success
campus_images_00753.jpg,campus_images_00753_p03.jpg,3.0,0.7157269716262817,539.0,633.0,670.0,865.0,0.12083333333333333,0.6,success
campus_images_00754.jpg,campus_images_00754_p01.jpg,1.0,0.9349453449249268,2.0,519.0,412.0,1797.0,0.665625,0.8,success
campus_images_00754.jpg,campus_images_00754_p02.jpg,2.0,0.6996804475784302,532.0,630.0,663.0,861.0,0.1203125,0.6,success
campus_images_00754.jpg,campus_images_00754_p03.jpg,3.0,0.4306597113609314,497.0,633.0,556.0,794.0,0.08385416666666666,0.6,success
campus_images_00754.jpg,campus_images_00754_p04.jpg,4.0,0.4067465662956238,282.0,598.0,381.0,877.0,0.1453125,0.6,success
campus_images_00754.jpg,campus_images_00754_p05.jpg,5.0,0.35152527689933777,458.0,598.0,509.0,781.0,0.0953125,0.6,success
campus_images_00754.jpg,campus_images_00754_p06.jpg,6.0,0.34666740894317627,402.0,585.0,474.0,767.0,0.09479166666666666,0.6,success
campus_images_00754.jpg,campus_images_00754_p07.jpg,7.0,0.32880643010139465,276.0,596.0,351.0,736.0,0.07291666666666667,0.6,success
campus_images_00755.jpg,campus_images_00755_p01.jpg,1.0,0.9359948039054871,2.0,593.0,381.0,1802.0,0.6296875,0.8,success
campus_images_00755.jpg,campus_images_00755_p02.jpg,2.0,0.699057400226593,526.0,636.0,658.0,859.0,0.11614583333333334,0.6,success
campus_images_00755.jpg,campus_images_00755_p03.jpg,3.0,0.642114520072937,260.0,596.0,357.0,875.0,0.1453125,0.6,success
campus_images_00755.jpg,campus_images_00755_p04.jpg,4.0,0.34852126240730286,493.0,631.0,551.0,798.0,0.08697916666666666,0.6,success
campus_images_00756.jpg,campus_images_00756_p01.jpg,1.0,0.9326865673065186,0.0,684.0,373.0,1811.0,0.5869791666666667,0.8,success
campus_images_00756.jpg,campus_images_00756_p02.jpg,2.0,0.7068912386894226,244.0,590.0,336.0,869.0,0.1453125,0.6,success
campus_images_00756.jpg,campus_images_00756_p03.jpg,3.0,0.7017320394515991,517.0,638.0,648.0,869.0,0.1203125,0.6,success
campus_images_00756.jpg,campus_images_00756_p04.jpg,4.0,0.4105354845523834,437.0,594.0,483.0,760.0,0.08645833333333333,0.6,success
campus_images_00756.jpg,campus_images_00756_p05.jpg,5.0,0.37407130002975464,382.0,584.0,446.0,765.0,0.09427083333333333,0.6,success
campus_images_00756.jpg,campus_images_00756_p06.jpg,6.0,0.3682854175567627,339.0,604.0,381.0,739.0,0.0703125,0.6,success
campus_images_00757.jpg,campus_images_00757_p01.jpg,1.0,0.9373501539230347,0.0,789.0,361.0,1798.0,0.5255208333333333,0.6,success
campus_images_00757.jpg,campus_images_00757_p02.jpg,2.0,0.6785668134689331,236.0,591.0,319.0,866.0,0.14322916666666666,0.6,success
campus_images_00757.jpg,campus_images_00757_p03.jpg,3.0,0.6774219274520874,508.0,644.0,636.0,865.0,0.11510416666666666,0.6,success
campus_images_00757.jpg,campus_images_00757_p04.jpg,4.0,0.5653786659240723,340.0,602.0,382.0,742.0,0.07291666666666667,0.6,success
campus_images_00758.jpg,campus_images_00758_p01.jpg,1.0,0.928122341632843,0.0,799.0,348.0,1815.0,0.5291666666666667,0.6,success
campus_images_00758.jpg,campus_images_00758_p02.jpg,2.0,0.7862014770507812,234.0,592.0,320.0,854.0,0.13645833333333332,0.6,success
campus_images_00758.jpg,campus_images_00758_p03.jpg,3.0,0.603693425655365,503.0,637.0,630.0,857.0,0.11458333333333333,0.6,success
campus_images_00758.jpg,campus_images_00758_p04.jpg,4.0,0.3938029408454895,465.0,633.0,527.0,796.0,0.08489583333333334,0.6,success
campus_images_00758.jpg,campus_images_00758_p05.jpg,5.0,0.3078958988189697,342.0,607.0,380.0,742.0,0.0703125,0.6,success
campus_images_00759.jpg,campus_images_00759_p01.jpg,1.0,0.9285816550254822,0.0,775.0,340.0,1822.0,0.5453125,0.6,success
campus_images_00759.jpg,campus_images_00759_p02.jpg,2.0,0.8259910345077515,229.0,593.0,324.0,860.0,0.1390625,0.6,success
campus_images_00759.jpg,campus_images_00759_p03.jpg,3.0,0.6277186274528503,501.0,636.0,632.0,857.0,0.11510416666666666,0.6,success
campus_images_00759.jpg,campus_images_00759_p04.jpg,4.0,0.38624832034111023,468.0,627.0,523.0,793.0,0.08645833333333333,0.6,success
campus_images_00759.jpg,campus_images_00759_p05.jpg,5.0,0.32492995262145996,420.0,587.0,488.0,789.0,0.10520833333333333,0.6,success
campus_images_00760.jpg,campus_images_00760_p01.jpg,1.0,0.9282483458518982,0.0,761.0,330.0,1824.0,0.5536458333333333,0.8,success
campus_images_00760.jpg,campus_images_00760_p02.jpg,2.0,0.7740392684936523,219.0,591.0,320.0,851.0,0.13541666666666666,0.6,success
campus_images_00760.jpg,campus_images_00760_p03.jpg,3.0,0.7048450708389282,494.0,627.0,625.0,859.0,0.12083333333333333,0.6,success
campus_images_00761.jpg,campus_images_00761_p01.jpg,1.0,0.9119085073471069,2.0,761.0,329.0,1824.0,0.5536458333333333,0.8,success
campus_images_00761.jpg,campus_images_00761_p02.jpg,2.0,0.7247790098190308,213.0,592.0,309.0,848.0,0.13333333333333333,0.6,success
campus_images_00761.jpg,campus_images_00761_p03.jpg,3.0,0.6974334120750427,488.0,629.0,619.0,861.0,0.12083333333333333,0.6,success
campus_images_00761.jpg,campus_images_00761_p04.jpg,4.0,0.30570805072784424,428.0,637.0,511.0,793.0,0.08125,0.6,success
campus_images_00762.jpg,campus_images_00762_p01.jpg,1.0,0.9000638723373413,2.0,758.0,317.0,1833.0,0.5598958333333334,0.8,success
campus_images_00762.jpg,campus_images_00762_p02.jpg,2.0,0.6998855471611023,209.0,592.0,305.0,849.0,0.13385416666666666,0.6,success
campus_images_00762.jpg,campus_images_00762_p03.jpg,3.0,0.6580261588096619,485.0,633.0,614.0,858.0,0.1171875,0.6,success
campus_images_00762.jpg,campus_images_00762_p04.jpg,4.0,0.35030850768089294,438.0,634.0,506.0,789.0,0.08072916666666667,0.6,success
campus_images_00762.jpg,campus_images_00762_p05.jpg,5.0,0.30630409717559814,434.0,637.0,510.0,791.0,0.08020833333333334,0.6,success
campus_images_00763.jpg,campus_images_00763_p01.jpg,1.0,0.8056266903877258,3.0,755.0,315.0,1837.0,0.5635416666666667,0.8,success
campus_images_00763.jpg,campus_images_00763_p02.jpg,2.0,0.7890229821205139,204.0,595.0,301.0,843.0,0.12916666666666668,0.6,success
campus_images_00763.jpg,campus_images_00763_p03.jpg,3.0,0.7088540196418762,484.0,627.0,614.0,859.0,0.12083333333333333,0.6,success
campus_images_00763.jpg,campus_images_00763_p04.jpg,4.0,0.40477728843688965,445.0,630.0,503.0,789.0,0.0828125,0.6,success
campus_images_00763.jpg,campus_images_00763_p05.jpg,5.0,0.3043939471244812,372.0,590.0,460.0,782.0,0.1,0.6,success
campus_images_00764.jpg,campus_images_00764_p01.jpg,1.0,0.9313201308250427,0.0,751.0,334.0,1821.0,0.5572916666666666,0.8,success
campus_images_00764.jpg,campus_images_00764_p02.jpg,2.0,0.7812612056732178,206.0,599.0,304.0,837.0,0.12395833333333334,0.6,success
campus_images_00764.jpg,campus_images_00764_p03.jpg,3.0,0.6929286122322083,482.0,635.0,612.0,857.0,0.115625,0.6,success
campus_images_00764.jpg,campus_images_00764_p04.jpg,4.0,0.49630507826805115,448.0,631.0,502.0,792.0,0.08385416666666666,0.6,success
campus_images_00765.jpg,campus_images_00765_p01.jpg,1.0,0.9387758374214172,0.0,750.0,341.0,1784.0,0.5385416666666667,0.6,success
campus_images_00765.jpg,campus_images_00765_p02.jpg,2.0,0.7584673166275024,481.0,626.0,613.0,856.0,0.11979166666666667,0.6,success
campus_images_00765.jpg,campus_images_00765_p03.jpg,3.0,0.7503548860549927,216.0,601.0,307.0,837.0,0.12291666666666666,0.6,success
campus_images_00765.jpg,campus_images_00765_p04.jpg,4.0,0.3837258517742157,444.0,626.0,501.0,785.0,0.0828125,0.6,success
campus_images_00765.jpg,campus_images_00765_p05.jpg,5.0,0.35185620188713074,397.0,584.0,457.0,780.0,0.10208333333333333,0.6,success
campus_images_00766.jpg,campus_images_00766_p01.jpg,1.0,0.9397372603416443,0.0,750.0,334.0,1759.0,0.5255208333333333,0.6,success
campus_images_00766.jpg,campus_images_00766_p02.jpg,2.0,0.7332998514175415,219.0,598.0,309.0,833.0,0.12239583333333333,0.6,success
campus_images_00766.jpg,campus_images_00766_p03.jpg,3.0,0.6962498426437378,481.0,634.0,610.0,853.0,0.1140625,0.6,success
campus_images_00767.jpg,campus_images_00767_p01.jpg,1.0,0.8971568942070007,1.0,370.0,269.0,1105.0,0.3828125,0.6,success
campus_images_00767.jpg,campus_images_00767_p02.jpg,2.0,0.7088579535484314,417.0,436.0,549.0,798.0,0.18854166666666666,0.6,success
campus_images_00767.jpg,campus_images_00767_p03.jpg,3.0,0.38772889971733093,263.0,474.0,327.0,599.0,0.06510416666666667,0.6,success
campus_images_00768.jpg,campus_images_00768_p01.jpg,1.0,0.8514571785926819,0.0,369.0,220.0,1105.0,0.38333333333333336,0.6,success
campus_images_00768.jpg,campus_images_00768_p02.jpg,2.0,0.6440274715423584,423.0,440.0,553.0,784.0,0.17916666666666667,0.6,success
campus_images_00768.jpg,campus_images_00768_p03.jpg,3.0,0.5283418893814087,233.0,475.0,335.0,596.0,0.06302083333333333,0.6,success
campus_images_00768.jpg,campus_images_00768_p04.jpg,4.0,0.4694148302078247,355.0,497.0,428.0,585.0,0.04583333333333333,0.6,success
campus_images_00769.jpg,campus_images_00769_p01.jpg,1.0,0.8778225183486938,0.0,368.0,218.0,1102.0,0.38229166666666664,0.6,success
campus_images_00769.jpg,campus_images_00769_p02.jpg,2.0,0.5190309286117554,242.0,474.0,333.0,595.0,0.06302083333333333,0.6,success
campus_images_00769.jpg,campus_images_00769_p03.jpg,3.0,0.49966809153556824,429.0,488.0,542.0,783.0,0.15364583333333334,0.6,success
campus_images_00769.jpg,campus_images_00769_p04.jpg,4.0,0.4645999073982239,348.0,491.0,439.0,726.0,0.12239583333333333,0.6,success
campus_images_00769.jpg,campus_images_00769_p05.jpg,5.0,0.43146711587905884,348.0,493.0,428.0,584.0,0.04739583333333333,0.6,success
campus_images_00770.jpg,campus_images_00770_p01.jpg,1.0,0.85214763879776,1.0,368.0,221.0,1106.0,0.384375,0.6,success
campus_images_00770.jpg,campus_images_00770_p02.jpg,2.0,0.5604180693626404,341.0,490.0,422.0,587.0,0.050520833333333334,0.6,success
campus_images_00770.jpg,campus_images_00770_p03.jpg,3.0,0.4716435968875885,879.0,433.0,985.0,802.0,0.1921875,0.6,success
campus_images_00770.jpg,campus_images_00770_p04.jpg,4.0,0.30402007699012756,340.0,488.0,435.0,727.0,0.12447916666666667,0.6,success
campus_images_00771.jpg,campus_images_00771_p01.jpg,1.0,0.8020331859588623,0.0,357.0,212.0,1108.0,0.39114583333333336,0.6,success
campus_images_00771.jpg,campus_images_00771_p02.jpg,2.0,0.6678355932235718,332.0,497.0,415.0,590.0,0.0484375,0.6,success
campus_images_00771.jpg,campus_images_00771_p03.jpg,3.0,0.5793718099594116,880.0,404.0,1009.0,794.0,0.203125,0.6,success
campus_images_00771.jpg,campus_images_00771_p04.jpg,4.0,0.3756212294101715,459.0,490.0,570.0,775.0,0.1484375,0.6,success
campus_images_00771.jpg,campus_images_00771_p05.jpg,5.0,0.3322983384132385,416.0,511.0,488.0,610.0,0.0515625,0.6,success
campus_images_00772.jpg,campus_images_00772_p01.jpg,1.0,0.8212127685546875,0.0,360.0,194.0,1107.0,0.3890625,0.6,success
campus_images_00772.jpg,campus_images_00772_p02.jpg,2.0,0.7170317769050598,898.0,412.0,1047.0,800.0,0.20208333333333334,0.6,success
campus_images_00772.jpg,campus_images_00772_p03.jpg,3.0,0.6469108462333679,323.0,496.0,407.0,589.0,0.0484375,0.6,success
campus_images_00772.jpg,campus_images_00772_p04.jpg,4.0,0.5408926010131836,410.0,510.0,490.0,605.0,0.049479166666666664,0.6,success
campus_images_00772.jpg,campus_images_00772_p05.jpg,5.0,0.40657928586006165,215.0,465.0,302.0,601.0,0.07083333333333333,0.6,success
campus_images_00773.jpg,campus_images_00773_p01.jpg,1.0,0.8821448087692261,938.0,421.0,1067.0,791.0,0.19270833333333334,0.6,success
campus_images_00773.jpg,campus_images_00773_p02.jpg,2.0,0.7959714531898499,0.0,367.0,175.0,1108.0,0.3859375,0.6,success
campus_images_00773.jpg,campus_images_00773_p03.jpg,3.0,0.6118325591087341,314.0,496.0,394.0,588.0,0.04791666666666667,0.6,success
campus_images_00773.jpg,campus_images_00773_p04.jpg,4.0,0.5842030644416809,395.0,505.0,484.0,599.0,0.04895833333333333,0.6,success
campus_images_00774.jpg,campus_images_00774_p01.jpg,1.0,0.8428215384483337,951.0,422.0,1080.0,792.0,0.19270833333333334,0.6,success
campus_images_00774.jpg,campus_images_00774_p02.jpg,2.0,0.8017373085021973,0.0,366.0,162.0,1109.0,0.38697916666666665,0.6,success
campus_images_00774.jpg,campus_images_00774_p03.jpg,3.0,0.6142116785049438,390.0,509.0,475.0,600.0,0.04739583333333333,0.6,success
campus_images_00774.jpg,campus_images_00774_p04.jpg,4.0,0.4510863423347473,302.0,501.0,386.0,587.0,0.04479166666666667,0.6,success
campus_images_00774.jpg,campus_images_00774_p05.jpg,5.0,0.3316509425640106,196.0,467.0,281.0,598.0,0.06822916666666666,0.6,success
campus_images_00775.jpg,campus_images_00775_p01.jpg,1.0,0.8074507117271423,0.0,371.0,150.0,1112.0,0.3859375,0.6,success
campus_images_00775.jpg,campus_images_00775_p02.jpg,2.0,0.7448526620864868,973.0,421.0,1080.0,836.0,0.21614583333333334,0.6,success
campus_images_00775.jpg,campus_images_00775_p03.jpg,3.0,0.7099701166152954,380.0,509.0,465.0,602.0,0.0484375,0.6,success
campus_images_00775.jpg,campus_images_00775_p04.jpg,4.0,0.39967674016952515,186.0,473.0,272.0,600.0,0.06614583333333333,0.6,success
campus_images_00775.jpg,campus_images_00775_p05.jpg,5.0,0.35761189460754395,293.0,500.0,379.0,589.0,0.04635416666666667,0.6,success
campus_images_00776.jpg,campus_images_00776_p01.jpg,1.0,0.8002289533615112,0.0,376.0,146.0,1116.0,0.3854166666666667,0.6,success
campus_images_00776.jpg,campus_images_00776_p02.jpg,2.0,0.728135347366333,372.0,512.0,459.0,605.0,0.0484375,0.6,success
campus_images_00776.jpg,campus_images_00776_p03.jpg,3.0,0.46061429381370544,282.0,503.0,367.0,596.0,0.0484375,0.6,success
campus_images_00776.jpg,campus_images_00776_p04.jpg,4.0,0.4053782820701599,285.0,501.0,375.0,733.0,0.12083333333333333,0.6,success
campus_images_00776.jpg,campus_images_00776_p05.jpg,5.0,0.3806401193141937,187.0,482.0,260.0,602.0,0.0625,0.6,success
campus_images_00777.jpg,campus_images_00777_p01.jpg,1.0,0.8021312952041626,0.0,383.0,143.0,1119.0,0.38333333333333336,0.6,success
campus_images_00777.jpg,campus_images_00777_p02.jpg,2.0,0.6594856977462769,278.0,508.0,367.0,601.0,0.0484375,0.6,success
campus_images_00777.jpg,campus_images_00777_p03.jpg,3.0,0.6449441313743591,367.0,514.0,452.0,606.0,0.04791666666666667,0.6,success
campus_images_00777.jpg,campus_images_00777_p04.jpg,4.0,0.4243503510951996,183.0,483.0,256.0,605.0,0.06354166666666666,0.6,success
campus_images_00777.jpg,campus_images_00777_p05.jpg,5.0,0.347686767578125,1019.0,481.0,1079.0,791.0,0.16145833333333334,0.6,success
campus_images_00778.jpg,campus_images_00778_p01.jpg,1.0,0.7914871573448181,0.0,390.0,144.0,1123.0,0.38177083333333334,0.6,success
campus_images_00778.jpg,campus_images_00778_p02.jpg,2.0,0.7468426823616028,360.0,518.0,448.0,609.0,0.04739583333333333,0.6,success
campus_images_00778.jpg,campus_images_00778_p03.jpg,3.0,0.5358349680900574,274.0,509.0,360.0,602.0,0.0484375,0.6,success
campus_images_00778.jpg,campus_images_00778_p04.jpg,4.0,0.5224955677986145,176.0,480.0,260.0,608.0,0.06666666666666667,0.6,success
campus_images_00778.jpg,campus_images_00778_p05.jpg,5.0,0.407189279794693,178.0,483.0,257.0,607.0,0.06458333333333334,0.6,success
campus_images_00778.jpg,campus_images_00778_p06.jpg,6.0,0.3195056915283203,1030.0,486.0,1080.0,1118.0,0.32916666666666666,0.6,success
campus_images_00779.jpg,campus_images_00779_p01.jpg,1.0,0.7382791042327881,1013.0,511.0,1080.0,1047.0,0.2791666666666667,0.6,success
campus_images_00779.jpg,campus_images_00779_p02.jpg,2.0,0.73799729347229,0.0,401.0,153.0,1130.0,0.3796875,0.6,success
campus_images_00779.jpg,campus_images_00779_p03.jpg,3.0,0.6803159713745117,273.0,513.0,355.0,606.0,0.0484375,0.6,success
campus_images_00779.jpg,campus_images_00779_p04.jpg,4.0,0.6606495380401611,169.0,485.0,256.0,615.0,0.06770833333333333,0.6,success
campus_images_00779.jpg,campus_images_00779_p05.jpg,5.0,0.6603230237960815,355.0,526.0,443.0,612.0,0.04479166666666667,0.6,success
campus_images_00780.jpg,campus_images_00780_p01.jpg,1.0,0.6902363896369934,268.0,520.0,353.0,610.0,0.046875,0.6,success
campus_images_00780.jpg,campus_images_00780_p02.jpg,2.0,0.6661157608032227,0.0,407.0,143.0,1134.0,0.37864583333333335,0.6,success
campus_images_00780.jpg,campus_images_00780_p03.jpg,3.0,0.59095698595047,354.0,526.0,438.0,616.0,0.046875,0.6,success
campus_images_00780.jpg,campus_images_00780_p04.jpg,4.0,0.47088488936424255,1011.0,513.0,1080.0,797.0,0.14791666666666667,0.6,success
campus_images_00781.jpg,campus_images_00781_p01.jpg,1.0,0.5969263315200806,267.0,525.0,348.0,612.0,0.0453125,0.6,success
campus_images_00781.jpg,campus_images_00781_p02.jpg,2.0,0.5142243504524231,0.0,424.0,132.0,1139.0,0.3723958333333333,0.6,success
campus_images_00781.jpg,campus_images_00781_p03.jpg,3.0,0.4989277422428131,352.0,526.0,438.0,622.0,0.05,0.6,success
campus_images_00781.jpg,campus_images_00781_p04.jpg,4.0,0.38800209760665894,168.0,501.0,246.0,625.0,0.06458333333333334,0.6,success
campus_images_00781.jpg,campus_images_00781_p05.jpg,5.0,0.3773204982280731,164.0,501.0,249.0,625.0,0.06458333333333334,0.6,success
campus_images_00781.jpg,campus_images_00781_p06.jpg,6.0,0.36423414945602417,267.0,521.0,351.0,748.0,0.11822916666666666,0.6,success
campus_images_00781.jpg,campus_images_00781_p07.jpg,7.0,0.36154019832611084,1014.0,509.0,1079.0,793.0,0.14791666666666667,0.6,success
campus_images_00782.jpg,campus_images_00782_p01.jpg,1.0,0.6882069110870361,262.0,528.0,352.0,756.0,0.11875,0.6,success
campus_images_00782.jpg,campus_images_00782_p02.jpg,2.0,0.6177709698677063,349.0,535.0,435.0,625.0,0.046875,0.6,success
campus_images_00782.jpg,campus_images_00782_p03.jpg,3.0,0.38698968291282654,161.0,507.0,243.0,629.0,0.06354166666666666,0.6,success
campus_images_00782.jpg,campus_images_00782_p04.jpg,4.0,0.31028053164482117,0.0,482.0,120.0,1128.0,0.33645833333333336,0.6,success
campus_images_00783.jpg,campus_images_00783_p01.jpg,1.0,0.5889565348625183,345.0,537.0,432.0,631.0,0.04895833333333333,0.6,success
campus_images_00783.jpg,campus_images_00783_p02.jpg,2.0,0.5293261408805847,262.0,524.0,350.0,758.0,0.121875,0.6,success
campus_images_00783.jpg,campus_images_00783_p03.jpg,3.0,0.45869842171669006,1032.0,493.0,1080.0,701.0,0.10833333333333334,0.6,success
campus_images_00783.jpg,campus_images_00783_p04.jpg,4.0,0.41576170921325684,0.0,508.0,131.0,1133.0,0.3255208333333333,0.6,success
campus_images_00783.jpg,campus_images_00783_p05.jpg,5.0,0.40741753578186035,740.0,478.0,855.0,772.0,0.153125,0.6,success
campus_images_00783.jpg,campus_images_00783_p06.jpg,6.0,0.33322378993034363,259.0,527.0,342.0,620.0,0.0484375,0.6,success
campus_images_00783.jpg,campus_images_00783_p07.jpg,7.0,0.32273316383361816,0.0,442.0,133.0,1140.0,0.36354166666666665,0.6,success
campus_images_00784.jpg,campus_images_00784_p01.jpg,1.0,0.6117498874664307,339.0,552.0,425.0,632.0,0.041666666666666664,0.6,success
campus_images_00784.jpg,campus_images_00784_p02.jpg,2.0,0.49003928899765015,1018.0,494.0,1080.0,991.0,0.25885416666666666,0.6,success
campus_images_00784.jpg,campus_images_00784_p03.jpg,3.0,0.4393852949142456,0.0,496.0,126.0,1139.0,0.33489583333333334,0.6,success
campus_images_00784.jpg,campus_images_00784_p04.jpg,4.0,0.4226934611797333,792.0,485.0,874.0,704.0,0.1140625,0.6,success
campus_images_00784.jpg,campus_images_00784_p05.jpg,5.0,0.4219391644001007,252.0,533.0,338.0,623.0,0.046875,0.6,success
campus_images_00784.jpg,campus_images_00784_p06.jpg,6.0,0.3783307671546936,331.0,549.0,426.0,758.0,0.10885416666666667,0.6,success
campus_images_00785.jpg,campus_images_00785_p01.jpg,1.0,0.7546532154083252,991.0,493.0,1080.0,1009.0,0.26875,0.6,success
campus_images_00785.jpg,campus_images_00785_p02.jpg,2.0,0.6641504764556885,0.0,463.0,114.0,1147.0,0.35625,0.6,success
campus_images_00785.jpg,campus_images_00785_p03.jpg,3.0,0.6515969038009644,764.0,493.0,871.0,791.0,0.15520833333333334,0.6,success
campus_images_00785.jpg,campus_images_00785_p04.jpg,4.0,0.5676969289779663,250.0,540.0,330.0,631.0,0.04739583333333333,0.6,success
campus_images_00785.jpg,campus_images_00785_p05.jpg,5.0,0.5065006017684937,331.0,553.0,418.0,635.0,0.042708333333333334,0.6,success
campus_images_00785.jpg,campus_images_00785_p06.jpg,6.0,0.4127066135406494,248.0,539.0,338.0,770.0,0.1203125,0.6,success
campus_images_00785.jpg,campus_images_00785_p07.jpg,7.0,0.37956082820892334,0.0,488.0,117.0,1144.0,0.3416666666666667,0.6,success
campus_images_00786.jpg,campus_images_00786_p01.jpg,1.0,0.8668246269226074,975.0,486.0,1079.0,974.0,0.25416666666666665,0.6,success
campus_images_00786.jpg,campus_images_00786_p02.jpg,2.0,0.6204147934913635,0.0,533.0,96.0,1145.0,0.31875,0.6,success
campus_images_00786.jpg,campus_images_00786_p03.jpg,3.0,0.6190804839134216,0.0,536.0,92.0,1143.0,0.31614583333333335,0.6,success
campus_images_00786.jpg,campus_images_00786_p04.jpg,4.0,0.47232386469841003,231.0,540.0,326.0,771.0,0.1203125,0.6,success
campus_images_00786.jpg,campus_images_00786_p05.jpg,5.0,0.43814346194267273,229.0,543.0,317.0,635.0,0.04791666666666667,0.6,success
campus_images_00786.jpg,campus_images_00786_p06.jpg,6.0,0.3807673454284668,321.0,554.0,403.0,640.0,0.04479166666666667,0.6,success
campus_images_00787.jpg,campus_images_00787_p01.jpg,1.0,0.8426968455314636,963.0,409.0,1080.0,977.0,0.29583333333333334,0.6,success
campus_images_00787.jpg,campus_images_00787_p02.jpg,2.0,0.5330469012260437,294.0,554.0,382.0,643.0,0.04635416666666667,0.6,success
campus_images_00787.jpg,campus_images_00787_p03.jpg,3.0,0.4960234761238098,0.0,545.0,66.0,1147.0,0.31354166666666666,0.6,success
campus_images_00787.jpg,campus_images_00787_p04.jpg,4.0,0.4765672981739044,742.0,491.0,838.0,828.0,0.17552083333333332,0.6,success
campus_images_00787.jpg,campus_images_00787_p05.jpg,5.0,0.3609752953052521,209.0,548.0,290.0,635.0,0.0453125,0.6,success
campus_images_00787.jpg,campus_images_00787_p06.jpg,6.0,0.3585638403892517,208.0,544.0,294.0,773.0,0.11927083333333334,0.6,success
campus_images_00787.jpg,campus_images_00787_p07.jpg,7.0,0.3563583791255951,105.0,522.0,186.0,645.0,0.0640625,0.6,success
campus_images_00788.jpg,campus_images_00788_p01.jpg,1.0,0.8369982838630676,935.0,419.0,1080.0,974.0,0.2890625,0.6,success
campus_images_00788.jpg,campus_images_00788_p02.jpg,2.0,0.7377632856369019,726.0,499.0,848.0,861.0,0.18854166666666666,0.6,success
campus_images_00788.jpg,campus_images_00788_p03.jpg,3.0,0.7043383121490479,270.0,563.0,359.0,648.0,0.044270833333333336,0.6,success
campus_images_00788.jpg,campus_images_00788_p04.jpg,4.0,0.5705909729003906,0.0,578.0,58.0,1155.0,0.30052083333333335,0.6,success
campus_images_00788.jpg,campus_images_00788_p05.jpg,5.0,0.5694743394851685,182.0,550.0,269.0,642.0,0.04791666666666667,0.6,success
campus_images_00788.jpg,campus_images_00788_p06.jpg,6.0,0.5271908044815063,0.0,578.0,60.0,1157.0,0.3015625,0.6,success
campus_images_00788.jpg,campus_images_00788_p07.jpg,7.0,0.34286561608314514,80.0,519.0,166.0,651.0,0.06875,0.6,success
campus_images_00789.jpg,campus_images_00789_p01.jpg,1.0,0.8926807641983032,912.0,420.0,1078.0,947.0,0.27447916666666666,0.6,success
campus_images_00789.jpg,campus_images_00789_p02.jpg,2.0,0.7925128936767578,710.0,505.0,855.0,891.0,0.20104166666666667,0.6,success
campus_images_00789.jpg,campus_images_00789_p03.jpg,3.0,0.6003769040107727,245.0,563.0,334.0,651.0,0.04583333333333333,0.6,success
campus_images_00789.jpg,campus_images_00789_p04.jpg,4.0,0.5766004323959351,157.0,559.0,247.0,645.0,0.04479166666666667,0.6,success
campus_images_00790.jpg,campus_images_00790_p01.jpg,1.0,0.8905567526817322,908.0,426.0,1075.0,934.0,0.26458333333333334,0.6,success
campus_images_00790.jpg,campus_images_00790_p02.jpg,2.0,0.6573444604873657,232.0,564.0,317.0,653.0,0.04635416666666667,0.6,success
campus_images_00790.jpg,campus_images_00790_p03.jpg,3.0,0.6419856548309326,142.0,558.0,229.0,647.0,0.04635416666666667,0.6,success
campus_images_00790.jpg,campus_images_00790_p04.jpg,4.0,0.6046761274337769,731.0,512.0,857.0,888.0,0.19583333333333333,0.6,success
campus_images_00790.jpg,campus_images_00790_p05.jpg,5.0,0.3346526026725769,232.0,562.0,320.0,783.0,0.11510416666666666,0.6,success
campus_images_00791.jpg,campus_images_00791_p01.jpg,1.0,0.8190553188323975,770.0,507.0,872.0,882.0,0.1953125,0.6,success
campus_images_00791.jpg,campus_images_00791_p02.jpg,2.0,0.7440381646156311,896.0,433.0,1056.0,938.0,0.2630208333333333,0.6,success
campus_images_00791.jpg,campus_images_00791_p03.jpg,3.0,0.6528909206390381,132.0,559.0,222.0,650.0,0.04739583333333333,0.6,success
campus_images_00791.jpg,campus_images_00791_p04.jpg,4.0,0.6178551912307739,221.0,564.0,307.0,655.0,0.04739583333333333,0.6,success
campus_images_00791.jpg,campus_images_00791_p05.jpg,5.0,0.4858951270580292,896.0,434.0,1054.0,934.0,0.2604166666666667,0.6,success
campus_images_00792.jpg,campus_images_00792_p01.jpg,1.0,0.8878858685493469,895.0,435.0,1066.0,913.0,0.24895833333333334,0.6,success
campus_images_00792.jpg,campus_images_00792_p02.jpg,2.0,0.8016752004623413,755.0,508.0,893.0,881.0,0.19427083333333334,0.6,success
campus_images_00792.jpg,campus_images_00792_p03.jpg,3.0,0.6417409777641296,119.0,561.0,208.0,651.0,0.046875,0.6,success
campus_images_00792.jpg,campus_images_00792_p04.jpg,4.0,0.5442874431610107,208.0,570.0,297.0,657.0,0.0453125,0.6,success
campus_images_00793.jpg,campus_images_00793_p01.jpg,1.0,0.8923980593681335,883.0,435.0,1041.0,910.0,0.24739583333333334,0.6,success
campus_images_00793.jpg,campus_images_00793_p02.jpg,2.0,0.8455275893211365,760.0,513.0,910.0,961.0,0.23333333333333334,0.6,success
campus_images_00793.jpg,campus_images_00793_p03.jpg,3.0,0.585145115852356,111.0,559.0,206.0,803.0,0.12708333333333333,0.6,success
campus_images_00793.jpg,campus_images_00793_p04.jpg,4.0,0.48836439847946167,202.0,574.0,288.0,660.0,0.04479166666666667,0.6,success
campus_images_00793.jpg,campus_images_00793_p05.jpg,5.0,0.33894968032836914,109.0,561.0,201.0,654.0,0.0484375,0.6,success
campus_images_00794.jpg,campus_images_00794_p01.jpg,1.0,0.9032701849937439,902.0,446.0,1025.0,908.0,0.240625,0.6,success
campus_images_00794.jpg,campus_images_00794_p02.jpg,2.0,0.8602375388145447,766.0,517.0,930.0,965.0,0.23333333333333334,0.6,success
campus_images_00794.jpg,campus_images_00794_p03.jpg,3.0,0.4991772770881653,108.0,559.0,200.0,793.0,0.121875,0.6,success
campus_images_00794.jpg,campus_images_00794_p04.jpg,4.0,0.49457645416259766,194.0,574.0,287.0,790.0,0.1125,0.6,success
campus_images_00794.jpg,campus_images_00794_p05.jpg,5.0,0.37856799364089966,107.0,561.0,195.0,653.0,0.04791666666666667,0.6,success
campus_images_00794.jpg,campus_images_00794_p06.jpg,6.0,0.347076952457428,196.0,576.0,284.0,662.0,0.04479166666666667,0.6,success
campus_images_00794.jpg,campus_images_00794_p07.jpg,7.0,0.32992520928382874,3.0,541.0,85.0,661.0,0.0625,0.6,success
campus_images_00795.jpg,campus_images_00795_p01.jpg,1.0,0.7588732838630676,787.0,518.0,949.0,956.0,0.228125,0.6,success
campus_images_00795.jpg,campus_images_00795_p02.jpg,2.0,0.5450080633163452,105.0,567.0,188.0,655.0,0.04583333333333333,0.6,success
campus_images_00795.jpg,campus_images_00795_p03.jpg,3.0,0.503246009349823,900.0,452.0,1003.0,907.0,0.23697916666666666,0.6,success
campus_images_00795.jpg,campus_images_00795_p04.jpg,4.0,0.49691659212112427,191.0,578.0,285.0,791.0,0.1109375,0.6,success
campus_images_00795.jpg,campus_images_00795_p05.jpg,5.0,0.45800235867500305,105.0,562.0,194.0,792.0,0.11979166666666667,0.6,success
campus_images_00795.jpg,campus_images_00795_p06.jpg,6.0,0.4326777756214142,54.0,489.0,122.0,622.0,0.06927083333333334,0.6,success
campus_images_00795.jpg,campus_images_00795_p07.jpg,7.0,0.3477620780467987,2.0,539.0,83.0,663.0,0.06458333333333334,0.6,success
campus_images_00795.jpg,campus_images_00795_p08.jpg,8.0,0.31949368119239807,1.0,536.0,84.0,664.0,0.06666666666666667,0.6,success
campus_images_00796.jpg,campus_images_00796_p01.jpg,1.0,0.8294396996498108,825.0,515.0,995.0,962.0,0.2328125,0.6,success
campus_images_00796.jpg,campus_images_00796_p02.jpg,2.0,0.5998294949531555,194.0,582.0,283.0,667.0,0.044270833333333336,0.6,success
campus_images_00796.jpg,campus_images_00796_p03.jpg,3.0,0.5834657549858093,107.0,567.0,189.0,658.0,0.04739583333333333,0.6,success
campus_images_00796.jpg,campus_images_00796_p04.jpg,4.0,0.49860426783561707,859.0,452.0,950.0,620.0,0.0875,0.6,success
campus_images_00796.jpg,campus_images_00796_p05.jpg,5.0,0.39321503043174744,106.0,562.0,196.0,804.0,0.12604166666666666,0.6,success
campus_images_00796.jpg,campus_images_00796_p06.jpg,6.0,0.35552769899368286,191.0,578.0,286.0,792.0,0.11145833333333334,0.6,success
campus_images_00796.jpg,campus_images_00796_p07.jpg,7.0,0.33064204454421997,2.0,545.0,81.0,666.0,0.06302083333333333,0.6,success
campus_images_00797.jpg,campus_images_00797_p01.jpg,1.0,0.8555862307548523,835.0,518.0,1034.0,959.0,0.2296875,0.6,success
campus_images_00797.jpg,campus_images_00797_p02.jpg,2.0,0.6478935480117798,194.0,584.0,281.0,666.0,0.042708333333333334,0.6,success
campus_images_00797.jpg,campus_images_00797_p03.jpg,3.0,0.5747736096382141,103.0,572.0,187.0,658.0,0.04479166666666667,0.6,success
campus_images_00797.jpg,campus_images_00797_p04.jpg,4.0,0.37227293848991394,45.0,501.0,122.0,627.0,0.065625,0.6,success
campus_images_00797.jpg,campus_images_00797_p05.jpg,5.0,0.33721718192100525,190.0,580.0,284.0,796.0,0.1125,0.6,success
campus_images_00797.jpg,campus_images_00797_p06.jpg,6.0,0.3034554719924927,101.0,569.0,194.0,809.0,0.125,0.6,success
campus_images_00798.jpg,campus_images_00798_p01.jpg,1.0,0.8451998829841614,850.0,517.0,1071.0,966.0,0.23385416666666667,0.6,success
campus_images_00798.jpg,campus_images_00798_p02.jpg,2.0,0.5761759281158447,194.0,589.0,281.0,667.0,0.040625,0.6,success
campus_images_00798.jpg,campus_images_00798_p03.jpg,3.0,0.4399051368236542,93.0,568.0,193.0,803.0,0.12239583333333333,0.6,success
campus_images_00798.jpg,campus_images_00798_p04.jpg,4.0,0.4078940153121948,785.0,491.0,865.0,832.0,0.17760416666666667,0.6,success
campus_images_00798.jpg,campus_images_00798_p05.jpg,5.0,0.3942487835884094,99.0,571.0,188.0,660.0,0.04635416666666667,0.6,success
campus_images_00798.jpg,campus_images_00798_p06.jpg,6.0,0.3495054244995117,189.0,582.0,284.0,797.0,0.11197916666666667,0.6,success
campus_images_00799.jpg,campus_images_00799_p01.jpg,1.0,0.8948050737380981,884.0,513.0,1080.0,966.0,0.2359375,0.6,success
campus_images_00799.jpg,campus_images_00799_p02.jpg,2.0,0.8547153472900391,828.0,462.0,949.0,859.0,0.20677083333333332,0.6,success
campus_images_00799.jpg,campus_images_00799_p03.jpg,3.0,0.6051071882247925,754.0,495.0,850.0,784.0,0.15052083333333333,0.6,success
campus_images_00799.jpg,campus_images_00799_p04.jpg,4.0,0.49326497316360474,99.0,570.0,190.0,663.0,0.0484375,0.6,success
campus_images_00799.jpg,campus_images_00799_p05.jpg,5.0,0.4818006455898285,192.0,585.0,283.0,673.0,0.04583333333333333,0.6,success
campus_images_00799.jpg,campus_images_00799_p06.jpg,6.0,0.4178791344165802,188.0,580.0,285.0,795.0,0.11197916666666667,0.6,success
campus_images_00799.jpg,campus_images_00799_p07.jpg,7.0,0.4018777012825012,88.0,567.0,195.0,800.0,0.12135416666666667,0.6,success
campus_images_00799.jpg,campus_images_00799_p08.jpg,8.0,0.3035009205341339,1.0,550.0,83.0,668.0,0.06145833333333333,0.6,success
campus_images_00800.jpg,campus_images_00800_p01.jpg,1.0,0.903974175453186,812.0,458.0,939.0,863.0,0.2109375,0.6,success
campus_images_00800.jpg,campus_images_00800_p02.jpg,2.0,0.8025743961334229,973.0,528.0,1080.0,971.0,0.23072916666666668,0.6,success
campus_images_00800.jpg,campus_images_00800_p03.jpg,3.0,0.5118388533592224,186.0,578.0,286.0,796.0,0.11354166666666667,0.6,success
campus_images_00800.jpg,campus_images_00800_p04.jpg,4.0,0.4614662230014801,727.0,490.0,812.0,772.0,0.146875,0.6,success
campus_images_00800.jpg,campus_images_00800_p05.jpg,5.0,0.4536038339138031,95.0,571.0,190.0,662.0,0.04739583333333333,0.6,success
campus_images_00800.jpg,campus_images_00800_p06.jpg,6.0,0.36530232429504395,89.0,569.0,194.0,802.0,0.12135416666666667,0.6,success
campus_images_00801.jpg,campus_images_00801_p01.jpg,1.0,0.9017121195793152,809.0,460.0,926.0,857.0,0.20677083333333332,0.6,success
campus_images_00801.jpg,campus_images_00801_p02.jpg,2.0,0.5811731219291687,193.0,586.0,282.0,667.0,0.0421875,0.6,success
campus_images_00801.jpg,campus_images_00801_p03.jpg,3.0,0.5392946004867554,998.0,569.0,1080.0,961.0,0.20416666666666666,0.6,success
campus_images_00801.jpg,campus_images_00801_p04.jpg,4.0,0.42300036549568176,190.0,581.0,283.0,795.0,0.11145833333333334,0.6,success
campus_images_00801.jpg,campus_images_00801_p05.jpg,5.0,0.3990364372730255,91.0,565.0,190.0,660.0,0.049479166666666664,0.6,success
campus_images_00801.jpg,campus_images_00801_p06.jpg,6.0,0.3915601968765259,80.0,556.0,192.0,802.0,0.128125,0.6,success
campus_images_00801.jpg,campus_images_00801_p07.jpg,7.0,0.3068285882472992,695.0,492.0,768.0,673.0,0.09427083333333333,0.6,success
campus_images_00802.jpg,campus_images_00802_p01.jpg,1.0,0.7276901602745056,801.0,463.0,915.0,854.0,0.20364583333333333,0.6,success
campus_images_00802.jpg,campus_images_00802_p02.jpg,2.0,0.614286482334137,802.0,462.0,914.0,854.0,0.20416666666666666,0.6,success
campus_images_00802.jpg,campus_images_00802_p03.jpg,3.0,0.49232110381126404,193.0,581.0,284.0,668.0,0.0453125,0.6,success
campus_images_00802.jpg,campus_images_00802_p04.jpg,4.0,0.44891542196273804,635.0,503.0,751.0,810.0,0.15989583333333332,0.6,success
campus_images_00802.jpg,campus_images_00802_p05.jpg,5.0,0.444830060005188,92.0,566.0,190.0,660.0,0.04895833333333333,0.6,success
campus_images_00802.jpg,campus_images_00802_p06.jpg,6.0,0.44020193815231323,190.0,579.0,286.0,795.0,0.1125,0.6,success
campus_images_00802.jpg,campus_images_00802_p07.jpg,7.0,0.40083029866218567,78.0,563.0,193.0,799.0,0.12291666666666666,0.6,success
campus_images_00803.jpg,campus_images_00803_p01.jpg,1.0,0.8707307577133179,787.0,461.0,908.0,839.0,0.196875,0.6,success
campus_images_00803.jpg,campus_images_00803_p02.jpg,2.0,0.4965859055519104,98.0,565.0,189.0,654.0,0.04635416666666667,0.6,success
campus_images_00803.jpg,campus_images_00803_p03.jpg,3.0,0.4826433062553406,190.0,577.0,283.0,662.0,0.044270833333333336,0.6,success
campus_images_00803.jpg,campus_images_00803_p04.jpg,4.0,0.45724546909332275,190.0,576.0,286.0,790.0,0.11145833333333334,0.6,success
campus_images_00803.jpg,campus_images_00803_p05.jpg,5.0,0.33609917759895325,94.0,563.0,194.0,793.0,0.11979166666666667,0.6,success
campus_images_00804.jpg,campus_images_00804_p01.jpg,1.0,0.872319757938385,769.0,454.0,910.0,829.0,0.1953125,0.6,success
campus_images_00804.jpg,campus_images_00804_p02.jpg,2.0,0.5963197350502014,96.0,561.0,189.0,651.0,0.046875,0.6,success
campus_images_00804.jpg,campus_images_00804_p03.jpg,3.0,0.4935678541660309,189.0,575.0,280.0,658.0,0.043229166666666666,0.6,success
campus_images_00804.jpg,campus_images_00804_p04.jpg,4.0,0.41593918204307556,189.0,571.0,284.0,786.0,0.11197916666666667,0.6,success
campus_images_00804.jpg,campus_images_00804_p05.jpg,5.0,0.39533352851867676,0.0,505.0,85.0,660.0,0.08072916666666667,0.6,success
campus_images_00805.jpg,campus_images_00805_p01.jpg,1.0,0.8810117244720459,759.0,454.0,895.0,827.0,0.19427083333333334,0.6,success
campus_images_00805.jpg,campus_images_00805_p02.jpg,2.0,0.6172812581062317,190.0,576.0,279.0,657.0,0.0421875,0.6,success
campus_images_00805.jpg,campus_images_00805_p03.jpg,3.0,0.5347164273262024,98.0,561.0,187.0,651.0,0.046875,0.6,success
campus_images_00805.jpg,campus_images_00805_p04.jpg,4.0,0.39459744095802307,189.0,572.0,281.0,784.0,0.11041666666666666,0.6,success
campus_images_00805.jpg,campus_images_00805_p05.jpg,5.0,0.3261594772338867,0.0,972.0,69.0,1157.0,0.09635416666666667,0.6,success
campus_images_00806.jpg,campus_images_00806_p01.jpg,1.0,0.8788005113601685,767.0,453.0,885.0,826.0,0.19427083333333334,0.6,success
campus_images_00806.jpg,campus_images_00806_p02.jpg,2.0,0.710913360118866,99.0,560.0,186.0,648.0,0.04583333333333333,0.6,success
campus_images_00806.jpg,campus_images_00806_p03.jpg,3.0,0.7020242214202881,187.0,571.0,278.0,654.0,0.043229166666666666,0.6,success
campus_images_00807.jpg,campus_images_00807_p01.jpg,1.0,0.8811995983123779,765.0,451.0,880.0,810.0,0.18697916666666667,0.6,success
campus_images_00807.jpg,campus_images_00807_p02.jpg,2.0,0.7057070136070251,188.0,570.0,280.0,654.0,0.04375,0.6,success
campus_images_00807.jpg,campus_images_00807_p03.jpg,3.0,0.6290273666381836,93.0,556.0,188.0,643.0,0.0453125,0.6,success
campus_images_00807.jpg,campus_images_00807_p04.jpg,4.0,0.3740188181400299,93.0,554.0,193.0,806.0,0.13125,0.6,success
campus_images_00807.jpg,campus_images_00807_p05.jpg,5.0,0.36161482334136963,185.0,567.0,282.0,783.0,0.1125,0.6,success
campus_images_00808.jpg,campus_images_00808_p01.jpg,1.0,0.892318069934845,763.0,445.0,876.0,801.0,0.18541666666666667,0.6,success
campus_images_00808.jpg,campus_images_00808_p02.jpg,2.0,0.6715178489685059,189.0,568.0,279.0,653.0,0.044270833333333336,0.6,success
campus_images_00808.jpg,campus_images_00808_p03.jpg,3.0,0.5935945510864258,632.0,485.0,728.0,769.0,0.14791666666666667,0.6,success
campus_images_00808.jpg,campus_images_00808_p04.jpg,4.0,0.4914005398750305,80.0,552.0,188.0,646.0,0.04895833333333333,0.6,success
campus_images_00808.jpg,campus_images_00808_p05.jpg,5.0,0.3522021174430847,77.0,552.0,192.0,791.0,0.12447916666666667,0.6,success
campus_images_00809.jpg,campus_images_00809_p01.jpg,1.0,0.8773062229156494,761.0,440.0,872.0,799.0,0.18697916666666667,0.6,success
campus_images_00809.jpg,campus_images_00809_p02.jpg,2.0,0.7964050769805908,0.0,427.0,154.0,1163.0,0.38333333333333336,0.6,success
campus_images_00809.jpg,campus_images_00809_p03.jpg,3.0,0.673647403717041,187.0,564.0,280.0,649.0,0.044270833333333336,0.6,success
campus_images_00809.jpg,campus_images_00809_p04.jpg,4.0,0.5290255546569824,634.0,489.0,738.0,775.0,0.14895833333333333,0.6,success
campus_images_00809.jpg,campus_images_00809_p05.jpg,5.0,0.3298409879207611,92.0,551.0,191.0,778.0,0.11822916666666666,0.6,success
campus_images_00810.jpg,campus_images_00810_p01.jpg,1.0,0.8662960529327393,760.0,440.0,868.0,797.0,0.1859375,0.6,success
campus_images_00810.jpg,campus_images_00810_p02.jpg,2.0,0.8335350155830383,0.0,430.0,180.0,1161.0,0.3807291666666667,0.6,success
campus_images_00810.jpg,campus_images_00810_p03.jpg,3.0,0.6504961252212524,189.0,561.0,279.0,647.0,0.04479166666666667,0.6,success
campus_images_00810.jpg,campus_images_00810_p04.jpg,4.0,0.5262479186058044,107.0,551.0,188.0,638.0,0.0453125,0.6,success
campus_images_00810.jpg,campus_images_00810_p05.jpg,5.0,0.458001047372818,654.0,468.0,741.0,776.0,0.16041666666666668,0.6,success
campus_images_00811.jpg,campus_images_00811_p01.jpg,1.0,0.8872055411338806,759.0,439.0,866.0,797.0,0.18645833333333334,0.6,success
campus_images_00811.jpg,campus_images_00811_p02.jpg,2.0,0.8613661527633667,0.0,424.0,197.0,1158.0,0.38229166666666664,0.6,success
campus_images_00811.jpg,campus_images_00811_p03.jpg,3.0,0.7574821710586548,112.0,547.0,188.0,639.0,0.04791666666666667,0.6,success
campus_images_00811.jpg,campus_images_00811_p04.jpg,4.0,0.5825462341308594,190.0,559.0,281.0,646.0,0.0453125,0.6,success
campus_images_00812.jpg,campus_images_00812_p01.jpg,1.0,0.8354566693305969,0.0,422.0,200.0,1155.0,0.38177083333333334,0.6,success
campus_images_00812.jpg,campus_images_00812_p02.jpg,2.0,0.8019476532936096,110.0,543.0,188.0,638.0,0.049479166666666664,0.6,success
campus_images_00812.jpg,campus_images_00812_p03.jpg,3.0,0.5899270176887512,755.0,438.0,864.0,796.0,0.18645833333333334,0.6,success
campus_images_00812.jpg,campus_images_00812_p04.jpg,4.0,0.42701268196105957,169.0,556.0,283.0,779.0,0.11614583333333334,0.6,success
campus_images_00812.jpg,campus_images_00812_p05.jpg,5.0,0.42050498723983765,189.0,558.0,280.0,641.0,0.043229166666666666,0.6,success
campus_images_00812.jpg,campus_images_00812_p06.jpg,6.0,0.33700597286224365,656.0,487.0,748.0,778.0,0.1515625,0.6,success
campus_images_00813.jpg,campus_images_00813_p01.jpg,1.0,0.8543753027915955,0.0,415.0,192.0,1154.0,0.3848958333333333,0.6,success
campus_images_00813.jpg,campus_images_00813_p02.jpg,2.0,0.810853898525238,754.0,437.0,862.0,796.0,0.18697916666666667,0.6,success
campus_images_00813.jpg,campus_images_00813_p03.jpg,3.0,0.8041237592697144,111.0,540.0,186.0,637.0,0.050520833333333334,0.6,success
campus_images_00813.jpg,campus_images_00813_p04.jpg,4.0,0.5131328701972961,187.0,551.0,273.0,639.0,0.04583333333333333,0.6,success
campus_images_00813.jpg,campus_images_00813_p05.jpg,5.0,0.4041413366794586,655.0,514.0,743.0,774.0,0.13541666666666666,0.6,success
campus_images_00814.jpg,campus_images_00814_p01.jpg,1.0,0.8543662428855896,750.0,437.0,861.0,794.0,0.1859375,0.6,success
campus_images_00814.jpg,campus_images_00814_p02.jpg,2.0,0.8535041213035583,0.0,412.0,184.0,1156.0,0.3875,0.6,success
campus_images_00814.jpg,campus_images_00814_p03.jpg,3.0,0.7801522612571716,112.0,535.0,186.0,631.0,0.05,0.6,success
campus_images_00814.jpg,campus_images_00814_p04.jpg,4.0,0.6578022837638855,189.0,548.0,257.0,640.0,0.04791666666666667,0.6,success
campus_images_00814.jpg,campus_images_00814_p05.jpg,5.0,0.4571516215801239,656.0,521.0,746.0,775.0,0.13229166666666667,0.6,success
campus_images_00814.jpg,campus_images_00814_p06.jpg,6.0,0.31855782866477966,250.0,457.0,315.0,624.0,0.08697916666666666,0.6,success
campus_images_00815.jpg,campus_images_00815_p01.jpg,1.0,0.8493790626525879,755.0,437.0,860.0,792.0,0.18489583333333334,0.6,success
campus_images_00815.jpg,campus_images_00815_p02.jpg,2.0,0.8059631586074829,1.0,401.0,173.0,1158.0,0.39427083333333335,0.6,success
campus_images_00815.jpg,campus_images_00815_p03.jpg,3.0,0.783662736415863,105.0,534.0,183.0,631.0,0.050520833333333334,0.6,success
campus_images_00815.jpg,campus_images_00815_p04.jpg,4.0,0.6523322463035583,189.0,544.0,243.0,638.0,0.04895833333333333,0.6,success
campus_images_00815.jpg,campus_images_00815_p05.jpg,5.0,0.38952407240867615,227.0,455.0,316.0,792.0,0.17552083333333332,0.6,success
campus_images_00816.jpg,campus_images_00816_p01.jpg,1.0,0.8464167714118958,753.0,437.0,860.0,791.0,0.184375,0.6,success
campus_images_00816.jpg,campus_images_00816_p02.jpg,2.0,0.7861457467079163,0.0,407.0,154.0,1155.0,0.38958333333333334,0.6,success
campus_images_00816.jpg,campus_images_00816_p03.jpg,3.0,0.6713380217552185,194.0,453.0,331.0,797.0,0.17916666666666667,0.6,success
campus_images_00816.jpg,campus_images_00816_p04.jpg,4.0,0.6229397058486938,92.0,534.0,182.0,630.0,0.05,0.6,success
campus_images_00817.jpg,campus_images_00817_p01.jpg,1.0,0.8561548590660095,754.0,437.0,859.0,793.0,0.18541666666666667,0.6,success
campus_images_00817.jpg,campus_images_00817_p02.jpg,2.0,0.8085313439369202,0.0,419.0,139.0,1130.0,0.3703125,0.6,success
campus_images_00817.jpg,campus_images_00817_p03.jpg,3.0,0.5130252242088318,190.0,455.0,298.0,792.0,0.17552083333333332,0.6,success
campus_images_00817.jpg,campus_images_00817_p04.jpg,4.0,0.5106754899024963,80.0,535.0,206.0,772.0,0.1234375,0.6,success
campus_images_00817.jpg,campus_images_00817_p05.jpg,5.0,0.33994048833847046,399.0,479.0,469.0,595.0,0.06041666666666667,0.6,success
campus_images_00817.jpg,campus_images_00817_p06.jpg,6.0,0.30914437770843506,81.0,537.0,184.0,630.0,0.0484375,0.6,success
campus_images_00818.jpg,campus_images_00818_p01.jpg,1.0,0.8371621370315552,753.0,437.0,861.0,796.0,0.18697916666666667,0.6,success
campus_images_00818.jpg,campus_images_00818_p02.jpg,2.0,0.7935910820960999,182.0,455.0,293.0,809.0,0.184375,0.6,success
campus_images_00818.jpg,campus_images_00818_p03.jpg,3.0,0.737169086933136,93.0,532.0,202.0,794.0,0.13645833333333332,0.6,success
campus_images_00818.jpg,campus_images_00818_p04.jpg,4.0,0.3795144855976105,0.0,484.0,119.0,1129.0,0.3359375,0.6,success
campus_images_00818.jpg,campus_images_00818_p05.jpg,5.0,0.3607347905635834,0.0,512.0,114.0,1129.0,0.32135416666666666,0.6,success
campus_images_00819.jpg,campus_images_00819_p01.jpg,1.0,0.8487342000007629,752.0,439.0,861.0,796.0,0.1859375,0.6,success
campus_images_00819.jpg,campus_images_00819_p02.jpg,2.0,0.8274397253990173,173.0,459.0,290.0,811.0,0.18333333333333332,0.6,success
campus_images_00819.jpg,campus_images_00819_p03.jpg,3.0,0.5664886236190796,0.0,561.0,112.0,1130.0,0.29635416666666664,0.6,success
campus_images_00819.jpg,campus_images_00819_p04.jpg,4.0,0.44840705394744873,0.0,554.0,113.0,1131.0,0.30052083333333335,0.6,success
campus_images_00819.jpg,campus_images_00819_p05.jpg,5.0,0.4213053286075592,84.0,532.0,200.0,784.0,0.13125,0.6,success
campus_images_00819.jpg,campus_images_00819_p06.jpg,6.0,0.3598655164241791,1.0,482.0,76.0,649.0,0.08697916666666666,0.6,success
campus_images_00820.jpg,campus_images_00820_p01.jpg,1.0,0.85674649477005,754.0,440.0,860.0,799.0,0.18697916666666667,0.6,success
campus_images_00820.jpg,campus_images_00820_p02.jpg,2.0,0.8193057775497437,171.0,457.0,284.0,812.0,0.18489583333333334,0.6,success
campus_images_00820.jpg,campus_images_00820_p03.jpg,3.0,0.4214019775390625,0.0,646.0,107.0,1133.0,0.25364583333333335,0.6,success
campus_images_00820.jpg,campus_images_00820_p04.jpg,4.0,0.4139828085899353,90.0,536.0,171.0,627.0,0.04739583333333333,0.6,success
campus_images_00821.jpg,campus_images_00821_p01.jpg,1.0,0.8715084791183472,758.0,445.0,862.0,800.0,0.18489583333333334,0.6,success
campus_images_00821.jpg,campus_images_00821_p02.jpg,2.0,0.8155848979949951,162.0,454.0,282.0,811.0,0.1859375,0.6,success
campus_images_00821.jpg,campus_images_00821_p03.jpg,3.0,0.5762455463409424,644.0,487.0,741.0,790.0,0.1578125,0.6,success
campus_images_00821.jpg,campus_images_00821_p04.jpg,4.0,0.3520885407924652,88.0,536.0,172.0,631.0,0.049479166666666664,0.6,success
campus_images_00821.jpg,campus_images_00821_p05.jpg,5.0,0.32672029733657837,90.0,535.0,196.0,777.0,0.12604166666666666,0.6,success
campus_images_00822.jpg,campus_images_00822_p01.jpg,1.0,0.866644024848938,756.0,444.0,862.0,802.0,0.18645833333333334,0.6,success
campus_images_00822.jpg,campus_images_00822_p02.jpg,2.0,0.7936233282089233,162.0,456.0,280.0,815.0,0.18697916666666667,0.6,success
campus_images_00822.jpg,campus_images_00822_p03.jpg,3.0,0.36296114325523376,635.0,492.0,718.0,780.0,0.15,0.6,success
campus_images_00823.jpg,campus_images_00823_p01.jpg,1.0,0.8861806988716125,757.0,444.0,864.0,804.0,0.1875,0.6,success
campus_images_00823.jpg,campus_images_00823_p02.jpg,2.0,0.8096551895141602,158.0,456.0,278.0,819.0,0.1890625,0.6,success
campus_images_00823.jpg,campus_images_00823_p03.jpg,3.0,0.42833006381988525,630.0,492.0,712.0,775.0,0.14739583333333334,0.6,success
campus_images_00823.jpg,campus_images_00823_p04.jpg,4.0,0.35060638189315796,98.0,542.0,166.0,639.0,0.050520833333333334,0.6,success
campus_images_00824.jpg,campus_images_00824_p01.jpg,1.0,0.8830612897872925,758.0,451.0,864.0,803.0,0.18333333333333332,0.6,success
campus_images_00824.jpg,campus_images_00824_p02.jpg,2.0,0.8290500640869141,159.0,459.0,275.0,819.0,0.1875,0.6,success
campus_images_00824.jpg,campus_images_00824_p03.jpg,3.0,0.3000725507736206,98.0,543.0,163.0,638.0,0.049479166666666664,0.6,success
campus_images_00825.jpg,campus_images_00825_p01.jpg,1.0,0.8742501735687256,760.0,450.0,865.0,804.0,0.184375,0.6,success
campus_images_00825.jpg,campus_images_00825_p02.jpg,2.0,0.8255311250686646,155.0,460.0,275.0,817.0,0.1859375,0.6,success
campus_images_00825.jpg,campus_images_00825_p03.jpg,3.0,0.4032458961009979,2.0,490.0,89.0,652.0,0.084375,0.6,success
campus_images_00826.jpg,campus_images_00826_p01.jpg,1.0,0.8877437710762024,758.0,454.0,864.0,806.0,0.18333333333333332,0.6,success
campus_images_00826.jpg,campus_images_00826_p02.jpg,2.0,0.7825657725334167,153.0,462.0,275.0,820.0,0.18645833333333334,0.6,success
campus_images_00826.jpg,campus_images_00826_p03.jpg,3.0,0.4802396893501282,632.0,496.0,718.0,779.0,0.14739583333333334,0.6,success
campus_images_00826.jpg,campus_images_00826_p04.jpg,4.0,0.32044631242752075,98.0,543.0,195.0,792.0,0.1296875,0.6,success
campus_images_00826.jpg,campus_images_00826_p05.jpg,5.0,0.3116246461868286,633.0,493.0,732.0,784.0,0.1515625,0.6,success
campus_images_00827.jpg,campus_images_00827_p01.jpg,1.0,0.8187671303749084,760.0,456.0,862.0,805.0,0.18177083333333333,0.6,success
campus_images_00827.jpg,campus_images_00827_p02.jpg,2.0,0.7871098518371582,151.0,461.0,274.0,820.0,0.18697916666666667,0.6,success
campus_images_00827.jpg,campus_images_00827_p03.jpg,3.0,0.6862589716911316,760.0,456.0,864.0,806.0,0.18229166666666666,0.6,success
campus_images_00827.jpg,campus_images_00827_p04.jpg,4.0,0.3421962857246399,26.0,505.0,103.0,609.0,0.05416666666666667,0.6,success
campus_images_00827.jpg,campus_images_00827_p05.jpg,5.0,0.31200355291366577,633.0,491.0,713.0,783.0,0.15208333333333332,0.6,success
campus_images_00828.jpg,campus_images_00828_p01.jpg,1.0,0.8908957242965698,759.0,458.0,863.0,807.0,0.18177083333333333,0.6,success
campus_images_00828.jpg,campus_images_00828_p02.jpg,2.0,0.8073173761367798,154.0,461.0,276.0,823.0,0.18854166666666666,0.6,success
campus_images_00829.jpg,campus_images_00829_p01.jpg,1.0,0.8931503295898438,761.0,459.0,862.0,806.0,0.18072916666666666,0.6,success
campus_images_00829.jpg,campus_images_00829_p02.jpg,2.0,0.8206038475036621,156.0,461.0,276.0,824.0,0.1890625,0.6,success
campus_images_00829.jpg,campus_images_00829_p03.jpg,3.0,0.46334558725357056,631.0,498.0,709.0,783.0,0.1484375,0.6,success
campus_images_00830.jpg,campus_images_00830_p01.jpg,1.0,0.8757676482200623,758.0,457.0,859.0,806.0,0.18177083333333333,0.6,success
campus_images_00830.jpg,campus_images_00830_p02.jpg,2.0,0.8233805894851685,156.0,459.0,274.0,820.0,0.18802083333333333,0.6,success
campus_images_00830.jpg,campus_images_00830_p03.jpg,3.0,0.3298027515411377,635.0,493.0,729.0,785.0,0.15208333333333332,0.6,success
campus_images_00830.jpg,campus_images_00830_p04.jpg,4.0,0.3294810652732849,32.0,521.0,94.0,612.0,0.04739583333333333,0.6,success
campus_images_00831.jpg,campus_images_00831_p01.jpg,1.0,0.853608250617981,756.0,455.0,859.0,803.0,0.18125,0.6,success
campus_images_00831.jpg,campus_images_00831_p02.jpg,2.0,0.8206478953361511,155.0,459.0,274.0,821.0,0.18854166666666666,0.6,success
campus_images_00832.jpg,campus_images_00832_p01.jpg,1.0,0.8534415364265442,750.0,453.0,868.0,800.0,0.18072916666666666,0.6,success
campus_images_00832.jpg,campus_images_00832_p02.jpg,2.0,0.8067558407783508,152.0,458.0,277.0,817.0,0.18697916666666667,0.6,success
campus_images_00833.jpg,campus_images_00833_p01.jpg,1.0,0.8581148386001587,761.0,452.0,879.0,803.0,0.1828125,0.6,success
campus_images_00833.jpg,campus_images_00833_p02.jpg,2.0,0.8428148031234741,153.0,460.0,274.0,818.0,0.18645833333333334,0.6,success
campus_images_00834.jpg,campus_images_00834_p01.jpg,1.0,0.8282895088195801,772.0,452.0,887.0,801.0,0.18177083333333333,0.6,success
campus_images_00834.jpg,campus_images_00834_p02.jpg,2.0,0.8071789741516113,144.0,461.0,273.0,822.0,0.18802083333333333,0.6,success
campus_images_00835.jpg,campus_images_00835_p01.jpg,1.0,0.8829537630081177,774.0,450.0,893.0,801.0,0.1828125,0.6,success
campus_images_00835.jpg,campus_images_00835_p02.jpg,2.0,0.8129739165306091,145.0,460.0,269.0,824.0,0.18958333333333333,0.6,success
campus_images_00835.jpg,campus_images_00835_p03.jpg,3.0,0.5782507061958313,626.0,496.0,712.0,775.0,0.1453125,0.6,success
campus_images_00835.jpg,campus_images_00835_p04.jpg,4.0,0.30906862020492554,10.0,534.0,73.0,643.0,0.05677083333333333,0.6,success
campus_images_00836.jpg,campus_images_00836_p01.jpg,1.0,0.8982787132263184,784.0,447.0,894.0,814.0,0.19114583333333332,0.6,success
campus_images_00836.jpg,campus_images_00836_p02.jpg,2.0,0.636066198348999,618.0,506.0,709.0,786.0,0.14583333333333334,0.6,success
campus_images_00836.jpg,campus_images_00836_p03.jpg,3.0,0.3300420343875885,1.0,523.0,69.0,653.0,0.06770833333333333,0.6,success
campus_images_00836.jpg,campus_images_00836_p04.jpg,4.0,0.3036918640136719,146.0,457.0,268.0,827.0,0.19270833333333334,0.6,success
campus_images_00837.jpg,campus_images_00837_p01.jpg,1.0,0.8928878307342529,781.0,450.0,893.0,817.0,0.19114583333333332,0.6,success
campus_images_00837.jpg,campus_images_00837_p02.jpg,2.0,0.8621254563331604,143.0,458.0,267.0,823.0,0.19010416666666666,0.6,success
campus_images_00837.jpg,campus_images_00837_p03.jpg,3.0,0.6420155167579651,614.0,500.0,705.0,794.0,0.153125,0.6,success
campus_images_00837.jpg,campus_images_00837_p04.jpg,4.0,0.4468235373497009,1.0,524.0,70.0,651.0,0.06614583333333333,0.6,success
campus_images_00838.jpg,campus_images_00838_p01.jpg,1.0,0.8856208920478821,771.0,447.0,903.0,813.0,0.190625,0.6,success
campus_images_00838.jpg,campus_images_00838_p02.jpg,2.0,0.8537050485610962,142.0,456.0,267.0,821.0,0.19010416666666666,0.6,success
campus_images_00838.jpg,campus_images_00838_p03.jpg,3.0,0.6790583729743958,616.0,501.0,707.0,811.0,0.16145833333333334,0.6,success
campus_images_00838.jpg,campus_images_00838_p04.jpg,4.0,0.3975449204444885,1.0,527.0,65.0,653.0,0.065625,0.6,success
campus_images_00839.jpg,campus_images_00839_p01.jpg,1.0,0.8624734282493591,141.0,456.0,267.0,817.0,0.18802083333333333,0.6,success
campus_images_00839.jpg,campus_images_00839_p02.jpg,2.0,0.8575098514556885,773.0,445.0,923.0,820.0,0.1953125,0.6,success
campus_images_00839.jpg,campus_images_00839_p03.jpg,3.0,0.7319312691688538,630.0,500.0,723.0,812.0,0.1625,0.6,success
campus_images_00840.jpg,campus_images_00840_p01.jpg,1.0,0.8906980752944946,794.0,443.0,935.0,820.0,0.19635416666666666,0.6,success
campus_images_00840.jpg,campus_images_00840_p02.jpg,2.0,0.8503586649894714,146.0,456.0,266.0,826.0,0.19270833333333334,0.6,success
campus_images_00840.jpg,campus_images_00840_p03.jpg,3.0,0.7146142721176147,630.0,505.0,726.0,815.0,0.16145833333333334,0.6,success
campus_images_00840.jpg,campus_images_00840_p04.jpg,4.0,0.3216543197631836,0.0,522.0,61.0,648.0,0.065625,0.6,success
campus_images_00841.jpg,campus_images_00841_p01.jpg,1.0,0.8860948085784912,803.0,442.0,937.0,823.0,0.1984375,0.6,success
campus_images_00841.jpg,campus_images_00841_p02.jpg,2.0,0.8513067960739136,149.0,458.0,269.0,817.0,0.18697916666666667,0.6,success
campus_images_00841.jpg,campus_images_00841_p03.jpg,3.0,0.5827946066856384,642.0,488.0,738.0,813.0,0.16927083333333334,0.6,success
campus_images_00841.jpg,campus_images_00841_p04.jpg,4.0,0.4133763313293457,1.0,519.0,63.0,647.0,0.06666666666666667,0.6,success
campus_images_00842.jpg,campus_images_00842_p01.jpg,1.0,0.8908957242965698,801.0,442.0,934.0,833.0,0.20364583333333333,0.6,success
campus_images_00842.jpg,campus_images_00842_p02.jpg,2.0,0.8127911686897278,151.0,459.0,270.0,810.0,0.1828125,0.6,success
campus_images_00842.jpg,campus_images_00842_p03.jpg,3.0,0.46429094672203064,636.0,479.0,741.0,814.0,0.17447916666666666,0.6,success
campus_images_00843.jpg,campus_images_00843_p01.jpg,1.0,0.8923501372337341,804.0,438.0,938.0,835.0,0.20677083333333332,0.6,success
campus_images_00843.jpg,campus_images_00843_p02.jpg,2.0,0.8097042441368103,154.0,456.0,269.0,814.0,0.18645833333333334,0.6,success
campus_images_00843.jpg,campus_images_00843_p03.jpg,3.0,0.419678270816803,645.0,470.0,740.0,822.0,0.18333333333333332,0.6,success
campus_images_00844.jpg,campus_images_00844_p01.jpg,1.0,0.8813901543617249,810.0,435.0,947.0,839.0,0.21041666666666667,0.6,success
campus_images_00844.jpg,campus_images_00844_p02.jpg,2.0,0.8282772302627563,156.0,455.0,272.0,818.0,0.1890625,0.6,success
campus_images_00844.jpg,campus_images_00844_p03.jpg,3.0,0.6719197630882263,645.0,480.0,743.0,824.0,0.17916666666666667,0.6,success
campus_images_00845.jpg,campus_images_00845_p01.jpg,1.0,0.8914918303489685,826.0,433.0,957.0,839.0,0.21145833333333333,0.6,success
campus_images_00845.jpg,campus_images_00845_p02.jpg,2.0,0.798583447933197,158.0,454.0,278.0,820.0,0.190625,0.6,success
campus_images_00845.jpg,campus_images_00845_p03.jpg,3.0,0.6919585466384888,648.0,485.0,748.0,835.0,0.18229166666666666,0.6,success
campus_images_00846.jpg,campus_images_00846_p01.jpg,1.0,0.8976448774337769,839.0,435.0,963.0,851.0,0.21666666666666667,0.6,success
campus_images_00846.jpg,campus_images_00846_p02.jpg,2.0,0.8027777075767517,160.0,454.0,280.0,815.0,0.18802083333333333,0.6,success
campus_images_00846.jpg,campus_images_00846_p03.jpg,3.0,0.5349036455154419,652.0,500.0,769.0,845.0,0.1796875,0.6,success
campus_images_00847.jpg,campus_images_00847_p01.jpg,1.0,0.8263167142868042,674.0,506.0,798.0,847.0,0.17760416666666667,0.6,success
campus_images_00847.jpg,campus_images_00847_p02.jpg,2.0,0.803400456905365,163.0,456.0,286.0,813.0,0.1859375,0.6,success
campus_images_00847.jpg,campus_images_00847_p03.jpg,3.0,0.5530428290367126,856.0,431.0,989.0,851.0,0.21875,0.6,success
campus_images_00847.jpg,campus_images_00847_p04.jpg,4.0,0.33664074540138245,856.0,432.0,990.0,852.0,0.21875,0.6,success
campus_images_00848.jpg,campus_images_00848_p01.jpg,1.0,0.8940998911857605,867.0,429.0,1021.0,857.0,0.22291666666666668,0.6,success
campus_images_00848.jpg,campus_images_00848_p02.jpg,2.0,0.8479112982749939,165.0,456.0,290.0,816.0,0.1875,0.6,success
campus_images_00848.jpg,campus_images_00848_p03.jpg,3.0,0.7785342335700989,679.0,502.0,832.0,844.0,0.178125,0.6,success
campus_images_00849.jpg,campus_images_00849_p01.jpg,1.0,0.9029075503349304,869.0,426.0,1043.0,870.0,0.23125,0.6,success
campus_images_00849.jpg,campus_images_00849_p02.jpg,2.0,0.8328689932823181,672.0,497.0,842.0,867.0,0.19270833333333334,0.6,success
campus_images_00849.jpg,campus_images_00849_p03.jpg,3.0,0.8238592147827148,169.0,457.0,293.0,815.0,0.18645833333333334,0.6,success
campus_images_00849.jpg,campus_images_00849_p04.jpg,4.0,0.31165727972984314,8.0,510.0,99.0,648.0,0.071875,0.6,success
campus_images_00850.jpg,campus_images_00850_p01.jpg,1.0,0.9093237519264221,884.0,428.0,1061.0,883.0,0.23697916666666666,0.6,success
campus_images_00850.jpg,campus_images_00850_p02.jpg,2.0,0.8263269066810608,172.0,458.0,293.0,806.0,0.18125,0.6,success
campus_images_00850.jpg,campus_images_00850_p03.jpg,3.0,0.8151143789291382,698.0,500.0,831.0,860.0,0.1875,0.6,success
campus_images_00851.jpg,campus_images_00851_p01.jpg,1.0,0.9015089869499207,913.0,427.0,1071.0,883.0,0.2375,0.6,success
campus_images_00851.jpg,campus_images_00851_p02.jpg,2.0,0.815211832523346,174.0,457.0,295.0,813.0,0.18541666666666667,0.6,success
campus_images_00851.jpg,campus_images_00851_p03.jpg,3.0,0.6255502700805664,722.0,503.0,825.0,867.0,0.18958333333333333,0.6,success
campus_images_00851.jpg,campus_images_00851_p04.jpg,4.0,0.3466337025165558,5.0,510.0,98.0,648.0,0.071875,0.6,success
campus_images_00852.jpg,campus_images_00852_p01.jpg,1.0,0.9033856391906738,948.0,424.0,1080.0,882.0,0.23854166666666668,0.6,success
campus_images_00852.jpg,campus_images_00852_p02.jpg,2.0,0.811423122882843,176.0,458.0,296.0,809.0,0.1828125,0.6,success
campus_images_00852.jpg,campus_images_00852_p03.jpg,3.0,0.7605181336402893,722.0,491.0,847.0,868.0,0.19635416666666666,0.6,success
campus_images_00853.jpg,campus_images_00853_p01.jpg,1.0,0.8780375123023987,961.0,420.0,1080.0,883.0,0.24114583333333334,0.6,success
campus_images_00853.jpg,campus_images_00853_p02.jpg,2.0,0.8170763850212097,176.0,459.0,296.0,804.0,0.1796875,0.6,success
campus_images_00853.jpg,campus_images_00853_p03.jpg,3.0,0.5968804359436035,743.0,494.0,859.0,900.0,0.21145833333333333,0.6,success
campus_images_00854.jpg,campus_images_00854_p01.jpg,1.0,0.8886601328849792,753.0,498.0,900.0,924.0,0.221875,0.6,success
campus_images_00854.jpg,campus_images_00854_p02.jpg,2.0,0.8566242456436157,963.0,426.0,1080.0,883.0,0.23802083333333332,0.6,success
campus_images_00854.jpg,campus_images_00854_p03.jpg,3.0,0.7594529986381531,178.0,459.0,299.0,805.0,0.18020833333333333,0.6,success
campus_images_00854.jpg,campus_images_00854_p04.jpg,4.0,0.7337117195129395,0.0,493.0,104.0,983.0,0.2552083333333333,0.6,success
campus_images_00855.jpg,campus_images_00855_p01.jpg,1.0,0.8855719566345215,778.0,492.0,911.0,918.0,0.221875,0.6,success
campus_images_00855.jpg,campus_images_00855_p02.jpg,2.0,0.8239598274230957,977.0,492.0,1079.0,881.0,0.20260416666666667,0.6,success
campus_images_00855.jpg,campus_images_00855_p03.jpg,3.0,0.7620351314544678,178.0,456.0,299.0,808.0,0.18333333333333332,0.6,success
campus_images_00855.jpg,campus_images_00855_p04.jpg,4.0,0.7371103167533875,0.0,476.0,103.0,986.0,0.265625,0.6,success
campus_images_00856.jpg,campus_images_00856_p01.jpg,1.0,0.9102727770805359,798.0,494.0,949.0,900.0,0.21145833333333333,0.6,success
campus_images_00856.jpg,campus_images_00856_p02.jpg,2.0,0.8447691202163696,182.0,461.0,300.0,808.0,0.18072916666666666,0.6,success
campus_images_00856.jpg,campus_images_00856_p03.jpg,3.0,0.8092083930969238,0.0,439.0,114.0,985.0,0.284375,0.6,success
campus_images_00856.jpg,campus_images_00856_p04.jpg,4.0,0.781355082988739,987.0,508.0,1079.0,881.0,0.19427083333333334,0.6,success
campus_images_00857.jpg,campus_images_00857_p01.jpg,1.0,0.8734841346740723,0.0,447.0,129.0,1014.0,0.2953125,0.6,success
campus_images_00857.jpg,campus_images_00857_p02.jpg,2.0,0.8561403751373291,818.0,492.0,963.0,911.0,0.21822916666666667,0.6,success
campus_images_00857.jpg,campus_images_00857_p03.jpg,3.0,0.8427768349647522,186.0,464.0,318.0,813.0,0.18177083333333333,0.6,success
campus_images_00857.jpg,campus_images_00857_p04.jpg,4.0,0.650731086730957,1012.0,520.0,1080.0,890.0,0.19270833333333334,0.6,success
campus_images_00858.jpg,campus_images_00858_p01.jpg,1.0,0.8833918571472168,834.0,491.0,956.0,938.0,0.2328125,0.6,success
campus_images_00858.jpg,campus_images_00858_p02.jpg,2.0,0.8381896615028381,203.0,460.0,335.0,819.0,0.18697916666666667,0.6,success
campus_images_00858.jpg,campus_images_00858_p03.jpg,3.0,0.8212879300117493,0.0,448.0,135.0,1017.0,0.29635416666666664,0.6,success
campus_images_00858.jpg,campus_images_00858_p04.jpg,4.0,0.614158570766449,123.0,544.0,229.0,780.0,0.12291666666666666,0.6,success
campus_images_00859.jpg,campus_images_00859_p01.jpg,1.0,0.8884653449058533,839.0,490.0,950.0,932.0,0.23020833333333332,0.6,success
campus_images_00859.jpg,campus_images_00859_p02.jpg,2.0,0.7920888066291809,219.0,460.0,341.0,816.0,0.18541666666666667,0.6,success
campus_images_00859.jpg,campus_images_00859_p03.jpg,3.0,0.7107427716255188,0.0,439.0,153.0,1030.0,0.3078125,0.6,success
campus_images_00859.jpg,campus_images_00859_p04.jpg,4.0,0.5361393094062805,134.0,543.0,226.0,780.0,0.1234375,0.6,success
campus_images_00859.jpg,campus_images_00859_p05.jpg,5.0,0.4825255274772644,0.0,437.0,153.0,1018.0,0.3026041666666667,0.6,success
campus_images_00860.jpg,campus_images_00860_p01.jpg,1.0,0.8949275612831116,842.0,491.0,947.0,933.0,0.23020833333333332,0.6,success
campus_images_00860.jpg,campus_images_00860_p02.jpg,2.0,0.8715199828147888,1.0,435.0,165.0,1025.0,0.3072916666666667,0.6,success
campus_images_00860.jpg,campus_images_00860_p03.jpg,3.0,0.6530863046646118,233.0,460.0,360.0,818.0,0.18645833333333334,0.6,success
campus_images_00860.jpg,campus_images_00860_p04.jpg,4.0,0.3419191241264343,141.0,547.0,216.0,779.0,0.12083333333333333,0.6,success
campus_images_00861.jpg,campus_images_00861_p01.jpg,1.0,0.8988022804260254,838.0,492.0,952.0,933.0,0.2296875,0.6,success
campus_images_00861.jpg,campus_images_00861_p02.jpg,2.0,0.894691526889801,1.0,436.0,189.0,1045.0,0.3171875,0.6,success
campus_images_00861.jpg,campus_images_00861_p03.jpg,3.0,0.6274952292442322,155.0,552.0,211.0,648.0,0.05,0.6,success
campus_images_00862.jpg,campus_images_00862_p01.jpg,1.0,0.8986918330192566,2.0,436.0,203.0,1057.0,0.3234375,0.6,success
campus_images_00862.jpg,campus_images_00862_p02.jpg,2.0,0.8082907795906067,834.0,493.0,971.0,937.0,0.23125,0.6,success
campus_images_00862.jpg,campus_images_00862_p03.jpg,3.0,0.5990793108940125,215.0,560.0,301.0,650.0,0.046875,0.6,success
campus_images_00862.jpg,campus_images_00862_p04.jpg,4.0,0.30215656757354736,157.0,548.0,212.0,649.0,0.05260416666666667,0.6,success
campus_images_00863.jpg,campus_images_00863_p01.jpg,1.0,0.9114230871200562,833.0,492.0,977.0,936.0,0.23125,0.6,success
campus_images_00863.jpg,campus_images_00863_p02.jpg,2.0,0.9077138900756836,6.0,432.0,213.0,1055.0,0.32447916666666665,0.6,success
campus_images_00863.jpg,campus_images_00863_p03.jpg,3.0,0.6241543889045715,213.0,561.0,303.0,654.0,0.0484375,0.6,success
campus_images_00864.jpg,campus_images_00864_p01.jpg,1.0,0.9119843244552612,831.0,494.0,978.0,935.0,0.2296875,0.6,success
campus_images_00864.jpg,campus_images_00864_p02.jpg,2.0,0.874836802482605,24.0,430.0,227.0,1060.0,0.328125,0.6,success
campus_images_00864.jpg,campus_images_00864_p03.jpg,3.0,0.4935213327407837,223.0,561.0,305.0,652.0,0.04739583333333333,0.6,success
campus_images_00865.jpg,campus_images_00865_p01.jpg,1.0,0.9024021625518799,832.0,490.0,991.0,934.0,0.23125,0.6,success
campus_images_00865.jpg,campus_images_00865_p02.jpg,2.0,0.8290249109268188,24.0,427.0,235.0,1082.0,0.3411458333333333,0.6,success
campus_images_00865.jpg,campus_images_00865_p03.jpg,3.0,0.5383423566818237,426.0,486.0,493.0,597.0,0.0578125,0.6,success
campus_images_00865.jpg,campus_images_00865_p04.jpg,4.0,0.4293276071548462,227.0,560.0,305.0,650.0,0.046875,0.6,success
campus_images_00866.jpg,campus_images_00866_p01.jpg,1.0,0.9109819531440735,848.0,489.0,1002.0,930.0,0.2296875,0.6,success
campus_images_00866.jpg,campus_images_00866_p02.jpg,2.0,0.8895890116691589,17.0,427.0,221.0,1081.0,0.340625,0.6,success
campus_images_00867.jpg,campus_images_00867_p01.jpg,1.0,0.9077285528182983,852.0,490.0,1012.0,927.0,0.22760416666666666,0.6,success
campus_images_00867.jpg,campus_images_00867_p02.jpg,2.0,0.8555130362510681,5.0,418.0,212.0,1079.0,0.34427083333333336,0.6,success
campus_images_00868.jpg,campus_images_00868_p01.jpg,1.0,0.9095287322998047,850.0,488.0,1026.0,929.0,0.2296875,0.6,success
campus_images_00868.jpg,campus_images_00868_p02.jpg,2.0,0.8112213611602783,3.0,419.0,203.0,1076.0,0.3421875,0.6,success
campus_images_00869.jpg,campus_images_00869_p01.jpg,1.0,0.913628876209259,855.0,486.0,1024.0,925.0,0.22864583333333333,0.6,success
campus_images_00869.jpg,campus_images_00869_p02.jpg,2.0,0.8639935255050659,2.0,416.0,194.0,1079.0,0.3453125,0.6,success
campus_images_00870.jpg,campus_images_00870_p01.jpg,1.0,0.9076957106590271,851.0,486.0,1023.0,925.0,0.22864583333333333,0.6,success
campus_images_00870.jpg,campus_images_00870_p02.jpg,2.0,0.8466908931732178,3.0,417.0,185.0,1088.0,0.3494791666666667,0.6,success
campus_images_00871.jpg,campus_images_00871_p01.jpg,1.0,0.9008309245109558,856.0,485.0,1030.0,925.0,0.22916666666666666,0.6,success
campus_images_00871.jpg,campus_images_00871_p02.jpg,2.0,0.8355145454406738,4.0,412.0,185.0,1087.0,0.3515625,0.6,success
campus_images_00871.jpg,campus_images_00871_p03.jpg,3.0,0.4366723597049713,156.0,548.0,222.0,637.0,0.04635416666666667,0.6,success
campus_images_00871.jpg,campus_images_00871_p04.jpg,4.0,0.40971818566322327,257.0,552.0,313.0,637.0,0.044270833333333336,0.6,success
campus_images_00872.jpg,campus_images_00872_p01.jpg,1.0,0.9030440449714661,859.0,486.0,1036.0,927.0,0.2296875,0.6,success
campus_images_00872.jpg,campus_images_00872_p02.jpg,2.0,0.8481223583221436,5.0,414.0,182.0,1088.0,0.35104166666666664,0.6,success
campus_images_00872.jpg,campus_images_00872_p03.jpg,3.0,0.5498301386833191,256.0,557.0,316.0,639.0,0.042708333333333334,0.6,success
campus_images_00872.jpg,campus_images_00872_p04.jpg,4.0,0.4441591799259186,156.0,548.0,222.0,636.0,0.04583333333333333,0.6,success
campus_images_00873.jpg,campus_images_00873_p01.jpg,1.0,0.9054883718490601,861.0,485.0,1027.0,923.0,0.228125,0.6,success
campus_images_00873.jpg,campus_images_00873_p02.jpg,2.0,0.7663084864616394,6.0,416.0,182.0,1086.0,0.3489583333333333,0.6,success
campus_images_00873.jpg,campus_images_00873_p03.jpg,3.0,0.40723925828933716,158.0,546.0,223.0,636.0,0.046875,0.6,success
campus_images_00873.jpg,campus_images_00873_p04.jpg,4.0,0.3232688009738922,257.0,548.0,314.0,640.0,0.04791666666666667,0.6,success
campus_images_00874.jpg,campus_images_00874_p01.jpg,1.0,0.91632080078125,845.0,490.0,1017.0,924.0,0.22604166666666667,0.6,success
campus_images_00874.jpg,campus_images_00874_p02.jpg,2.0,0.8351756930351257,3.0,414.0,183.0,1088.0,0.35104166666666664,0.6,success
campus_images_00874.jpg,campus_images_00874_p03.jpg,3.0,0.3383066952228546,164.0,544.0,223.0,638.0,0.04895833333333333,0.6,success
campus_images_00874.jpg,campus_images_00874_p04.jpg,4.0,0.3346174657344818,617.0,486.0,682.0,583.0,0.050520833333333334,0.6,success
campus_images_00874.jpg,campus_images_00874_p05.jpg,5.0,0.33307355642318726,257.0,556.0,316.0,642.0,0.04479166666666667,0.6,success
campus_images_00875.jpg,campus_images_00875_p01.jpg,1.0,0.9047887921333313,833.0,495.0,997.0,927.0,0.225,0.6,success
campus_images_00875.jpg,campus_images_00875_p02.jpg,2.0,0.7771276235580444,5.0,419.0,181.0,1089.0,0.3489583333333333,0.6,success
campus_images_00875.jpg,campus_images_00875_p03.jpg,3.0,0.33517688512802124,255.0,556.0,316.0,644.0,0.04583333333333333,0.6,success
campus_images_00876.jpg,campus_images_00876_p01.jpg,1.0,0.8986026048660278,809.0,493.0,966.0,911.0,0.21770833333333334,0.6,success
campus_images_00876.jpg,campus_images_00876_p02.jpg,2.0,0.86504727602005,3.0,421.0,185.0,1091.0,0.3489583333333333,0.6,success
campus_images_00876.jpg,campus_images_00876_p03.jpg,3.0,0.44111397862434387,160.0,550.0,221.0,641.0,0.04739583333333333,0.6,success
campus_images_00876.jpg,campus_images_00876_p04.jpg,4.0,0.3107352554798126,253.0,559.0,315.0,647.0,0.04583333333333333,0.6,success
campus_images_00877.jpg,campus_images_00877_p01.jpg,1.0,0.8876886367797852,789.0,495.0,955.0,898.0,0.20989583333333334,0.6,success
campus_images_00877.jpg,campus_images_00877_p02.jpg,2.0,0.8744736313819885,1.0,422.0,189.0,1095.0,0.35052083333333334,0.6,success
campus_images_00877.jpg,campus_images_00877_p03.jpg,3.0,0.4841262102127075,118.0,480.0,222.0,648.0,0.0875,0.6,success
campus_images_00877.jpg,campus_images_00877_p04.jpg,4.0,0.3368522524833679,246.0,559.0,313.0,650.0,0.04739583333333333,0.6,success
campus_images_00878.jpg,campus_images_00878_p01.jpg,1.0,0.8691074848175049,2.0,423.0,190.0,1097.0,0.35104166666666664,0.6,success
campus_images_00878.jpg,campus_images_00878_p02.jpg,2.0,0.8507294058799744,798.0,500.0,944.0,882.0,0.19895833333333332,0.6,success
campus_images_00878.jpg,campus_images_00878_p03.jpg,3.0,0.721843957901001,150.0,488.0,260.0,786.0,0.15520833333333334,0.6,success
campus_images_00878.jpg,campus_images_00878_p04.jpg,4.0,0.6444361805915833,698.0,472.0,784.0,766.0,0.153125,0.6,success
campus_images_00878.jpg,campus_images_00878_p05.jpg,5.0,0.4299961030483246,247.0,555.0,310.0,652.0,0.050520833333333334,0.6,success
campus_images_00878.jpg,campus_images_00878_p06.jpg,6.0,0.3925797939300537,1039.0,553.0,1078.0,707.0,0.08020833333333334,0.6,success
campus_images_00879.jpg,campus_images_00879_p01.jpg,1.0,0.8928427696228027,801.0,504.0,946.0,876.0,0.19375,0.6,success
campus_images_00879.jpg,campus_images_00879_p02.jpg,2.0,0.8661742806434631,4.0,428.0,193.0,1101.0,0.35052083333333334,0.6,success
campus_images_00879.jpg,campus_images_00879_p03.jpg,3.0,0.7450369596481323,200.0,486.0,311.0,869.0,0.19947916666666668,0.6,success
campus_images_00879.jpg,campus_images_00879_p04.jpg,4.0,0.31214308738708496,703.0,480.0,805.0,769.0,0.15052083333333333,0.6,success
campus_images_00880.jpg,campus_images_00880_p01.jpg,1.0,0.8969319462776184,795.0,506.0,953.0,878.0,0.19375,0.6,success
campus_images_00880.jpg,campus_images_00880_p02.jpg,2.0,0.8759594559669495,3.0,433.0,194.0,1102.0,0.3484375,0.6,success
campus_images_00880.jpg,campus_images_00880_p03.jpg,3.0,0.4980478584766388,1005.0,557.0,1078.0,903.0,0.18020833333333333,0.6,success
campus_images_00880.jpg,campus_images_00880_p04.jpg,4.0,0.4237833321094513,755.0,479.0,839.0,662.0,0.0953125,0.6,success
campus_images_00880.jpg,campus_images_00880_p05.jpg,5.0,0.41502144932746887,215.0,495.0,339.0,863.0,0.19166666666666668,0.6,success
campus_images_00881.jpg,campus_images_00881_p01.jpg,1.0,0.8694647550582886,2.0,437.0,188.0,1104.0,0.34739583333333335,0.6,success
campus_images_00881.jpg,campus_images_00881_p02.jpg,2.0,0.8551770448684692,780.0,511.0,937.0,884.0,0.19427083333333334,0.6,success
campus_images_00881.jpg,campus_images_00881_p03.jpg,3.0,0.6927041411399841,1017.0,556.0,1080.0,891.0,0.17447916666666666,0.6,success
campus_images_00881.jpg,campus_images_00881_p04.jpg,4.0,0.4764646589756012,151.0,563.0,221.0,658.0,0.049479166666666664,0.6,success
campus_images_00882.jpg,campus_images_00882_p01.jpg,1.0,0.8784891963005066,2.0,443.0,189.0,1106.0,0.3453125,0.6,success
campus_images_00882.jpg,campus_images_00882_p02.jpg,2.0,0.8400152325630188,768.0,485.0,920.0,884.0,0.2078125,0.6,success
campus_images_00882.jpg,campus_images_00882_p03.jpg,3.0,0.49243566393852234,150.0,563.0,219.0,660.0,0.050520833333333334,0.6,success
campus_images_00882.jpg,campus_images_00882_p04.jpg,4.0,0.46799424290657043,223.0,570.0,312.0,665.0,0.049479166666666664,0.6,success
campus_images_00882.jpg,campus_images_00882_p05.jpg,5.0,0.43279707431793213,1001.0,544.0,1078.0,873.0,0.17135416666666667,0.6,success
campus_images_00883.jpg,campus_images_00883_p01.jpg,1.0,0.8673340082168579,1.0,444.0,188.0,1106.0,0.34479166666666666,0.6,success
campus_images_00883.jpg,campus_images_00883_p02.jpg,2.0,0.6561336517333984,763.0,514.0,907.0,875.0,0.18802083333333333,0.6,success
campus_images_00883.jpg,campus_images_00883_p03.jpg,3.0,0.6512295007705688,219.0,570.0,309.0,664.0,0.04895833333333333,0.6,success
campus_images_00883.jpg,campus_images_00883_p04.jpg,4.0,0.5643348097801208,1029.0,519.0,1080.0,884.0,0.19010416666666666,0.6,success
campus_images_00883.jpg,campus_images_00883_p05.jpg,5.0,0.5351722240447998,146.0,564.0,221.0,663.0,0.0515625,0.6,success
campus_images_00883.jpg,campus_images_00883_p06.jpg,6.0,0.3794093728065491,149.0,562.0,226.0,799.0,0.1234375,0.6,success
campus_images_00883.jpg,campus_images_00883_p07.jpg,7.0,0.3184577226638794,215.0,567.0,310.0,794.0,0.11822916666666666,0.6,success
campus_images_00883.jpg,campus_images_00883_p08.jpg,8.0,0.31675201654434204,862.0,483.0,934.0,671.0,0.09791666666666667,0.6,success
campus_images_00884.jpg,campus_images_00884_p01.jpg,1.0,0.8709148168563843,1.0,445.0,185.0,1110.0,0.3463541666666667,0.6,success
campus_images_00884.jpg,campus_images_00884_p02.jpg,2.0,0.8547723293304443,761.0,507.0,888.0,856.0,0.18177083333333333,0.6,success
campus_images_00884.jpg,campus_images_00884_p03.jpg,3.0,0.77629154920578,1024.0,481.0,1080.0,894.0,0.21510416666666668,0.6,success
campus_images_00884.jpg,campus_images_00884_p04.jpg,4.0,0.7684563398361206,875.0,485.0,943.0,757.0,0.14166666666666666,0.6,success
campus_images_00884.jpg,campus_images_00884_p05.jpg,5.0,0.569668173789978,215.0,571.0,307.0,666.0,0.049479166666666664,0.6,success
campus_images_00884.jpg,campus_images_00884_p06.jpg,6.0,0.5549368858337402,145.0,569.0,216.0,663.0,0.04895833333333333,0.6,success
campus_images_00885.jpg,campus_images_00885_p01.jpg,1.0,0.8858878016471863,764.0,515.0,888.0,847.0,0.17291666666666666,0.6,success
campus_images_00885.jpg,campus_images_00885_p02.jpg,2.0,0.8736653327941895,1.0,445.0,181.0,1112.0,0.34739583333333335,0.6,success
campus_images_00885.jpg,campus_images_00885_p03.jpg,3.0,0.828500509262085,876.0,489.0,961.0,752.0,0.13697916666666668,0.6,success
campus_images_00885.jpg,campus_images_00885_p04.jpg,4.0,0.7523429989814758,1022.0,430.0,1080.0,898.0,0.24375,0.6,success
campus_images_00885.jpg,campus_images_00885_p05.jpg,5.0,0.6130033135414124,216.0,579.0,305.0,667.0,0.04583333333333333,0.6,success
campus_images_00885.jpg,campus_images_00885_p06.jpg,6.0,0.465238481760025,145.0,567.0,215.0,665.0,0.051041666666666666,0.6,success
campus_images_00885.jpg,campus_images_00885_p07.jpg,7.0,0.3237009048461914,211.0,572.0,308.0,796.0,0.11666666666666667,0.6,success
campus_images_00886.jpg,campus_images_00886_p01.jpg,1.0,0.8487595319747925,1.0,443.0,176.0,1115.0,0.35,0.6,success
campus_images_00886.jpg,campus_images_00886_p02.jpg,2.0,0.827530562877655,1021.0,440.0,1080.0,897.0,0.23802083333333332,0.6,success
campus_images_00886.jpg,campus_images_00886_p03.jpg,3.0,0.8249573111534119,766.0,523.0,875.0,839.0,0.16458333333333333,0.6,success
campus_images_00886.jpg,campus_images_00886_p04.jpg,4.0,0.8227488994598389,888.0,488.0,975.0,754.0,0.13854166666666667,0.6,success
campus_images_00886.jpg,campus_images_00886_p05.jpg,5.0,0.5284319519996643,141.0,569.0,213.0,669.0,0.052083333333333336,0.6,success
campus_images_00886.jpg,campus_images_00886_p06.jpg,6.0,0.47993773221969604,215.0,574.0,301.0,670.0,0.05,0.6,success
campus_images_00887.jpg,campus_images_00887_p01.jpg,1.0,0.8891750574111938,761.0,521.0,875.0,841.0,0.16666666666666666,0.6,success
campus_images_00887.jpg,campus_images_00887_p02.jpg,2.0,0.817595362663269,906.0,483.0,998.0,754.0,0.14114583333333333,0.6,success
campus_images_00887.jpg,campus_images_00887_p03.jpg,3.0,0.8085859417915344,0.0,446.0,176.0,1115.0,0.3484375,0.6,success
campus_images_00887.jpg,campus_images_00887_p04.jpg,4.0,0.7694330215454102,1024.0,438.0,1080.0,906.0,0.24375,0.6,success
campus_images_00887.jpg,campus_images_00887_p05.jpg,5.0,0.48045268654823303,142.0,573.0,213.0,669.0,0.05,0.6,success
campus_images_00887.jpg,campus_images_00887_p06.jpg,6.0,0.4029046595096588,214.0,581.0,303.0,673.0,0.04791666666666667,0.6,success
campus_images_00888.jpg,campus_images_00888_p01.jpg,1.0,0.8380276560783386,592.0,637.0,710.0,966.0,0.17135416666666667,0.6,success
campus_images_00888.jpg,campus_images_00888_p02.jpg,2.0,0.8278253674507141,811.0,645.0,910.0,885.0,0.125,0.6,success
campus_images_00888.jpg,campus_images_00888_p03.jpg,3.0,0.754180371761322,718.0,627.0,813.0,889.0,0.13645833333333332,0.6,success
campus_images_00888.jpg,campus_images_00888_p04.jpg,4.0,0.7084080576896667,239.0,656.0,289.0,794.0,0.071875,0.6,success
campus_images_00889.jpg,campus_images_00889_p01.jpg,1.0,0.8680373430252075,526.0,614.0,693.0,968.0,0.184375,0.6,success
campus_images_00889.jpg,campus_images_00889_p02.jpg,2.0,0.7948469519615173,803.0,652.0,903.0,886.0,0.121875,0.6,success
campus_images_00889.jpg,campus_images_00889_p03.jpg,3.0,0.7405079007148743,230.0,652.0,280.0,800.0,0.07708333333333334,0.6,success
campus_images_00889.jpg,campus_images_00889_p04.jpg,4.0,0.6926663517951965,711.0,625.0,807.0,889.0,0.1375,0.6,success
campus_images_00889.jpg,campus_images_00889_p05.jpg,5.0,0.33242151141166687,130.0,650.0,165.0,757.0,0.05572916666666667,0.6,success
campus_images_00889.jpg,campus_images_00889_p06.jpg,6.0,0.3273392617702484,129.0,647.0,166.0,759.0,0.058333333333333334,0.6,success
campus_images_00889.jpg,campus_images_00889_p07.jpg,7.0,0.30989891290664673,891.0,658.0,935.0,745.0,0.0453125,0.6,success
campus_images_00890.jpg,campus_images_00890_p01.jpg,1.0,0.8237224221229553,500.0,605.0,619.0,961.0,0.18541666666666667,0.6,success
campus_images_00890.jpg,campus_images_00890_p02.jpg,2.0,0.8067455291748047,808.0,652.0,901.0,889.0,0.1234375,0.6,success
campus_images_00890.jpg,campus_images_00890_p03.jpg,3.0,0.7221115231513977,715.0,650.0,805.0,888.0,0.12395833333333334,0.6,success
campus_images_00890.jpg,campus_images_00890_p04.jpg,4.0,0.7211936116218567,225.0,657.0,273.0,799.0,0.07395833333333333,0.6,success
campus_images_00890.jpg,campus_images_00890_p05.jpg,5.0,0.5497798919677734,117.0,649.0,159.0,761.0,0.058333333333333334,0.6,success
campus_images_00891.jpg,campus_images_00891_p01.jpg,1.0,0.7980300784111023,806.0,651.0,895.0,889.0,0.12395833333333334,0.6,success
campus_images_00891.jpg,campus_images_00891_p02.jpg,2.0,0.7768089771270752,439.0,616.0,576.0,959.0,0.17864583333333334,0.6,success
campus_images_00891.jpg,campus_images_00891_p03.jpg,3.0,0.7034975290298462,221.0,657.0,271.0,798.0,0.0734375,0.6,success
campus_images_00891.jpg,campus_images_00891_p04.jpg,4.0,0.6889638304710388,707.0,651.0,807.0,894.0,0.1265625,0.6,success
campus_images_00891.jpg,campus_images_00891_p05.jpg,5.0,0.36014217138290405,113.0,650.0,151.0,755.0,0.0546875,0.6,success
campus_images_00891.jpg,campus_images_00891_p06.jpg,6.0,0.31641528010368347,80.0,657.0,119.0,792.0,0.0703125,0.6,success
campus_images_00892.jpg,campus_images_00892_p01.jpg,1.0,0.8809319734573364,405.0,613.0,553.0,960.0,0.18072916666666666,0.6,success
campus_images_00892.jpg,campus_images_00892_p02.jpg,2.0,0.803692638874054,802.0,651.0,887.0,888.0,0.1234375,0.6,success
campus_images_00892.jpg,campus_images_00892_p03.jpg,3.0,0.6857770681381226,208.0,656.0,270.0,806.0,0.078125,0.6,success
campus_images_00892.jpg,campus_images_00892_p04.jpg,4.0,0.6453831791877747,704.0,641.0,805.0,894.0,0.13177083333333334,0.6,success
campus_images_00893.jpg,campus_images_00893_p01.jpg,1.0,0.8181254267692566,377.0,613.0,479.0,935.0,0.16770833333333332,0.6,success
campus_images_00893.jpg,campus_images_00893_p02.jpg,2.0,0.7759503126144409,800.0,653.0,903.0,889.0,0.12291666666666666,0.6,success
campus_images_00893.jpg,campus_images_00893_p03.jpg,3.0,0.736379861831665,202.0,653.0,262.0,806.0,0.0796875,0.6,success
campus_images_00893.jpg,campus_images_00893_p04.jpg,4.0,0.6034777760505676,708.0,638.0,807.0,894.0,0.13333333333333333,0.6,success
campus_images_00893.jpg,campus_images_00893_p05.jpg,5.0,0.4888785183429718,104.0,648.0,145.0,755.0,0.05572916666666667,0.6,success
campus_images_00893.jpg,campus_images_00893_p06.jpg,6.0,0.464248389005661,205.0,655.0,261.0,806.0,0.07864583333333333,0.6,success
campus_images_00894.jpg,campus_images_00894_p01.jpg,1.0,0.8896510004997253,310.0,615.0,463.0,946.0,0.17239583333333333,0.6,success
campus_images_00894.jpg,campus_images_00894_p02.jpg,2.0,0.7341645359992981,196.0,647.0,260.0,804.0,0.08177083333333333,0.6,success
campus_images_00894.jpg,campus_images_00894_p03.jpg,3.0,0.6834943890571594,799.0,653.0,888.0,885.0,0.12083333333333333,0.6,success
campus_images_00894.jpg,campus_images_00894_p04.jpg,4.0,0.6700984835624695,696.0,631.0,799.0,893.0,0.13645833333333332,0.6,success
campus_images_00894.jpg,campus_images_00894_p05.jpg,5.0,0.3840653598308563,103.0,644.0,138.0,753.0,0.05677083333333333,0.6,success
campus_images_00895.jpg,campus_images_00895_p01.jpg,1.0,0.8448625206947327,288.0,609.0,429.0,945.0,0.175,0.6,success
campus_images_00895.jpg,campus_images_00895_p02.jpg,2.0,0.7735569477081299,793.0,649.0,882.0,883.0,0.121875,0.6,success
campus_images_00895.jpg,campus_images_00895_p03.jpg,3.0,0.6960006952285767,695.0,627.0,797.0,893.0,0.13854166666666667,0.6,success
campus_images_00895.jpg,campus_images_00895_p04.jpg,4.0,0.6818581819534302,189.0,649.0,254.0,808.0,0.0828125,0.6,success
campus_images_00895.jpg,campus_images_00895_p05.jpg,5.0,0.3824824094772339,94.0,646.0,129.0,747.0,0.05260416666666667,0.6,success
campus_images_00896.jpg,campus_images_00896_p01.jpg,1.0,0.8821080923080444,230.0,618.0,350.0,941.0,0.16822916666666668,0.6,success
campus_images_00896.jpg,campus_images_00896_p02.jpg,2.0,0.640688955783844,687.0,626.0,794.0,895.0,0.14010416666666667,0.6,success
campus_images_00896.jpg,campus_images_00896_p03.jpg,3.0,0.5748950242996216,789.0,652.0,883.0,885.0,0.12135416666666667,0.6,success
campus_images_00896.jpg,campus_images_00896_p04.jpg,4.0,0.5176394581794739,188.0,652.0,242.0,809.0,0.08177083333333333,0.6,success
campus_images_00897.jpg,campus_images_00897_p01.jpg,1.0,0.7877926826477051,211.0,624.0,338.0,936.0,0.1625,0.6,success
campus_images_00897.jpg,campus_images_00897_p02.jpg,2.0,0.7577528953552246,782.0,648.0,866.0,887.0,0.12447916666666667,0.6,success
campus_images_00897.jpg,campus_images_00897_p03.jpg,3.0,0.5579121112823486,685.0,634.0,789.0,895.0,0.1359375,0.6,success
campus_images_00897.jpg,campus_images_00897_p04.jpg,4.0,0.44669800996780396,176.0,642.0,236.0,804.0,0.084375,0.6,success
campus_images_00898.jpg,campus_images_00898_p01.jpg,1.0,0.8850165605545044,165.0,620.0,284.0,930.0,0.16145833333333334,0.6,success
campus_images_00898.jpg,campus_images_00898_p02.jpg,2.0,0.8349472284317017,775.0,652.0,870.0,888.0,0.12291666666666666,0.6,success
campus_images_00898.jpg,campus_images_00898_p03.jpg,3.0,0.7043147087097168,679.0,627.0,778.0,894.0,0.1390625,0.6,success
campus_images_00898.jpg,campus_images_00898_p04.jpg,4.0,0.30001726746559143,1021.0,670.0,1079.0,798.0,0.06666666666666667,0.6,success
campus_images_00899.jpg,campus_images_00899_p01.jpg,1.0,0.8074944615364075,103.0,622.0,239.0,933.0,0.16197916666666667,0.6,success
campus_images_00899.jpg,campus_images_00899_p02.jpg,2.0,0.7431849241256714,769.0,651.0,861.0,889.0,0.12395833333333334,0.6,success
campus_images_00899.jpg,campus_images_00899_p03.jpg,3.0,0.638131320476532,671.0,636.0,770.0,894.0,0.134375,0.6,success
campus_images_00899.jpg,campus_images_00899_p04.jpg,4.0,0.3353074789047241,37.0,647.0,98.0,791.0,0.075,0.6,success
campus_images_00900.jpg,campus_images_00900_p01.jpg,1.0,0.8112789988517761,767.0,653.0,855.0,887.0,0.121875,0.6,success
campus_images_00900.jpg,campus_images_00900_p02.jpg,2.0,0.7407038807868958,72.0,624.0,225.0,929.0,0.15885416666666666,0.6,success
campus_images_00900.jpg,campus_images_00900_p03.jpg,3.0,0.7227898836135864,670.0,634.0,767.0,898.0,0.1375,0.6,success
campus_images_00900.jpg,campus_images_00900_p04.jpg,4.0,0.3143806755542755,951.0,647.0,1001.0,720.0,0.03802083333333333,0.6,success
campus_images_00901.jpg,campus_images_00901_p01.jpg,1.0,0.8614444136619568,41.0,622.0,141.0,932.0,0.16145833333333334,0.6,success
campus_images_00901.jpg,campus_images_00901_p02.jpg,2.0,0.852512001991272,153.0,653.0,219.0,827.0,0.090625,0.6,success
campus_images_00901.jpg,campus_images_00901_p03.jpg,3.0,0.8311445116996765,767.0,652.0,854.0,891.0,0.12447916666666667,0.6,success
campus_images_00901.jpg,campus_images_00901_p04.jpg,4.0,0.7633254528045654,668.0,652.0,761.0,895.0,0.1265625,0.6,success
campus_images_00902.jpg,campus_images_00902_p01.jpg,1.0,0.8568280339241028,1.0,632.0,128.0,937.0,0.15885416666666666,0.6,success
campus_images_00902.jpg,campus_images_00902_p02.jpg,2.0,0.8338568210601807,154.0,653.0,216.0,824.0,0.0890625,0.6,success
campus_images_00902.jpg,campus_images_00902_p03.jpg,3.0,0.6284321546554565,764.0,650.0,849.0,892.0,0.12604166666666666,0.6,success
campus_images_00902.jpg,campus_images_00902_p04.jpg,4.0,0.44376739859580994,668.0,643.0,766.0,900.0,0.13385416666666666,0.6,success
campus_images_00902.jpg,campus_images_00902_p05.jpg,5.0,0.34879782795906067,237.0,669.0,270.0,739.0,0.036458333333333336,0.6,success
campus_images_00902.jpg,campus_images_00902_p06.jpg,6.0,0.30745527148246765,669.0,643.0,765.0,898.0,0.1328125,0.6,success
campus_images_00903.jpg,campus_images_00903_p01.jpg,1.0,0.8480020761489868,145.0,654.0,214.0,829.0,0.09114583333333333,0.6,success
campus_images_00903.jpg,campus_images_00903_p02.jpg,2.0,0.8449331521987915,759.0,659.0,846.0,894.0,0.12239583333333333,0.6,success
campus_images_00903.jpg,campus_images_00903_p03.jpg,3.0,0.7692165374755859,677.0,659.0,759.0,897.0,0.12395833333333334,0.6,success
campus_images_00903.jpg,campus_images_00903_p04.jpg,4.0,0.39969688653945923,238.0,671.0,267.0,737.0,0.034375,0.6,success
campus_images_00903.jpg,campus_images_00903_p05.jpg,5.0,0.3936704099178314,0.0,655.0,75.0,937.0,0.146875,0.6,success
campus_images_00903.jpg,campus_images_00903_p06.jpg,6.0,0.3042054772377014,231.0,671.0,264.0,736.0,0.033854166666666664,0.6,success
campus_images_00904.jpg,campus_images_00904_p01.jpg,1.0,0.854641318321228,756.0,664.0,846.0,894.0,0.11979166666666667,0.6,success
campus_images_00904.jpg,campus_images_00904_p02.jpg,2.0,0.8518434166908264,138.0,658.0,212.0,832.0,0.090625,0.6,success
campus_images_00904.jpg,campus_images_00904_p03.jpg,3.0,0.8160670399665833,671.0,648.0,758.0,903.0,0.1328125,0.6,success
campus_images_00905.jpg,campus_images_00905_p01.jpg,1.0,0.819577157497406,134.0,656.0,208.0,834.0,0.09270833333333334,0.6,success
campus_images_00905.jpg,campus_images_00905_p02.jpg,2.0,0.8155097365379333,668.0,646.0,755.0,905.0,0.13489583333333333,0.6,success
campus_images_00905.jpg,campus_images_00905_p03.jpg,3.0,0.7770019173622131,750.0,656.0,847.0,897.0,0.12552083333333333,0.6,success
campus_images_00906.jpg,campus_images_00906_p01.jpg,1.0,0.7926469445228577,667.0,653.0,749.0,906.0,0.13177083333333334,0.6,success
campus_images_00906.jpg,campus_images_00906_p02.jpg,2.0,0.7708097100257874,131.0,658.0,202.0,839.0,0.09427083333333333,0.6,success
campus_images_00906.jpg,campus_images_00906_p03.jpg,3.0,0.7257205843925476,745.0,665.0,852.0,902.0,0.1234375,0.6,success
campus_images_00906.jpg,campus_images_00906_p04.jpg,4.0,0.40167471766471863,189.0,663.0,224.0,795.0,0.06875,0.6,success
campus_images_00907.jpg,campus_images_00907_p01.jpg,1.0,0.8236569166183472,667.0,655.0,748.0,907.0,0.13125,0.6,success
campus_images_00907.jpg,campus_images_00907_p02.jpg,2.0,0.7449512481689453,749.0,660.0,849.0,904.0,0.12708333333333333,0.6,success
campus_images_00907.jpg,campus_images_00907_p03.jpg,3.0,0.4305553138256073,139.0,662.0,206.0,844.0,0.09479166666666666,0.6,success
campus_images_00907.jpg,campus_images_00907_p04.jpg,4.0,0.4248911738395691,189.0,665.0,223.0,801.0,0.07083333333333333,0.6,success
campus_images_00908.jpg,campus_images_00908_p01.jpg,1.0,0.8037471175193787,668.0,659.0,748.0,909.0,0.13020833333333334,0.6,success
campus_images_00908.jpg,campus_images_00908_p02.jpg,2.0,0.7186369895935059,738.0,655.0,826.0,905.0,0.13020833333333334,0.6,success
campus_images_00908.jpg,campus_images_00908_p03.jpg,3.0,0.6537761092185974,140.0,664.0,205.0,844.0,0.09375,0.6,success
campus_images_00909.jpg,campus_images_00909_p01.jpg,1.0,0.809964656829834,669.0,663.0,747.0,909.0,0.128125,0.6,success
campus_images_00909.jpg,campus_images_00909_p02.jpg,2.0,0.7660700082778931,137.0,664.0,201.0,850.0,0.096875,0.6,success
campus_images_00909.jpg,campus_images_00909_p03.jpg,3.0,0.6935368180274963,742.0,657.0,830.0,905.0,0.12916666666666668,0.6,success
campus_images_00909.jpg,campus_images_00909_p04.jpg,4.0,0.6223618388175964,193.0,670.0,229.0,823.0,0.0796875,0.6,success
campus_images_00909.jpg,campus_images_00909_p05.jpg,5.0,0.5861088037490845,863.0,675.0,907.0,793.0,0.06145833333333333,0.6,success
campus_images_00909.jpg,campus_images_00909_p06.jpg,6.0,0.3261336088180542,822.0,675.0,874.0,798.0,0.0640625,0.6,success
campus_images_00910.jpg,campus_images_00910_p01.jpg,1.0,0.8048538565635681,187.0,665.0,233.0,821.0,0.08125,0.6,success
campus_images_00910.jpg,campus_images_00910_p02.jpg,2.0,0.7875946164131165,669.0,664.0,747.0,909.0,0.12760416666666666,0.6,success
campus_images_00910.jpg,campus_images_00910_p03.jpg,3.0,0.6763013601303101,134.0,665.0,193.0,852.0,0.09739583333333333,0.6,success
campus_images_00910.jpg,campus_images_00910_p04.jpg,4.0,0.6326836347579956,747.0,655.0,842.0,907.0,0.13125,0.6,success
campus_images_00910.jpg,campus_images_00910_p05.jpg,5.0,0.4677329957485199,109.0,671.0,147.0,774.0,0.05364583333333333,0.6,success
campus_images_00911.jpg,campus_images_00911_p01.jpg,1.0,0.8840394616127014,926.0,649.0,1080.0,1054.0,0.2109375,0.6,success
campus_images_00911.jpg,campus_images_00911_p02.jpg,2.0,0.799407958984375,668.0,660.0,749.0,909.0,0.1296875,0.6,success
campus_images_00911.jpg,campus_images_00911_p03.jpg,3.0,0.7649332880973816,133.0,663.0,193.0,854.0,0.09947916666666666,0.6,success
campus_images_00911.jpg,campus_images_00911_p04.jpg,4.0,0.6958317756652832,736.0,651.0,839.0,908.0,0.13385416666666666,0.6,success
campus_images_00911.jpg,campus_images_00911_p05.jpg,5.0,0.6240273118019104,190.0,668.0,244.0,830.0,0.084375,0.6,success
campus_images_00911.jpg,campus_images_00911_p06.jpg,6.0,0.47576388716697693,861.0,677.0,910.0,805.0,0.06666666666666667,0.6,success
campus_images_00911.jpg,campus_images_00911_p07.jpg,7.0,0.4393167197704315,108.0,668.0,142.0,755.0,0.0453125,0.6,success
campus_images_00911.jpg,campus_images_00911_p08.jpg,8.0,0.4375563859939575,49.0,669.0,97.0,807.0,0.071875,0.6,success
campus_images_00912.jpg,campus_images_00912_p01.jpg,1.0,0.880700945854187,900.0,636.0,1024.0,1051.0,0.21614583333333334,0.6,success
campus_images_00912.jpg,campus_images_00912_p02.jpg,2.0,0.8074754476547241,133.0,659.0,198.0,854.0,0.1015625,0.6,success
campus_images_00912.jpg,campus_images_00912_p03.jpg,3.0,0.7794771194458008,672.0,660.0,752.0,908.0,0.12916666666666668,0.6,success
campus_images_00912.jpg,campus_images_00912_p04.jpg,4.0,0.6303461194038391,754.0,659.0,849.0,906.0,0.12864583333333332,0.6,success
campus_images_00912.jpg,campus_images_00912_p05.jpg,5.0,0.5848244428634644,196.0,667.0,248.0,830.0,0.08489583333333334,0.6,success
campus_images_00912.jpg,campus_images_00912_p06.jpg,6.0,0.5697951316833496,50.0,677.0,94.0,804.0,0.06614583333333333,0.6,success
campus_images_00912.jpg,campus_images_00912_p07.jpg,7.0,0.52799391746521,108.0,666.0,146.0,753.0,0.0453125,0.6,success
campus_images_00912.jpg,campus_images_00912_p08.jpg,8.0,0.49656885862350464,881.0,677.0,929.0,805.0,0.06666666666666667,0.6,success
campus_images_00913.jpg,campus_images_00913_p01.jpg,1.0,0.9026151299476624,768.0,638.0,1004.0,1046.0,0.2125,0.6,success
campus_images_00913.jpg,campus_images_00913_p02.jpg,2.0,0.8122774958610535,142.0,656.0,207.0,855.0,0.10364583333333334,0.6,success
campus_images_00913.jpg,campus_images_00913_p03.jpg,3.0,0.7775277495384216,673.0,664.0,754.0,908.0,0.12708333333333333,0.6,success
campus_images_00913.jpg,campus_images_00913_p04.jpg,4.0,0.6781633496284485,756.0,669.0,850.0,902.0,0.12135416666666667,0.6,success
campus_images_00913.jpg,campus_images_00913_p05.jpg,5.0,0.6326246857643127,202.0,665.0,254.0,833.0,0.0875,0.6,success
campus_images_00913.jpg,campus_images_00913_p06.jpg,6.0,0.433513343334198,55.0,676.0,98.0,799.0,0.0640625,0.6,success
campus_images_00914.jpg,campus_images_00914_p01.jpg,1.0,0.9035021066665649,761.0,636.0,936.0,1031.0,0.20572916666666666,0.6,success
campus_images_00914.jpg,campus_images_00914_p02.jpg,2.0,0.8133320808410645,144.0,652.0,211.0,857.0,0.10677083333333333,0.6,success
campus_images_00914.jpg,campus_images_00914_p03.jpg,3.0,0.7931869029998779,208.0,665.0,279.0,836.0,0.0890625,0.6,success
campus_images_00914.jpg,campus_images_00914_p04.jpg,4.0,0.5904967188835144,679.0,661.0,757.0,905.0,0.12708333333333333,0.6,success
campus_images_00914.jpg,campus_images_00914_p05.jpg,5.0,0.46106311678886414,51.0,670.0,101.0,798.0,0.06666666666666667,0.6,success
campus_images_00915.jpg,campus_images_00915_p01.jpg,1.0,0.8820978999137878,698.0,636.0,841.0,1031.0,0.20572916666666666,0.6,success
campus_images_00915.jpg,campus_images_00915_p02.jpg,2.0,0.8028178811073303,146.0,654.0,216.0,856.0,0.10520833333333333,0.6,success
campus_images_00915.jpg,campus_images_00915_p03.jpg,3.0,0.7475113868713379,218.0,658.0,285.0,828.0,0.08854166666666667,0.6,success
campus_images_00915.jpg,campus_images_00915_p04.jpg,4.0,0.5918536186218262,676.0,644.0,758.0,900.0,0.13333333333333333,0.6,success
campus_images_00915.jpg,campus_images_00915_p05.jpg,5.0,0.3451421558856964,931.0,668.0,986.0,788.0,0.0625,0.6,success
campus_images_00916.jpg,campus_images_00916_p01.jpg,1.0,0.9111537337303162,639.0,640.0,828.0,1018.0,0.196875,0.6,success
campus_images_00916.jpg,campus_images_00916_p02.jpg,2.0,0.8352985978126526,140.0,649.0,216.0,857.0,0.10833333333333334,0.6,success
campus_images_00916.jpg,campus_images_00916_p03.jpg,3.0,0.7793357372283936,225.0,663.0,299.0,832.0,0.08802083333333334,0.6,success
campus_images_00916.jpg,campus_images_00916_p04.jpg,4.0,0.6419944167137146,769.0,654.0,858.0,896.0,0.12604166666666666,0.6,success
campus_images_00916.jpg,campus_images_00916_p05.jpg,5.0,0.44625961780548096,949.0,667.0,1003.0,789.0,0.06354166666666666,0.6,success
campus_images_00916.jpg,campus_images_00916_p06.jpg,6.0,0.3674759864807129,949.0,665.0,1004.0,776.0,0.0578125,0.6,success
campus_images_00917.jpg,campus_images_00917_p01.jpg,1.0,0.8649402260780334,617.0,635.0,723.0,1008.0,0.19427083333333334,0.6,success
campus_images_00917.jpg,campus_images_00917_p02.jpg,2.0,0.8302311897277832,143.0,652.0,216.0,866.0,0.11145833333333334,0.6,success
campus_images_00917.jpg,campus_images_00917_p03.jpg,3.0,0.7956901788711548,233.0,665.0,302.0,835.0,0.08854166666666667,0.6,success
campus_images_00917.jpg,campus_images_00917_p04.jpg,4.0,0.5491032600402832,754.0,664.0,862.0,898.0,0.121875,0.6,success
campus_images_00917.jpg,campus_images_00917_p05.jpg,5.0,0.3099020719528198,705.0,657.0,792.0,904.0,0.12864583333333332,0.6,success
campus_images_00918.jpg,campus_images_00918_p01.jpg,1.0,0.886972188949585,519.0,634.0,699.0,1005.0,0.19322916666666667,0.6,success
campus_images_00918.jpg,campus_images_00918_p02.jpg,2.0,0.8240788578987122,149.0,652.0,219.0,864.0,0.11041666666666666,0.6,success
campus_images_00918.jpg,campus_images_00918_p03.jpg,3.0,0.806813657283783,241.0,660.0,308.0,835.0,0.09114583333333333,0.6,success
campus_images_00918.jpg,campus_images_00918_p04.jpg,4.0,0.7691230773925781,750.0,657.0,862.0,895.0,0.12395833333333334,0.6,success
campus_images_00918.jpg,campus_images_00918_p05.jpg,5.0,0.7529832124710083,683.0,646.0,762.0,900.0,0.13229166666666667,0.6,success
campus_images_00918.jpg,campus_images_00918_p06.jpg,6.0,0.5322192907333374,992.0,658.0,1065.0,803.0,0.07552083333333333,0.6,success
campus_images_00918.jpg,campus_images_00918_p07.jpg,7.0,0.3229334056377411,988.0,655.0,1068.0,801.0,0.07604166666666666,0.6,success
campus_images_00919.jpg,campus_images_00919_p01.jpg,1.0,0.8745541572570801,509.0,641.0,665.0,990.0,0.18177083333333333,0.6,success
campus_images_00919.jpg,campus_images_00919_p02.jpg,2.0,0.8575460314750671,139.0,655.0,226.0,865.0,0.109375,0.6,success
campus_images_00919.jpg,campus_images_00919_p03.jpg,3.0,0.830004870891571,250.0,663.0,326.0,840.0,0.0921875,0.6,success
campus_images_00919.jpg,campus_images_00919_p04.jpg,4.0,0.6886224150657654,756.0,657.0,861.0,896.0,0.12447916666666667,0.6,success
campus_images_00919.jpg,campus_images_00919_p05.jpg,5.0,0.646248996257782,687.0,655.0,766.0,898.0,0.1265625,0.6,success
campus_images_00919.jpg,campus_images_00919_p06.jpg,6.0,0.3829488754272461,64.0,671.0,104.0,793.0,0.06354166666666666,0.6,success
campus_images_00919.jpg,campus_images_00919_p07.jpg,7.0,0.3770643174648285,1023.0,659.0,1078.0,802.0,0.07447916666666667,0.6,success
campus_images_00919.jpg,campus_images_00919_p08.jpg,8.0,0.3649035096168518,18.0,670.0,58.0,800.0,0.06770833333333333,0.6,success
campus_images_00920.jpg,campus_images_00920_p01.jpg,1.0,0.8333574533462524,149.0,654.0,223.0,870.0,0.1125,0.6,success
campus_images_00920.jpg,campus_images_00920_p02.jpg,2.0,0.8144943714141846,476.0,642.0,572.0,985.0,0.17864583333333334,0.6,success
campus_images_00920.jpg,campus_images_00920_p03.jpg,3.0,0.8094300627708435,758.0,655.0,861.0,893.0,0.12395833333333334,0.6,success
campus_images_00920.jpg,campus_images_00920_p04.jpg,4.0,0.7971919178962708,261.0,658.0,334.0,838.0,0.09375,0.6,success
campus_images_00920.jpg,campus_images_00920_p05.jpg,5.0,0.5055080652236938,64.0,667.0,108.0,793.0,0.065625,0.6,success
campus_images_00920.jpg,campus_images_00920_p06.jpg,6.0,0.4127408266067505,18.0,666.0,61.0,804.0,0.071875,0.6,success
campus_images_00920.jpg,campus_images_00920_p07.jpg,7.0,0.376308798789978,1028.0,666.0,1079.0,798.0,0.06875,0.6,success
campus_images_00920.jpg,campus_images_00920_p08.jpg,8.0,0.32022905349731445,120.0,661.0,159.0,771.0,0.057291666666666664,0.6,success
campus_images_00921.jpg,campus_images_00921_p01.jpg,1.0,0.8535740971565247,419.0,647.0,565.0,987.0,0.17708333333333334,0.6,success
campus_images_00921.jpg,campus_images_00921_p02.jpg,2.0,0.8454174399375916,137.0,653.0,220.0,873.0,0.11458333333333333,0.6,success
campus_images_00921.jpg,campus_images_00921_p03.jpg,3.0,0.7483817338943481,756.0,656.0,863.0,895.0,0.12447916666666667,0.6,success
campus_images_00921.jpg,campus_images_00921_p04.jpg,4.0,0.7244263291358948,264.0,660.0,340.0,847.0,0.09739583333333333,0.6,success
campus_images_00921.jpg,campus_images_00921_p05.jpg,5.0,0.7057154774665833,687.0,649.0,766.0,898.0,0.1296875,0.6,success
campus_images_00921.jpg,campus_images_00921_p06.jpg,6.0,0.548101007938385,66.0,669.0,108.0,796.0,0.06614583333333333,0.6,success
campus_images_00922.jpg,campus_images_00922_p01.jpg,1.0,0.8694366216659546,131.0,651.0,219.0,879.0,0.11875,0.6,success
campus_images_00922.jpg,campus_images_00922_p02.jpg,2.0,0.851099967956543,388.0,648.0,486.0,973.0,0.16927083333333334,0.6,success
campus_images_00922.jpg,campus_images_00922_p03.jpg,3.0,0.8275718688964844,271.0,662.0,346.0,850.0,0.09791666666666667,0.6,success
campus_images_00922.jpg,campus_images_00922_p04.jpg,4.0,0.7023674249649048,764.0,660.0,864.0,895.0,0.12239583333333333,0.6,success
campus_images_00922.jpg,campus_images_00922_p05.jpg,5.0,0.6412135362625122,686.0,654.0,766.0,896.0,0.12604166666666666,0.6,success
campus_images_00922.jpg,campus_images_00922_p06.jpg,6.0,0.36351484060287476,60.0,668.0,109.0,797.0,0.0671875,0.6,success
campus_images_00922.jpg,campus_images_00922_p07.jpg,7.0,0.3345127999782562,865.0,669.0,892.0,742.0,0.03802083333333333,0.6,success
campus_images_00923.jpg,campus_images_00923_p01.jpg,1.0,0.8932206034660339,308.0,646.0,460.0,975.0,0.17135416666666667,0.6,success
campus_images_00923.jpg,campus_images_00923_p02.jpg,2.0,0.8491355180740356,135.0,656.0,219.0,885.0,0.11927083333333334,0.6,success
campus_images_00923.jpg,campus_images_00923_p03.jpg,3.0,0.7246800661087036,759.0,650.0,866.0,899.0,0.1296875,0.6,success
campus_images_00923.jpg,campus_images_00923_p04.jpg,4.0,0.6725829839706421,271.0,663.0,344.0,859.0,0.10208333333333333,0.6,success
campus_images_00923.jpg,campus_images_00923_p05.jpg,5.0,0.6325211524963379,686.0,657.0,768.0,902.0,0.12760416666666666,0.6,success
campus_images_00923.jpg,campus_images_00923_p06.jpg,6.0,0.49933385848999023,0.0,615.0,190.0,1093.0,0.24895833333333334,0.6,success
campus_images_00924.jpg,campus_images_00924_p01.jpg,1.0,0.8911667466163635,272.0,652.0,438.0,978.0,0.16979166666666667,0.6,success
campus_images_00924.jpg,campus_images_00924_p02.jpg,2.0,0.6593999862670898,761.0,653.0,866.0,901.0,0.12916666666666668,0.6,success
campus_images_00924.jpg,campus_images_00924_p03.jpg,3.0,0.648399829864502,688.0,665.0,761.0,905.0,0.125,0.6,success
campus_images_00924.jpg,campus_images_00924_p04.jpg,4.0,0.5622811913490295,143.0,654.0,222.0,873.0,0.1140625,0.6,success
campus_images_00924.jpg,campus_images_00924_p05.jpg,5.0,0.5475320816040039,4.0,604.0,188.0,1087.0,0.2515625,0.6,success
campus_images_00925.jpg,campus_images_00925_p01.jpg,1.0,0.8591570258140564,112.0,599.0,262.0,1085.0,0.253125,0.6,success
campus_images_00925.jpg,campus_images_00925_p02.jpg,2.0,0.784808874130249,248.0,655.0,359.0,972.0,0.16510416666666666,0.6,success
campus_images_00925.jpg,campus_images_00925_p03.jpg,3.0,0.6819479465484619,687.0,664.0,766.0,908.0,0.12708333333333333,0.6,success
campus_images_00925.jpg,campus_images_00925_p04.jpg,4.0,0.6514291167259216,758.0,651.0,866.0,904.0,0.13177083333333334,0.6,success
campus_images_00926.jpg,campus_images_00926_p01.jpg,1.0,0.9262866973876953,115.0,627.0,407.0,1100.0,0.24635416666666668,0.6,success
campus_images_00926.jpg,campus_images_00926_p02.jpg,2.0,0.8042733669281006,759.0,659.0,864.0,908.0,0.1296875,0.6,success
campus_images_00926.jpg,campus_images_00926_p03.jpg,3.0,0.7185608744621277,685.0,661.0,764.0,915.0,0.13229166666666667,0.6,success
campus_images_00926.jpg,campus_images_00926_p04.jpg,4.0,0.6164500117301941,113.0,670.0,202.0,885.0,0.11197916666666667,0.6,success
campus_images_00927.jpg,campus_images_00927_p01.jpg,1.0,0.848539412021637,221.0,621.0,414.0,1103.0,0.25104166666666666,0.6,success
campus_images_00927.jpg,campus_images_00927_p02.jpg,2.0,0.7967982888221741,107.0,667.0,187.0,911.0,0.12708333333333333,0.6,success
campus_images_00927.jpg,campus_images_00927_p03.jpg,3.0,0.7735523581504822,681.0,671.0,763.0,917.0,0.128125,0.6,success
campus_images_00927.jpg,campus_images_00927_p04.jpg,4.0,0.7651692032814026,755.0,665.0,863.0,913.0,0.12916666666666668,0.6,success
campus_images_00927.jpg,campus_images_00927_p05.jpg,5.0,0.6708053946495056,167.0,664.0,263.0,966.0,0.15729166666666666,0.6,success
campus_images_00928.jpg,campus_images_00928_p01.jpg,1.0,0.859737753868103,317.0,614.0,513.0,1102.0,0.25416666666666665,0.6,success
campus_images_00928.jpg,campus_images_00928_p02.jpg,2.0,0.8096876740455627,756.0,668.0,862.0,915.0,0.12864583333333332,0.6,success
campus_images_00928.jpg,campus_images_00928_p03.jpg,3.0,0.7841660976409912,102.0,672.0,231.0,973.0,0.15677083333333333,0.6,success
campus_images_00928.jpg,campus_images_00928_p04.jpg,4.0,0.747459352016449,681.0,669.0,762.0,921.0,0.13125,0.6,success
campus_images_00929.jpg,campus_images_00929_p01.jpg,1.0,0.8896860480308533,339.0,637.0,614.0,1112.0,0.24739583333333334,0.6,success
campus_images_00929.jpg,campus_images_00929_p02.jpg,2.0,0.8407606482505798,755.0,671.0,860.0,918.0,0.12864583333333332,0.6,success
campus_images_00929.jpg,campus_images_00929_p03.jpg,3.0,0.7932018637657166,306.0,687.0,392.0,910.0,0.11614583333333334,0.6,success
campus_images_00929.jpg,campus_images_00929_p04.jpg,4.0,0.788794755935669,66.0,675.0,215.0,974.0,0.15572916666666667,0.6,success
campus_images_00929.jpg,campus_images_00929_p05.jpg,5.0,0.7811397314071655,678.0,677.0,759.0,926.0,0.1296875,0.6,success
campus_images_00930.jpg,campus_images_00930_p01.jpg,1.0,0.8257890343666077,123.0,675.0,204.0,931.0,0.13333333333333333,0.6,success
campus_images_00930.jpg,campus_images_00930_p02.jpg,2.0,0.8183557391166687,310.0,681.0,396.0,908.0,0.11822916666666666,0.6,success
campus_images_00930.jpg,campus_images_00930_p03.jpg,3.0,0.8057031631469727,22.0,673.0,138.0,976.0,0.1578125,0.6,success
campus_images_00930.jpg,campus_images_00930_p04.jpg,4.0,0.7746148705482483,478.0,616.0,637.0,1099.0,0.2515625,0.6,success
campus_images_00930.jpg,campus_images_00930_p05.jpg,5.0,0.7508620023727417,764.0,676.0,856.0,922.0,0.128125,0.6,success
campus_images_00930.jpg,campus_images_00930_p06.jpg,6.0,0.6874546408653259,679.0,670.0,756.0,930.0,0.13541666666666666,0.6,success
campus_images_00931.jpg,campus_images_00931_p01.jpg,1.0,0.906690776348114,530.0,632.0,797.0,1114.0,0.25104166666666666,0.6,success
campus_images_00931.jpg,campus_images_00931_p02.jpg,2.0,0.8595417141914368,101.0,680.0,198.0,941.0,0.1359375,0.6,success
campus_images_00931.jpg,campus_images_00931_p03.jpg,3.0,0.7666693925857544,305.0,687.0,391.0,910.0,0.11614583333333334,0.6,success
campus_images_00931.jpg,campus_images_00931_p04.jpg,4.0,0.6128424406051636,2.0,706.0,125.0,978.0,0.14166666666666666,0.6,success
campus_images_00931.jpg,campus_images_00931_p05.jpg,5.0,0.5382694005966187,761.0,674.0,856.0,925.0,0.13072916666666667,0.6,success
campus_images_00931.jpg,campus_images_00931_p06.jpg,6.0,0.3731019198894501,696.0,668.0,803.0,932.0,0.1375,0.6,success
campus_images_00932.jpg,campus_images_00932_p01.jpg,1.0,0.890240490436554,576.0,641.0,838.0,1124.0,0.2515625,0.6,success
campus_images_00932.jpg,campus_images_00932_p02.jpg,2.0,0.8647913336753845,93.0,675.0,193.0,945.0,0.140625,0.6,success
campus_images_00932.jpg,campus_images_00932_p03.jpg,3.0,0.7161564230918884,307.0,689.0,400.0,922.0,0.12135416666666667,0.6,success
campus_images_00932.jpg,campus_images_00932_p04.jpg,4.0,0.6112076640129089,765.0,684.0,853.0,926.0,0.12604166666666666,0.6,success
campus_images_00933.jpg,campus_images_00933_p01.jpg,1.0,0.8807809352874756,95.0,674.0,187.0,956.0,0.146875,0.6,success
campus_images_00933.jpg,campus_images_00933_p02.jpg,2.0,0.8352152705192566,704.0,621.0,877.0,1127.0,0.2635416666666667,0.6,success
campus_images_00933.jpg,campus_images_00933_p03.jpg,3.0,0.7235586643218994,314.0,697.0,405.0,925.0,0.11875,0.6,success
campus_images_00933.jpg,campus_images_00933_p04.jpg,4.0,0.6777315139770508,671.0,676.0,748.0,932.0,0.13333333333333333,0.6,success
campus_images_00934.jpg,campus_images_00934_p01.jpg,1.0,0.9281973838806152,741.0,638.0,1036.0,1128.0,0.2552083333333333,0.6,success
campus_images_00934.jpg,campus_images_00934_p02.jpg,2.0,0.873981773853302,96.0,683.0,189.0,963.0,0.14583333333333334,0.6,success
campus_images_00934.jpg,campus_images_00934_p03.jpg,3.0,0.8033484816551208,670.0,674.0,750.0,933.0,0.13489583333333333,0.6,success
campus_images_00934.jpg,campus_images_00934_p04.jpg,4.0,0.7983275055885315,319.0,697.0,415.0,931.0,0.121875,0.6,success
campus_images_00934.jpg,campus_images_00934_p05.jpg,5.0,0.522100567817688,742.0,687.0,828.0,933.0,0.128125,0.6,success
campus_images_00935.jpg,campus_images_00935_p01.jpg,1.0,0.9128704071044922,835.0,633.0,1076.0,1131.0,0.259375,0.6,success
campus_images_00935.jpg,campus_images_00935_p02.jpg,2.0,0.8519511222839355,93.0,677.0,193.0,964.0,0.14947916666666666,0.6,success
campus_images_00935.jpg,campus_images_00935_p03.jpg,3.0,0.7436233162879944,328.0,702.0,429.0,933.0,0.1203125,0.6,success
campus_images_00935.jpg,campus_images_00935_p04.jpg,4.0,0.6922910213470459,669.0,676.0,750.0,934.0,0.134375,0.6,success
campus_images_00935.jpg,campus_images_00935_p05.jpg,5.0,0.6905001997947693,755.0,687.0,846.0,931.0,0.12708333333333333,0.6,success
campus_images_00936.jpg,campus_images_00936_p01.jpg,1.0,0.848400890827179,85.0,683.0,187.0,975.0,0.15208333333333332,0.6,success
campus_images_00936.jpg,campus_images_00936_p02.jpg,2.0,0.7878996133804321,948.0,638.0,1079.0,1129.0,0.2557291666666667,0.6,success
campus_images_00936.jpg,campus_images_00936_p03.jpg,3.0,0.7630707025527954,757.0,691.0,841.0,931.0,0.125,0.6,success
campus_images_00936.jpg,campus_images_00936_p04.jpg,4.0,0.6845575571060181,670.0,688.0,749.0,934.0,0.128125,0.6,success
campus_images_00936.jpg,campus_images_00936_p05.jpg,5.0,0.355670303106308,336.0,697.0,444.0,938.0,0.12552083333333333,0.6,success
campus_images_00936.jpg,campus_images_00936_p06.jpg,6.0,0.32389917969703674,916.0,693.0,988.0,940.0,0.12864583333333332,0.6,success
campus_images_00937.jpg,campus_images_00937_p01.jpg,1.0,0.8303819894790649,64.0,680.0,179.0,977.0,0.1546875,0.6,success
campus_images_00937.jpg,campus_images_00937_p02.jpg,2.0,0.7748156189918518,961.0,710.0,1080.0,1127.0,0.2171875,0.6,success
campus_images_00937.jpg,campus_images_00937_p03.jpg,3.0,0.7440416812896729,358.0,694.0,457.0,941.0,0.12864583333333332,0.6,success
campus_images_00937.jpg,campus_images_00937_p04.jpg,4.0,0.7423760890960693,751.0,690.0,841.0,932.0,0.12604166666666666,0.6,success
campus_images_00937.jpg,campus_images_00937_p05.jpg,5.0,0.7003083229064941,669.0,682.0,753.0,934.0,0.13125,0.6,success
campus_images_00937.jpg,campus_images_00937_p06.jpg,6.0,0.4416460692882538,886.0,693.0,972.0,905.0,0.11041666666666666,0.6,success
campus_images_00938.jpg,campus_images_00938_p01.jpg,1.0,0.7511361241340637,60.0,674.0,174.0,983.0,0.1609375,0.6,success
campus_images_00938.jpg,campus_images_00938_p02.jpg,2.0,0.7386738657951355,742.0,689.0,838.0,932.0,0.1265625,0.6,success
campus_images_00938.jpg,campus_images_00938_p03.jpg,3.0,0.7015052437782288,845.0,697.0,944.0,910.0,0.1109375,0.6,success
campus_images_00938.jpg,campus_images_00938_p04.jpg,4.0,0.6530067920684814,670.0,684.0,752.0,937.0,0.13177083333333334,0.6,success
campus_images_00938.jpg,campus_images_00938_p05.jpg,5.0,0.6301447749137878,384.0,702.0,471.0,956.0,0.13229166666666667,0.6,success
campus_images_00939.jpg,campus_images_00939_p01.jpg,1.0,0.862977921962738,63.0,675.0,176.0,994.0,0.16614583333333333,0.6,success
campus_images_00939.jpg,campus_images_00939_p02.jpg,2.0,0.811519980430603,398.0,693.0,500.0,960.0,0.1390625,0.6,success
campus_images_00939.jpg,campus_images_00939_p03.jpg,3.0,0.7111316919326782,670.0,680.0,752.0,936.0,0.13333333333333333,0.6,success
campus_images_00939.jpg,campus_images_00939_p04.jpg,4.0,0.6846901178359985,743.0,691.0,845.0,933.0,0.12604166666666666,0.6,success
campus_images_00939.jpg,campus_images_00939_p05.jpg,5.0,0.5611034631729126,833.0,692.0,905.0,905.0,0.1109375,0.6,success
campus_images_00939.jpg,campus_images_00939_p06.jpg,6.0,0.38414591550827026,397.0,700.0,499.0,957.0,0.13385416666666666,0.6,success
campus_images_00940.jpg,campus_images_00940_p01.jpg,1.0,0.8880383968353271,54.0,673.0,182.0,1001.0,0.17083333333333334,0.6,success
campus_images_00940.jpg,campus_images_00940_p02.jpg,2.0,0.7905053496360779,428.0,687.0,522.0,963.0,0.14375,0.6,success
campus_images_00940.jpg,campus_images_00940_p03.jpg,3.0,0.7807619571685791,806.0,702.0,884.0,909.0,0.1078125,0.6,success
campus_images_00940.jpg,campus_images_00940_p04.jpg,4.0,0.7708091735839844,748.0,690.0,833.0,932.0,0.12604166666666666,0.6,success
campus_images_00940.jpg,campus_images_00940_p05.jpg,5.0,0.7158581018447876,671.0,683.0,755.0,938.0,0.1328125,0.6,success
campus_images_00941.jpg,campus_images_00941_p01.jpg,1.0,0.8715090155601501,45.0,674.0,177.0,1006.0,0.17291666666666666,0.6,success
campus_images_00941.jpg,campus_images_00941_p02.jpg,2.0,0.8354849219322205,442.0,697.0,550.0,974.0,0.14427083333333332,0.6,success
campus_images_00941.jpg,campus_images_00941_p03.jpg,3.0,0.7226283550262451,672.0,690.0,748.0,939.0,0.1296875,0.6,success
campus_images_00941.jpg,campus_images_00941_p04.jpg,4.0,0.6280960440635681,747.0,691.0,836.0,932.0,0.12552083333333333,0.6,success
campus_images_00942.jpg,campus_images_00942_p01.jpg,1.0,0.8831561803817749,30.0,682.0,154.0,1025.0,0.17864583333333334,0.6,success
campus_images_00942.jpg,campus_images_00942_p02.jpg,2.0,0.8091767430305481,746.0,692.0,846.0,936.0,0.12708333333333333,0.6,success
campus_images_00942.jpg,campus_images_00942_p03.jpg,3.0,0.7484309673309326,667.0,686.0,750.0,941.0,0.1328125,0.6,success
campus_images_00942.jpg,campus_images_00942_p04.jpg,4.0,0.7474575638771057,457.0,705.0,562.0,980.0,0.14322916666666666,0.6,success
campus_images_00943.jpg,campus_images_00943_p01.jpg,1.0,0.8864730000495911,3.0,683.0,138.0,1028.0,0.1796875,0.6,success
campus_images_00943.jpg,campus_images_00943_p02.jpg,2.0,0.8340592980384827,491.0,695.0,592.0,985.0,0.15104166666666666,0.6,success
campus_images_00943.jpg,campus_images_00943_p03.jpg,3.0,0.831642210483551,736.0,696.0,844.0,938.0,0.12604166666666666,0.6,success
campus_images_00943.jpg,campus_images_00943_p04.jpg,4.0,0.7762166857719421,664.0,699.0,747.0,943.0,0.12708333333333333,0.6,success
campus_images_00943.jpg,campus_images_00943_p05.jpg,5.0,0.4535689055919647,165.0,725.0,198.0,791.0,0.034375,0.6,success
campus_images_00944.jpg,campus_images_00944_p01.jpg,1.0,0.8903523683547974,1.0,681.0,121.0,1052.0,0.19322916666666667,0.6,success
campus_images_00944.jpg,campus_images_00944_p02.jpg,2.0,0.808485746383667,504.0,710.0,632.0,1001.0,0.1515625,0.6,success
campus_images_00944.jpg,campus_images_00944_p03.jpg,3.0,0.7773537039756775,732.0,696.0,834.0,945.0,0.1296875,0.6,success
campus_images_00944.jpg,campus_images_00944_p04.jpg,4.0,0.7478876113891602,661.0,703.0,738.0,947.0,0.12708333333333333,0.6,success
campus_images_00944.jpg,campus_images_00944_p05.jpg,5.0,0.5666146278381348,173.0,724.0,203.0,790.0,0.034375,0.6,success
campus_images_00945.jpg,campus_images_00945_p01.jpg,1.0,0.9012523293495178,0.0,689.0,110.0,1062.0,0.19427083333333334,0.6,success
campus_images_00945.jpg,campus_images_00945_p02.jpg,2.0,0.8141405582427979,545.0,708.0,648.0,1007.0,0.15572916666666667,0.6,success
campus_images_00945.jpg,campus_images_00945_p03.jpg,3.0,0.8057065606117249,664.0,702.0,732.0,951.0,0.1296875,0.6,success
campus_images_00945.jpg,campus_images_00945_p04.jpg,4.0,0.7416254281997681,723.0,702.0,831.0,945.0,0.1265625,0.6,success
campus_images_00945.jpg,campus_images_00945_p05.jpg,5.0,0.5028010606765747,120.0,728.0,147.0,795.0,0.034895833333333334,0.6,success
campus_images_00946.jpg,campus_images_00946_p01.jpg,1.0,0.7986268401145935,555.0,713.0,690.0,1022.0,0.1609375,0.6,success
campus_images_00946.jpg,campus_images_00946_p02.jpg,2.0,0.7818312048912048,0.0,685.0,97.0,1068.0,0.19947916666666668,0.6,success
campus_images_00946.jpg,campus_images_00946_p03.jpg,3.0,0.7010493874549866,667.0,710.0,734.0,952.0,0.12604166666666666,0.6,success
campus_images_00946.jpg,campus_images_00946_p04.jpg,4.0,0.6201708316802979,123.0,730.0,150.0,802.0,0.0375,0.6,success
campus_images_00946.jpg,campus_images_00946_p05.jpg,5.0,0.48950350284576416,729.0,712.0,823.0,949.0,0.1234375,0.6,success
campus_images_00946.jpg,campus_images_00946_p06.jpg,6.0,0.3544658124446869,181.0,735.0,207.0,801.0,0.034375,0.6,success
campus_images_00947.jpg,campus_images_00947_p01.jpg,1.0,0.8423089385032654,0.0,701.0,79.0,1071.0,0.19270833333333334,0.6,success
campus_images_00947.jpg,campus_images_00947_p02.jpg,2.0,0.7159940600395203,122.0,732.0,150.0,805.0,0.03802083333333333,0.6,success
campus_images_00947.jpg,campus_images_00947_p03.jpg,3.0,0.5560921430587769,605.0,713.0,712.0,1028.0,0.1640625,0.6,success
campus_images_00947.jpg,campus_images_00947_p04.jpg,4.0,0.5341756343841553,722.0,702.0,817.0,952.0,0.13020833333333334,0.6,success
campus_images_00947.jpg,campus_images_00947_p05.jpg,5.0,0.4151202142238617,675.0,710.0,744.0,955.0,0.12760416666666666,0.6,success
campus_images_00947.jpg,campus_images_00947_p06.jpg,6.0,0.37163758277893066,178.0,732.0,214.0,800.0,0.035416666666666666,0.6,success
campus_images_00948.jpg,campus_images_00948_p01.jpg,1.0,0.848858654499054,0.0,711.0,62.0,1075.0,0.18958333333333333,0.6,success
campus_images_00948.jpg,campus_images_00948_p02.jpg,2.0,0.795135498046875,637.0,707.0,772.0,1042.0,0.17447916666666666,0.6,success
campus_images_00948.jpg,campus_images_00948_p03.jpg,3.0,0.7280823588371277,130.0,734.0,155.0,806.0,0.0375,0.6,success
campus_images_00948.jpg,campus_images_00948_p04.jpg,4.0,0.5491509437561035,726.0,720.0,823.0,952.0,0.12083333333333333,0.6,success
campus_images_00948.jpg,campus_images_00948_p05.jpg,5.0,0.5135169625282288,585.0,715.0,648.0,911.0,0.10208333333333333,0.6,success
campus_images_00949.jpg,campus_images_00949_p01.jpg,1.0,0.8037769198417664,540.0,733.0,626.0,912.0,0.09322916666666667,0.6,success
campus_images_00949.jpg,campus_images_00949_p02.jpg,2.0,0.7292677760124207,681.0,713.0,829.0,1051.0,0.17604166666666668,0.6,success
campus_images_00949.jpg,campus_images_00949_p03.jpg,3.0,0.7205926179885864,0.0,716.0,59.0,1114.0,0.20729166666666668,0.6,success
campus_images_00949.jpg,campus_images_00949_p04.jpg,4.0,0.6154350638389587,641.0,711.0,712.0,950.0,0.12447916666666667,0.6,success
campus_images_00949.jpg,campus_images_00949_p05.jpg,5.0,0.43236270546913147,131.0,743.0,159.0,808.0,0.033854166666666664,0.6,success
campus_images_00950.jpg,campus_images_00950_p01.jpg,1.0,0.7967114448547363,722.0,703.0,824.0,1051.0,0.18125,0.6,success
campus_images_00950.jpg,campus_images_00950_p02.jpg,2.0,0.7386652231216431,532.0,722.0,604.0,910.0,0.09791666666666667,0.6,success
campus_images_00950.jpg,campus_images_00950_p03.jpg,3.0,0.6417035460472107,0.0,722.0,57.0,1129.0,0.21197916666666666,0.6,success
campus_images_00950.jpg,campus_images_00950_p04.jpg,4.0,0.5809922814369202,642.0,714.0,729.0,963.0,0.1296875,0.6,success
campus_images_00950.jpg,campus_images_00950_p05.jpg,5.0,0.527258038520813,132.0,731.0,164.0,809.0,0.040625,0.6,success
campus_images_00951.jpg,campus_images_00951_p01.jpg,1.0,0.830768883228302,735.0,705.0,887.0,1063.0,0.18645833333333334,0.6,success
campus_images_00951.jpg,campus_images_00951_p02.jpg,2.0,0.7726234793663025,0.0,711.0,60.0,1126.0,0.21614583333333334,0.6,success
campus_images_00951.jpg,campus_images_00951_p03.jpg,3.0,0.6689870953559875,139.0,731.0,174.0,806.0,0.0390625,0.6,success
campus_images_00951.jpg,campus_images_00951_p04.jpg,4.0,0.5051229596138,498.0,723.0,573.0,904.0,0.09427083333333333,0.6,success
campus_images_00951.jpg,campus_images_00951_p05.jpg,5.0,0.47514837980270386,633.0,706.0,717.0,960.0,0.13229166666666667,0.6,success
campus_images_00952.jpg,campus_images_00952_p01.jpg,1.0,0.8092526197433472,0.0,706.0,60.0,1122.0,0.21666666666666667,0.6,success
campus_images_00952.jpg,campus_images_00952_p02.jpg,2.0,0.7725197672843933,721.0,710.0,796.0,948.0,0.12395833333333334,0.6,success
campus_images_00952.jpg,campus_images_00952_p03.jpg,3.0,0.7665915489196777,781.0,696.0,905.0,1068.0,0.19375,0.6,success
campus_images_00952.jpg,campus_images_00952_p04.jpg,4.0,0.6799259185791016,637.0,700.0,720.0,957.0,0.13385416666666666,0.6,success
campus_images_00952.jpg,campus_images_00952_p05.jpg,5.0,0.6442165374755859,454.0,731.0,563.0,900.0,0.08802083333333334,0.6,success
campus_images_00952.jpg,campus_images_00952_p06.jpg,6.0,0.6287723779678345,138.0,730.0,174.0,804.0,0.03854166666666667,0.6,success
campus_images_00953.jpg,campus_images_00953_p01.jpg,1.0,0.8315106630325317,717.0,713.0,814.0,948.0,0.12239583333333333,0.6,success
campus_images_00953.jpg,campus_images_00953_p02.jpg,2.0,0.8198876976966858,821.0,688.0,964.0,1070.0,0.19895833333333332,0.6,success
campus_images_00953.jpg,campus_images_00953_p03.jpg,3.0,0.8057639002799988,0.0,701.0,59.0,1121.0,0.21875,0.6,success
campus_images_00953.jpg,campus_images_00953_p04.jpg,4.0,0.7186240553855896,636.0,703.0,714.0,951.0,0.12916666666666668,0.6,success
campus_images_00953.jpg,campus_images_00953_p05.jpg,5.0,0.4336494207382202,69.0,719.0,97.0,789.0,0.036458333333333336,0.6,success
campus_images_00953.jpg,campus_images_00953_p06.jpg,6.0,0.3524327874183655,457.0,715.0,531.0,892.0,0.0921875,0.6,success
campus_images_00953.jpg,campus_images_00953_p07.jpg,7.0,0.30022308230400085,143.0,727.0,185.0,798.0,0.03697916666666667,0.6,success
campus_images_00954.jpg,campus_images_00954_p01.jpg,1.0,0.892612099647522,833.0,689.0,1039.0,1074.0,0.20052083333333334,0.6,success
campus_images_00954.jpg,campus_images_00954_p02.jpg,2.0,0.8584482073783875,721.0,709.0,815.0,940.0,0.1203125,0.6,success
campus_images_00954.jpg,campus_images_00954_p03.jpg,3.0,0.8266162872314453,0.0,697.0,62.0,1118.0,0.21927083333333333,0.6,success
campus_images_00954.jpg,campus_images_00954_p04.jpg,4.0,0.7897836565971375,638.0,690.0,718.0,944.0,0.13229166666666667,0.6,success
campus_images_00954.jpg,campus_images_00954_p05.jpg,5.0,0.6322839260101318,73.0,714.0,98.0,786.0,0.0375,0.6,success
campus_images_00954.jpg,campus_images_00954_p06.jpg,6.0,0.5102905035018921,149.0,717.0,196.0,793.0,0.03958333333333333,0.6,success
campus_images_00954.jpg,campus_images_00954_p07.jpg,7.0,0.36038461327552795,433.0,713.0,504.0,889.0,0.09166666666666666,0.6,success
campus_images_00955.jpg,campus_images_00955_p01.jpg,1.0,0.8449609875679016,902.0,677.0,1046.0,1074.0,0.20677083333333332,0.6,success
campus_images_00955.jpg,campus_images_00955_p02.jpg,2.0,0.8431248068809509,0.0,693.0,84.0,1159.0,0.24270833333333333,0.6,success
campus_images_00955.jpg,campus_images_00955_p03.jpg,3.0,0.7841582894325256,632.0,678.0,718.0,941.0,0.13697916666666668,0.6,success
campus_images_00955.jpg,campus_images_00955_p04.jpg,4.0,0.583814263343811,725.0,703.0,808.0,933.0,0.11979166666666667,0.6,success
campus_images_00955.jpg,campus_images_00955_p05.jpg,5.0,0.3049536645412445,166.0,711.0,198.0,785.0,0.03854166666666667,0.6,success
campus_images_00956.jpg,campus_images_00956_p01.jpg,1.0,0.8709710836410522,0.0,648.0,96.0,1163.0,0.2682291666666667,0.6,success
campus_images_00956.jpg,campus_images_00956_p02.jpg,2.0,0.8623464703559875,974.0,666.0,1080.0,1076.0,0.21354166666666666,0.6,success
campus_images_00956.jpg,campus_images_00956_p03.jpg,3.0,0.8530767560005188,629.0,667.0,719.0,934.0,0.1390625,0.6,success
campus_images_00956.jpg,campus_images_00956_p04.jpg,4.0,0.6660289764404297,726.0,699.0,810.0,927.0,0.11875,0.6,success
campus_images_00956.jpg,campus_images_00956_p05.jpg,5.0,0.546142041683197,388.0,695.0,464.0,880.0,0.09635416666666667,0.6,success
campus_images_00956.jpg,campus_images_00956_p06.jpg,6.0,0.42209818959236145,176.0,706.0,207.0,781.0,0.0390625,0.6,success
campus_images_00957.jpg,campus_images_00957_p01.jpg,1.0,0.8970574736595154,0.0,638.0,118.0,1158.0,0.2708333333333333,0.6,success
campus_images_00957.jpg,campus_images_00957_p02.jpg,2.0,0.858430027961731,621.0,664.0,717.0,929.0,0.13802083333333334,0.6,success
campus_images_00957.jpg,campus_images_00957_p03.jpg,3.0,0.8194561004638672,725.0,693.0,813.0,923.0,0.11979166666666667,0.6,success
campus_images_00957.jpg,campus_images_00957_p04.jpg,4.0,0.3571005165576935,177.0,707.0,215.0,776.0,0.0359375,0.6,success
campus_images_00958.jpg,campus_images_00958_p01.jpg,1.0,0.9053678512573242,0.0,638.0,131.0,1180.0,0.28229166666666666,0.6,success
campus_images_00958.jpg,campus_images_00958_p02.jpg,2.0,0.864813506603241,621.0,660.0,717.0,926.0,0.13854166666666667,0.6,success
campus_images_00958.jpg,campus_images_00958_p03.jpg,3.0,0.8543506860733032,726.0,690.0,814.0,915.0,0.1171875,0.6,success
campus_images_00958.jpg,campus_images_00958_p04.jpg,4.0,0.5497560501098633,333.0,692.0,433.0,862.0,0.08854166666666667,0.6,success
campus_images_00958.jpg,campus_images_00958_p05.jpg,5.0,0.3017038106918335,188.0,703.0,229.0,770.0,0.034895833333333334,0.6,success
campus_images_00959.jpg,campus_images_00959_p01.jpg,1.0,0.8798443078994751,724.0,676.0,814.0,912.0,0.12291666666666666,0.6,success
campus_images_00959.jpg,campus_images_00959_p02.jpg,2.0,0.8714455366134644,0.0,632.0,137.0,1199.0,0.2953125,0.6,success
campus_images_00959.jpg,campus_images_00959_p03.jpg,3.0,0.8693153262138367,625.0,663.0,720.0,921.0,0.134375,0.6,success
campus_images_00959.jpg,campus_images_00959_p04.jpg,4.0,0.5595805644989014,325.0,688.0,386.0,859.0,0.0890625,0.6,success
campus_images_00959.jpg,campus_images_00959_p05.jpg,5.0,0.5370944738388062,199.0,694.0,233.0,766.0,0.0375,0.6,success
campus_images_00959.jpg,campus_images_00959_p06.jpg,6.0,0.4425099492073059,120.0,693.0,147.0,763.0,0.036458333333333336,0.6,success
campus_images_00960.jpg,campus_images_00960_p01.jpg,1.0,0.8640342950820923,0.0,619.0,145.0,1194.0,0.2994791666666667,0.6,success
campus_images_00960.jpg,campus_images_00960_p02.jpg,2.0,0.8613806366920471,717.0,673.0,812.0,912.0,0.12447916666666667,0.6,success
campus_images_00960.jpg,campus_images_00960_p03.jpg,3.0,0.8221611976623535,631.0,663.0,719.0,918.0,0.1328125,0.6,success
campus_images_00960.jpg,campus_images_00960_p04.jpg,4.0,0.4286535382270813,128.0,693.0,150.0,759.0,0.034375,0.6,success
campus_images_00960.jpg,campus_images_00960_p05.jpg,5.0,0.37345457077026367,204.0,692.0,240.0,763.0,0.03697916666666667,0.6,success
campus_images_00960.jpg,campus_images_00960_p06.jpg,6.0,0.3506292700767517,294.0,685.0,367.0,853.0,0.0875,0.6,success
campus_images_00961.jpg,campus_images_00961_p01.jpg,1.0,0.9038049578666687,1.0,622.0,162.0,1216.0,0.309375,0.6,success
campus_images_00961.jpg,campus_images_00961_p02.jpg,2.0,0.792349100112915,714.0,672.0,811.0,908.0,0.12291666666666666,0.6,success
campus_images_00961.jpg,campus_images_00961_p03.jpg,3.0,0.7642585635185242,635.0,657.0,715.0,917.0,0.13541666666666666,0.6,success
campus_images_00961.jpg,campus_images_00961_p04.jpg,4.0,0.6326860785484314,275.0,677.0,351.0,849.0,0.08958333333333333,0.6,success
campus_images_00962.jpg,campus_images_00962_p01.jpg,1.0,0.8952541947364807,1.0,619.0,172.0,1232.0,0.31927083333333334,0.6,success
campus_images_00962.jpg,campus_images_00962_p02.jpg,2.0,0.8351696133613586,718.0,667.0,812.0,906.0,0.12447916666666667,0.6,success
campus_images_00962.jpg,campus_images_00962_p03.jpg,3.0,0.7296450734138489,610.0,661.0,714.0,916.0,0.1328125,0.6,success
campus_images_00963.jpg,campus_images_00963_p01.jpg,1.0,0.899523138999939,0.0,598.0,183.0,1238.0,0.3333333333333333,0.6,success
campus_images_00963.jpg,campus_images_00963_p02.jpg,2.0,0.835382878780365,719.0,665.0,813.0,906.0,0.12552083333333333,0.6,success
campus_images_00963.jpg,campus_images_00963_p03.jpg,3.0,0.6405766010284424,600.0,655.0,685.0,912.0,0.13385416666666666,0.6,success
campus_images_00963.jpg,campus_images_00963_p04.jpg,4.0,0.4416750967502594,668.0,654.0,738.0,909.0,0.1328125,0.6,success
campus_images_00964.jpg,campus_images_00964_p01.jpg,1.0,0.8784046173095703,0.0,603.0,174.0,1292.0,0.35885416666666664,0.6,success
campus_images_00964.jpg,campus_images_00964_p02.jpg,2.0,0.8219013810157776,717.0,666.0,812.0,903.0,0.1234375,0.6,success
campus_images_00964.jpg,campus_images_00964_p03.jpg,3.0,0.6826774477958679,590.0,653.0,679.0,912.0,0.13489583333333333,0.6,success
campus_images_00964.jpg,campus_images_00964_p04.jpg,4.0,0.6191259622573853,655.0,646.0,732.0,904.0,0.134375,0.6,success
campus_images_00964.jpg,campus_images_00964_p05.jpg,5.0,0.5067378878593445,161.0,673.0,186.0,749.0,0.03958333333333333,0.6,success
campus_images_00964.jpg,campus_images_00964_p06.jpg,6.0,0.31438860297203064,204.0,672.0,263.0,835.0,0.08489583333333334,0.6,success
campus_images_00965.jpg,campus_images_00965_p01.jpg,1.0,0.8387903571128845,0.0,603.0,150.0,1273.0,0.3489583333333333,0.6,success
campus_images_00965.jpg,campus_images_00965_p02.jpg,2.0,0.7707904577255249,641.0,646.0,732.0,899.0,0.13177083333333334,0.6,success
campus_images_00965.jpg,campus_images_00965_p03.jpg,3.0,0.7650347948074341,719.0,671.0,812.0,902.0,0.1203125,0.6,success
campus_images_00965.jpg,campus_images_00965_p04.jpg,4.0,0.7426454424858093,201.0,667.0,267.0,834.0,0.08697916666666666,0.6,success
campus_images_00965.jpg,campus_images_00965_p05.jpg,5.0,0.7278451323509216,577.0,653.0,655.0,911.0,0.134375,0.6,success
campus_images_00966.jpg,campus_images_00966_p01.jpg,1.0,0.8131245374679565,710.0,666.0,811.0,901.0,0.12239583333333333,0.6,success
campus_images_00966.jpg,campus_images_00966_p02.jpg,2.0,0.7792108058929443,561.0,651.0,633.0,906.0,0.1328125,0.6,success
campus_images_00966.jpg,campus_images_00966_p03.jpg,3.0,0.7670350670814514,0.0,600.0,122.0,1298.0,0.36354166666666665,0.6,success
campus_images_00966.jpg,campus_images_00966_p04.jpg,4.0,0.6967060565948486,633.0,641.0,721.0,895.0,0.13229166666666667,0.6,success
campus_images_00967.jpg,campus_images_00967_p01.jpg,1.0,0.8470509648323059,719.0,665.0,810.0,900.0,0.12239583333333333,0.6,success
campus_images_00967.jpg,campus_images_00967_p02.jpg,2.0,0.8358414769172668,623.0,643.0,713.0,893.0,0.13020833333333334,0.6,success
campus_images_00967.jpg,campus_images_00967_p03.jpg,3.0,0.834690511226654,0.0,617.0,105.0,1380.0,0.39739583333333334,0.6,success
campus_images_00967.jpg,campus_images_00967_p04.jpg,4.0,0.4913098216056824,542.0,650.0,632.0,904.0,0.13229166666666667,0.6,success
campus_images_00967.jpg,campus_images_00967_p05.jpg,5.0,0.4883459806442261,181.0,665.0,239.0,824.0,0.0828125,0.6,success
campus_images_00968.jpg,campus_images_00968_p01.jpg,1.0,0.8436378836631775,716.0,663.0,810.0,898.0,0.12239583333333333,0.6,success
campus_images_00968.jpg,campus_images_00968_p02.jpg,2.0,0.831110954284668,615.0,642.0,711.0,892.0,0.13020833333333334,0.6,success
campus_images_00968.jpg,campus_images_00968_p03.jpg,3.0,0.7944217324256897,0.0,653.0,94.0,1383.0,0.3802083333333333,0.6,success
campus_images_00968.jpg,campus_images_00968_p04.jpg,4.0,0.6452048420906067,531.0,647.0,620.0,901.0,0.13229166666666667,0.6,success
campus_images_00968.jpg,campus_images_00968_p05.jpg,5.0,0.642776370048523,168.0,660.0,228.0,829.0,0.08802083333333334,0.6,success
campus_images_00969.jpg,campus_images_00969_p01.jpg,1.0,0.8321399092674255,607.0,639.0,701.0,891.0,0.13125,0.6,success
campus_images_00969.jpg,campus_images_00969_p02.jpg,2.0,0.8276923298835754,711.0,669.0,809.0,899.0,0.11979166666666667,0.6,success
campus_images_00969.jpg,campus_images_00969_p03.jpg,3.0,0.6990317702293396,521.0,653.0,607.0,907.0,0.13229166666666667,0.6,success
campus_images_00969.jpg,campus_images_00969_p04.jpg,4.0,0.628359854221344,0.0,675.0,61.0,1390.0,0.3723958333333333,0.6,success
campus_images_00969.jpg,campus_images_00969_p05.jpg,5.0,0.43832340836524963,0.0,675.0,61.0,1388.0,0.37135416666666665,0.6,success
campus_images_00969.jpg,campus_images_00969_p06.jpg,6.0,0.33696943521499634,158.0,669.0,212.0,823.0,0.08020833333333334,0.6,success
campus_images_00970.jpg,campus_images_00970_p01.jpg,1.0,0.8299030065536499,513.0,649.0,597.0,910.0,0.1359375,0.6,success
campus_images_00970.jpg,campus_images_00970_p02.jpg,2.0,0.8253313302993774,711.0,668.0,808.0,897.0,0.11927083333333334,0.6,success
campus_images_00970.jpg,campus_images_00970_p03.jpg,3.0,0.8064063191413879,605.0,637.0,695.0,889.0,0.13125,0.6,success
campus_images_00970.jpg,campus_images_00970_p04.jpg,4.0,0.6087841987609863,148.0,661.0,206.0,826.0,0.0859375,0.6,success
campus_images_00970.jpg,campus_images_00970_p05.jpg,5.0,0.6083641648292542,1.0,668.0,38.0,801.0,0.06927083333333334,0.6,success
campus_images_00971.jpg,campus_images_00971_p01.jpg,1.0,0.8475813269615173,503.0,657.0,584.0,908.0,0.13072916666666667,0.6,success
campus_images_00971.jpg,campus_images_00971_p02.jpg,2.0,0.8143047094345093,710.0,670.0,806.0,896.0,0.11770833333333333,0.6,success
campus_images_00971.jpg,campus_images_00971_p03.jpg,3.0,0.8021953105926514,601.0,641.0,680.0,890.0,0.1296875,0.6,success
campus_images_00971.jpg,campus_images_00971_p04.jpg,4.0,0.6776042580604553,142.0,664.0,189.0,825.0,0.08385416666666666,0.6,success
campus_images_00971.jpg,campus_images_00971_p05.jpg,5.0,0.5308284163475037,2.0,666.0,43.0,795.0,0.0671875,0.6,success
campus_images_00972.jpg,campus_images_00972_p01.jpg,1.0,0.8651098012924194,493.0,646.0,576.0,909.0,0.13697916666666668,0.6,success
campus_images_00972.jpg,campus_images_00972_p02.jpg,2.0,0.8368659019470215,701.0,663.0,802.0,897.0,0.121875,0.6,success
campus_images_00972.jpg,campus_images_00972_p03.jpg,3.0,0.8176792860031128,595.0,640.0,671.0,889.0,0.1296875,0.6,success
campus_images_00972.jpg,campus_images_00972_p04.jpg,4.0,0.5415229797363281,139.0,665.0,185.0,825.0,0.08333333333333333,0.6,success
campus_images_00972.jpg,campus_images_00972_p05.jpg,5.0,0.4619537889957428,140.0,669.0,185.0,749.0,0.041666666666666664,0.6,success
campus_images_00973.jpg,campus_images_00973_p01.jpg,1.0,0.8637835383415222,484.0,647.0,566.0,914.0,0.1390625,0.6,success
campus_images_00973.jpg,campus_images_00973_p02.jpg,2.0,0.8632246255874634,589.0,641.0,662.0,893.0,0.13125,0.6,success
campus_images_00973.jpg,campus_images_00973_p03.jpg,3.0,0.8088432550430298,697.0,666.0,798.0,901.0,0.12239583333333333,0.6,success
campus_images_00973.jpg,campus_images_00973_p04.jpg,4.0,0.6568624973297119,130.0,666.0,182.0,824.0,0.08229166666666667,0.6,success
campus_images_00973.jpg,campus_images_00973_p05.jpg,5.0,0.35285449028015137,0.0,669.0,29.0,805.0,0.07083333333333333,0.6,success
campus_images_00973.jpg,campus_images_00973_p06.jpg,6.0,0.31352975964546204,110.0,672.0,139.0,742.0,0.036458333333333336,0.6,success
campus_images_00974.jpg,campus_images_00974_p01.jpg,1.0,0.8872350454330444,580.0,641.0,659.0,896.0,0.1328125,0.6,success
campus_images_00974.jpg,campus_images_00974_p02.jpg,2.0,0.8337777853012085,702.0,668.0,790.0,902.0,0.121875,0.6,success
campus_images_00974.jpg,campus_images_00974_p03.jpg,3.0,0.8245384097099304,479.0,647.0,562.0,917.0,0.140625,0.6,success
campus_images_00974.jpg,campus_images_00974_p04.jpg,4.0,0.6729482412338257,117.0,664.0,178.0,822.0,0.08229166666666667,0.6,success
campus_images_00974.jpg,campus_images_00974_p05.jpg,5.0,0.37235966324806213,0.0,670.0,28.0,805.0,0.0703125,0.6,success
campus_images_00975.jpg,campus_images_00975_p01.jpg,1.0,0.873898983001709,574.0,642.0,653.0,896.0,0.13229166666666667,0.6,success
campus_images_00975.jpg,campus_images_00975_p02.jpg,2.0,0.7913673520088196,475.0,648.0,551.0,917.0,0.14010416666666667,0.6,success
campus_images_00975.jpg,campus_images_00975_p03.jpg,3.0,0.7397146224975586,700.0,670.0,796.0,902.0,0.12083333333333333,0.6,success
campus_images_00975.jpg,campus_images_00975_p04.jpg,4.0,0.7361576557159424,113.0,667.0,170.0,821.0,0.08020833333333334,0.6,success
campus_images_00975.jpg,campus_images_00975_p05.jpg,5.0,0.3298017978668213,0.0,671.0,28.0,804.0,0.06927083333333334,0.6,success
campus_images_00976.jpg,campus_images_00976_p01.jpg,1.0,0.8722608685493469,567.0,643.0,648.0,900.0,0.13385416666666666,0.6,success
campus_images_00976.jpg,campus_images_00976_p02.jpg,2.0,0.822242796421051,474.0,649.0,551.0,917.0,0.13958333333333334,0.6,success
campus_images_00976.jpg,campus_images_00976_p03.jpg,3.0,0.8135534524917603,696.0,673.0,783.0,903.0,0.11979166666666667,0.6,success
campus_images_00976.jpg,campus_images_00976_p04.jpg,4.0,0.6832150220870972,111.0,664.0,166.0,817.0,0.0796875,0.6,success
campus_images_00976.jpg,campus_images_00976_p05.jpg,5.0,0.33035674691200256,0.0,671.0,30.0,804.0,0.06927083333333334,0.6,success
campus_images_00977.jpg,campus_images_00977_p01.jpg,1.0,0.8364044427871704,691.0,670.0,784.0,901.0,0.1203125,0.6,success
campus_images_00977.jpg,campus_images_00977_p02.jpg,2.0,0.7788839340209961,560.0,643.0,643.0,898.0,0.1328125,0.6,success
campus_images_00977.jpg,campus_images_00977_p03.jpg,3.0,0.7771033048629761,468.0,648.0,559.0,915.0,0.1390625,0.6,success
campus_images_00977.jpg,campus_images_00977_p04.jpg,4.0,0.5407810807228088,870.0,684.0,921.0,805.0,0.06302083333333333,0.6,success
campus_images_00977.jpg,campus_images_00977_p05.jpg,5.0,0.46777504682540894,115.0,668.0,166.0,814.0,0.07604166666666666,0.6,success
campus_images_00977.jpg,campus_images_00977_p06.jpg,6.0,0.41297200322151184,114.0,667.0,167.0,815.0,0.07708333333333334,0.6,success
campus_images_00978.jpg,campus_images_00978_p01.jpg,1.0,0.8116207718849182,550.0,638.0,639.0,895.0,0.13385416666666666,0.6,success
campus_images_00978.jpg,campus_images_00978_p02.jpg,2.0,0.7857375741004944,468.0,644.0,577.0,913.0,0.14010416666666667,0.6,success
campus_images_00978.jpg,campus_images_00978_p03.jpg,3.0,0.7445511817932129,118.0,665.0,172.0,809.0,0.075,0.6,success
campus_images_00978.jpg,campus_images_00978_p04.jpg,4.0,0.7146223783493042,690.0,669.0,783.0,899.0,0.11979166666666667,0.6,success
campus_images_00978.jpg,campus_images_00978_p05.jpg,5.0,0.3500581681728363,117.0,663.0,172.0,811.0,0.07708333333333334,0.6,success
campus_images_00979.jpg,campus_images_00979_p01.jpg,1.0,0.8366717100143433,552.0,636.0,637.0,896.0,0.13541666666666666,0.6,success
campus_images_00979.jpg,campus_images_00979_p02.jpg,2.0,0.806387186050415,483.0,648.0,575.0,909.0,0.1359375,0.6,success
campus_images_00979.jpg,campus_images_00979_p03.jpg,3.0,0.7705768942832947,692.0,671.0,781.0,898.0,0.11822916666666666,0.6,success
campus_images_00979.jpg,campus_images_00979_p04.jpg,4.0,0.5731099247932434,133.0,662.0,176.0,808.0,0.07604166666666666,0.6,success
campus_images_00979.jpg,campus_images_00979_p05.jpg,5.0,0.46429580450057983,0.0,666.0,37.0,797.0,0.06822916666666666,0.6,success
campus_images_00980.jpg,campus_images_00980_p01.jpg,1.0,0.7891830801963806,559.0,635.0,633.0,898.0,0.13697916666666668,0.6,success
campus_images_00980.jpg,campus_images_00980_p02.jpg,2.0,0.7689377665519714,682.0,670.0,776.0,897.0,0.11822916666666666,0.6,success
campus_images_00980.jpg,campus_images_00980_p03.jpg,3.0,0.7347638607025146,133.0,664.0,177.0,807.0,0.07447916666666667,0.6,success
campus_images_00980.jpg,campus_images_00980_p04.jpg,4.0,0.7012056112289429,492.0,645.0,583.0,908.0,0.13697916666666668,0.6,success
campus_images_00980.jpg,campus_images_00980_p05.jpg,5.0,0.34528279304504395,1.0,666.0,37.0,797.0,0.06822916666666666,0.6,success
campus_images_00981.jpg,campus_images_00981_p01.jpg,1.0,0.8214845061302185,673.0,668.0,773.0,900.0,0.12083333333333333,0.6,success
campus_images_00981.jpg,campus_images_00981_p02.jpg,2.0,0.6613038778305054,507.0,644.0,606.0,909.0,0.13802083333333334,0.6,success
campus_images_00981.jpg,campus_images_00981_p03.jpg,3.0,0.6134011745452881,125.0,665.0,176.0,806.0,0.0734375,0.6,success
campus_images_00981.jpg,campus_images_00981_p04.jpg,4.0,0.5781698226928711,567.0,641.0,635.0,900.0,0.13489583333333333,0.6,success
campus_images_00981.jpg,campus_images_00981_p05.jpg,5.0,0.3264622092247009,53.0,667.0,85.0,747.0,0.041666666666666664,0.6,success
campus_images_00982.jpg,campus_images_00982_p01.jpg,1.0,0.818040132522583,672.0,674.0,767.0,901.0,0.11822916666666666,0.6,success
campus_images_00982.jpg,campus_images_00982_p02.jpg,2.0,0.7189215421676636,126.0,665.0,173.0,804.0,0.07239583333333334,0.6,success
campus_images_00982.jpg,campus_images_00982_p03.jpg,3.0,0.6169458031654358,510.0,648.0,601.0,908.0,0.13541666666666666,0.6,success
campus_images_00982.jpg,campus_images_00982_p04.jpg,4.0,0.5561003684997559,562.0,641.0,637.0,897.0,0.13333333333333333,0.6,success
campus_images_00982.jpg,campus_images_00982_p05.jpg,5.0,0.30789893865585327,55.0,669.0,80.0,747.0,0.040625,0.6,success
campus_images_00983.jpg,campus_images_00983_p01.jpg,1.0,0.8361918330192566,675.0,671.0,760.0,904.0,0.12135416666666667,0.6,success
campus_images_00983.jpg,campus_images_00983_p02.jpg,2.0,0.801301121711731,126.0,667.0,173.0,802.0,0.0703125,0.6,success
campus_images_00983.jpg,campus_images_00983_p03.jpg,3.0,0.5941191911697388,529.0,645.0,609.0,908.0,0.13697916666666668,0.6,success
campus_images_00983.jpg,campus_images_00983_p04.jpg,4.0,0.5939627885818481,559.0,639.0,636.0,897.0,0.134375,0.6,success
campus_images_00984.jpg,campus_images_00984_p01.jpg,1.0,0.8634911179542542,673.0,671.0,758.0,904.0,0.12135416666666667,0.6,success
campus_images_00984.jpg,campus_images_00984_p02.jpg,2.0,0.8031390905380249,124.0,668.0,170.0,800.0,0.06875,0.6,success
campus_images_00984.jpg,campus_images_00984_p03.jpg,3.0,0.6829199194908142,546.0,641.0,635.0,909.0,0.13958333333333334,0.6,success
campus_images_00984.jpg,campus_images_00984_p04.jpg,4.0,0.34221571683883667,0.0,666.0,36.0,797.0,0.06822916666666666,0.6,success
campus_images_00985.jpg,campus_images_00985_p01.jpg,1.0,0.8353357911109924,671.0,668.0,757.0,904.0,0.12291666666666666,0.6,success
campus_images_00985.jpg,campus_images_00985_p02.jpg,2.0,0.8103266954421997,123.0,669.0,170.0,802.0,0.06927083333333334,0.6,success
campus_images_00985.jpg,campus_images_00985_p03.jpg,3.0,0.7212215662002563,545.0,642.0,637.0,908.0,0.13854166666666667,0.6,success
campus_images_00985.jpg,campus_images_00985_p04.jpg,4.0,0.42737826704978943,792.0,684.0,835.0,784.0,0.052083333333333336,0.6,success
campus_images_00985.jpg,campus_images_00985_p05.jpg,5.0,0.36897918581962585,0.0,667.0,34.0,795.0,0.06666666666666667,0.6,success
campus_images_00986.jpg,campus_images_00986_p01.jpg,1.0,0.8500290513038635,671.0,666.0,759.0,904.0,0.12395833333333334,0.6,success
campus_images_00986.jpg,campus_images_00986_p02.jpg,2.0,0.7725780606269836,550.0,641.0,640.0,907.0,0.13854166666666667,0.6,success
campus_images_00986.jpg,campus_images_00986_p03.jpg,3.0,0.7553829550743103,117.0,673.0,167.0,799.0,0.065625,0.6,success
campus_images_00987.jpg,campus_images_00987_p01.jpg,1.0,0.8545061945915222,663.0,663.0,760.0,902.0,0.12447916666666667,0.6,success
campus_images_00987.jpg,campus_images_00987_p02.jpg,2.0,0.8447812795639038,113.0,663.0,162.0,795.0,0.06875,0.6,success
campus_images_00987.jpg,campus_images_00987_p03.jpg,3.0,0.7789782285690308,558.0,639.0,645.0,903.0,0.1375,0.6,success
campus_images_00987.jpg,campus_images_00987_p04.jpg,4.0,0.4750690162181854,0.0,668.0,36.0,796.0,0.06666666666666667,0.6,success
campus_images_00987.jpg,campus_images_00987_p05.jpg,5.0,0.3423320949077606,53.0,667.0,81.0,740.0,0.03802083333333333,0.6,success
campus_images_00988.jpg,campus_images_00988_p01.jpg,1.0,0.8539822697639465,665.0,658.0,761.0,898.0,0.125,0.6,success
campus_images_00988.jpg,campus_images_00988_p02.jpg,2.0,0.8530857563018799,115.0,662.0,161.0,791.0,0.0671875,0.6,success
campus_images_00988.jpg,campus_images_00988_p03.jpg,3.0,0.799054741859436,563.0,639.0,650.0,901.0,0.13645833333333332,0.6,success
campus_images_00988.jpg,campus_images_00988_p04.jpg,4.0,0.4413917660713196,0.0,663.0,39.0,792.0,0.0671875,0.6,success
campus_images_00988.jpg,campus_images_00988_p05.jpg,5.0,0.38147032260894775,54.0,663.0,87.0,737.0,0.03854166666666667,0.6,success
campus_images_00989.jpg,campus_images_00989_p01.jpg,1.0,0.85831218957901,668.0,654.0,765.0,890.0,0.12291666666666666,0.6,success
campus_images_00989.jpg,campus_images_00989_p02.jpg,2.0,0.8510004878044128,120.0,660.0,165.0,786.0,0.065625,0.6,success
campus_images_00989.jpg,campus_images_00989_p03.jpg,3.0,0.6948820948600769,561.0,630.0,656.0,896.0,0.13854166666666667,0.6,success
campus_images_00990.jpg,campus_images_00990_p01.jpg,1.0,0.9293538331985474,557.0,3.0,1080.0,1630.0,0.8473958333333333,0.8,success
campus_images_00990.jpg,campus_images_00990_p02.jpg,2.0,0.9005537033081055,330.0,235.0,486.0,623.0,0.20208333333333334,0.6,success
campus_images_00990.jpg,campus_images_00990_p03.jpg,3.0,0.8640077710151672,102.0,244.0,216.0,585.0,0.17760416666666667,0.6,success
campus_images_00990.jpg,campus_images_00990_p04.jpg,4.0,0.7512373924255371,0.0,326.0,79.0,683.0,0.1859375,0.6,success
campus_images_00990.jpg,campus_images_00990_p05.jpg,5.0,0.5401270985603333,543.0,276.0,654.0,555.0,0.1453125,0.6,success
campus_images_00991.jpg,campus_images_00991_p01.jpg,1.0,0.9110413193702698,595.0,121.0,1080.0,1648.0,0.7953125,0.8,success
campus_images_00991.jpg,campus_images_00991_p02.jpg,2.0,0.8886735439300537,330.0,238.0,487.0,624.0,0.20104166666666667,0.6,success
campus_images_00991.jpg,campus_images_00991_p03.jpg,3.0,0.8573753237724304,559.0,285.0,658.0,590.0,0.15885416666666666,0.6,success
campus_images_00991.jpg,campus_images_00991_p04.jpg,4.0,0.812136709690094,97.0,247.0,209.0,586.0,0.1765625,0.6,success
campus_images_00991.jpg,campus_images_00991_p05.jpg,5.0,0.7357627153396606,0.0,182.0,179.0,689.0,0.2640625,0.6,success
campus_images_00991.jpg,campus_images_00991_p06.jpg,6.0,0.47765740752220154,0.0,189.0,175.0,687.0,0.259375,0.6,success
campus_images_00992.jpg,campus_images_00992_p01.jpg,1.0,0.9142078161239624,679.0,231.0,1080.0,1632.0,0.7296875,0.8,success
campus_images_00992.jpg,campus_images_00992_p02.jpg,2.0,0.8166500926017761,569.0,299.0,671.0,594.0,0.15364583333333334,0.6,success
campus_images_00992.jpg,campus_images_00992_p03.jpg,3.0,0.7949669361114502,371.0,234.0,486.0,621.0,0.2015625,0.6,success
campus_images_00992.jpg,campus_images_00992_p04.jpg,4.0,0.792924165725708,87.0,247.0,203.0,587.0,0.17708333333333334,0.6,success
campus_images_00992.jpg,campus_images_00992_p05.jpg,5.0,0.6459980607032776,0.0,182.0,192.0,687.0,0.2630208333333333,0.6,success
campus_images_00992.jpg,campus_images_00992_p06.jpg,6.0,0.33730852603912354,0.0,182.0,108.0,616.0,0.22604166666666667,0.6,success
campus_images_00993.jpg,campus_images_00993_p01.jpg,1.0,0.9011946320533752,804.0,256.0,1080.0,1647.0,0.7244791666666667,0.8,success
campus_images_00993.jpg,campus_images_00993_p02.jpg,2.0,0.8674806952476501,404.0,236.0,529.0,622.0,0.20104166666666667,0.6,success
campus_images_00993.jpg,campus_images_00993_p03.jpg,3.0,0.7764841318130493,578.0,316.0,691.0,611.0,0.15364583333333334,0.6,success
campus_images_00993.jpg,campus_images_00993_p04.jpg,4.0,0.6361325979232788,91.0,243.0,189.0,588.0,0.1796875,0.6,success
campus_images_00993.jpg,campus_images_00993_p05.jpg,5.0,0.5928899049758911,14.0,176.0,183.0,690.0,0.2677083333333333,0.6,success
campus_images_00993.jpg,campus_images_00993_p06.jpg,6.0,0.3758481740951538,12.0,183.0,181.0,690.0,0.2640625,0.6,success
campus_images_00994.jpg,campus_images_00994_p01.jpg,1.0,0.8802985548973083,402.0,237.0,559.0,621.0,0.2,0.6,success
campus_images_00994.jpg,campus_images_00994_p02.jpg,2.0,0.8652803301811218,56.0,178.0,200.0,697.0,0.2703125,0.6,success
campus_images_00994.jpg,campus_images_00994_p03.jpg,3.0,0.8230248093605042,591.0,328.0,695.0,631.0,0.1578125,0.6,success
campus_images_00994.jpg,campus_images_00994_p04.jpg,4.0,0.6890488266944885,857.0,429.0,973.0,744.0,0.1640625,0.6,success
campus_images_00994.jpg,campus_images_00994_p05.jpg,5.0,0.4504433274269104,921.0,351.0,1080.0,1175.0,0.42916666666666664,0.6,success
campus_images_00995.jpg,campus_images_00995_p01.jpg,1.0,0.921240508556366,83.0,184.0,299.0,691.0,0.2640625,0.6,success
campus_images_00995.jpg,campus_images_00995_p02.jpg,2.0,0.8647498488426208,409.0,234.0,551.0,619.0,0.20052083333333334,0.6,success
campus_images_00995.jpg,campus_images_00995_p03.jpg,3.0,0.7973869442939758,594.0,342.0,692.0,623.0,0.14635416666666667,0.6,success
campus_images_00995.jpg,campus_images_00995_p04.jpg,4.0,0.7070903182029724,865.0,440.0,971.0,750.0,0.16145833333333334,0.6,success
campus_images_00996.jpg,campus_images_00996_p01.jpg,1.0,0.9077627062797546,99.0,173.0,304.0,696.0,0.27239583333333334,0.6,success
campus_images_00996.jpg,campus_images_00996_p02.jpg,2.0,0.829826831817627,443.0,235.0,562.0,616.0,0.1984375,0.6,success
campus_images_00996.jpg,campus_images_00996_p03.jpg,3.0,0.8011718988418579,868.0,460.0,984.0,756.0,0.15416666666666667,0.6,success
campus_images_00996.jpg,campus_images_00996_p04.jpg,4.0,0.7666703462600708,602.0,349.0,704.0,630.0,0.14635416666666667,0.6,success
campus_images_00996.jpg,campus_images_00996_p05.jpg,5.0,0.7458070516586304,992.0,444.0,1080.0,823.0,0.19739583333333333,0.6,success
campus_images_00996.jpg,campus_images_00996_p06.jpg,6.0,0.4060008227825165,45.0,245.0,150.0,578.0,0.1734375,0.6,success
campus_images_00997.jpg,campus_images_00997_p01.jpg,1.0,0.8383308053016663,459.0,234.0,577.0,615.0,0.1984375,0.6,success
campus_images_00997.jpg,campus_images_00997_p02.jpg,2.0,0.8083385229110718,983.0,432.0,1080.0,820.0,0.20208333333333334,0.6,success
campus_images_00997.jpg,campus_images_00997_p03.jpg,3.0,0.7954748272895813,176.0,167.0,298.0,698.0,0.2765625,0.6,success
campus_images_00997.jpg,campus_images_00997_p04.jpg,4.0,0.7927291989326477,619.0,364.0,722.0,636.0,0.14166666666666666,0.6,success
campus_images_00997.jpg,campus_images_00997_p05.jpg,5.0,0.7360207438468933,873.0,463.0,1001.0,782.0,0.16614583333333333,0.6,success
campus_images_00997.jpg,campus_images_00997_p06.jpg,6.0,0.7157700657844543,49.0,246.0,151.0,583.0,0.17552083333333332,0.6,success
campus_images_00998.jpg,campus_images_00998_p01.jpg,1.0,0.8081678152084351,973.0,426.0,1080.0,820.0,0.20520833333333333,0.6,success
campus_images_00998.jpg,campus_images_00998_p02.jpg,2.0,0.8065932989120483,470.0,237.0,582.0,614.0,0.19635416666666666,0.6,success
campus_images_00998.jpg,campus_images_00998_p03.jpg,3.0,0.7396119832992554,30.0,244.0,145.0,581.0,0.17552083333333332,0.6,success
campus_images_00998.jpg,campus_images_00998_p04.jpg,4.0,0.723110556602478,626.0,379.0,738.0,643.0,0.1375,0.6,success
campus_images_00998.jpg,campus_images_00998_p05.jpg,5.0,0.6421086192131042,209.0,169.0,388.0,694.0,0.2734375,0.6,success
campus_images_00998.jpg,campus_images_00998_p06.jpg,6.0,0.6153639554977417,876.0,468.0,996.0,778.0,0.16145833333333334,0.6,success
campus_images_00998.jpg,campus_images_00998_p07.jpg,7.0,0.5075001120567322,210.0,169.0,389.0,692.0,0.27239583333333334,0.6,success
campus_images_00999.jpg,campus_images_00999_p01.jpg,1.0,0.9495648741722107,218.0,179.0,435.0,692.0,0.2671875,0.6,success
campus_images_00999.jpg,campus_images_00999_p02.jpg,2.0,0.8724526762962341,949.0,411.0,1078.0,814.0,0.20989583333333334,0.6,success
campus_images_00999.jpg,campus_images_00999_p03.jpg,3.0,0.8120191097259521,472.0,237.0,581.0,614.0,0.19635416666666666,0.6,success
campus_images_00999.jpg,campus_images_00999_p04.jpg,4.0,0.7463080286979675,642.0,383.0,751.0,679.0,0.15416666666666667,0.6,success
campus_images_00999.jpg,campus_images_00999_p05.jpg,5.0,0.605417788028717,25.0,243.0,137.0,585.0,0.178125,0.6,success
campus_images_01000.jpg,campus_images_01000_p01.jpg,1.0,0.8662800192832947,932.0,391.0,1080.0,799.0,0.2125,0.6,success
campus_images_01000.jpg,campus_images_01000_p02.jpg,2.0,0.8091298937797546,648.0,399.0,750.0,665.0,0.13854166666666667,0.6,success
campus_images_01000.jpg,campus_images_01000_p03.jpg,3.0,0.7802181839942932,477.0,237.0,584.0,615.0,0.196875,0.6,success
campus_images_01000.jpg,campus_images_01000_p04.jpg,4.0,0.7623185515403748,17.0,242.0,133.0,585.0,0.17864583333333334,0.6,success
campus_images_01000.jpg,campus_images_01000_p05.jpg,5.0,0.3127168118953705,256.0,172.0,435.0,690.0,0.26979166666666665,0.6,success
campus_images_01001.jpg,campus_images_01001_p01.jpg,1.0,0.8867794275283813,901.0,382.0,1079.0,804.0,0.21979166666666666,0.6,success
campus_images_01001.jpg,campus_images_01001_p02.jpg,2.0,0.8836590647697449,333.0,178.0,455.0,691.0,0.2671875,0.6,success
campus_images_01001.jpg,campus_images_01001_p03.jpg,3.0,0.848682165145874,12.0,244.0,131.0,585.0,0.17760416666666667,0.6,success
campus_images_01001.jpg,campus_images_01001_p04.jpg,4.0,0.7970348000526428,666.0,411.0,772.0,672.0,0.1359375,0.6,success
campus_images_01001.jpg,campus_images_01001_p05.jpg,5.0,0.742997407913208,492.0,237.0,585.0,618.0,0.1984375,0.6,success
campus_images_01002.jpg,campus_images_01002_p01.jpg,1.0,0.8610195517539978,898.0,368.0,1075.0,809.0,0.2296875,0.6,success
campus_images_01002.jpg,campus_images_01002_p02.jpg,2.0,0.7872100472450256,356.0,177.0,547.0,684.0,0.2640625,0.6,success
campus_images_01002.jpg,campus_images_01002_p03.jpg,3.0,0.7685077786445618,688.0,427.0,777.0,698.0,0.14114583333333333,0.6,success
campus_images_01002.jpg,campus_images_01002_p04.jpg,4.0,0.7206447720527649,482.0,238.0,587.0,620.0,0.19895833333333332,0.6,success
campus_images_01002.jpg,campus_images_01002_p05.jpg,5.0,0.6072418093681335,28.0,255.0,127.0,589.0,0.17395833333333333,0.6,success
campus_images_01003.jpg,campus_images_01003_p01.jpg,1.0,0.9169284701347351,355.0,187.0,585.0,685.0,0.259375,0.6,success
campus_images_01003.jpg,campus_images_01003_p02.jpg,2.0,0.850995659828186,4.0,245.0,123.0,589.0,0.17916666666666667,0.6,success
campus_images_01003.jpg,campus_images_01003_p03.jpg,3.0,0.8272346258163452,892.0,343.0,1073.0,810.0,0.24322916666666666,0.6,success
campus_images_01003.jpg,campus_images_01003_p04.jpg,4.0,0.7472624182701111,699.0,442.0,797.0,694.0,0.13125,0.6,success
campus_images_01003.jpg,campus_images_01003_p05.jpg,5.0,0.6654948592185974,500.0,240.0,588.0,606.0,0.190625,0.6,success
campus_images_01004.jpg,campus_images_01004_p01.jpg,1.0,0.8682353496551514,881.0,328.0,1057.0,798.0,0.24479166666666666,0.6,success
campus_images_01004.jpg,campus_images_01004_p02.jpg,2.0,0.8254544138908386,3.0,246.0,120.0,589.0,0.17864583333333334,0.6,success
campus_images_01004.jpg,campus_images_01004_p03.jpg,3.0,0.7994308471679688,709.0,444.0,830.0,734.0,0.15104166666666666,0.6,success
campus_images_01004.jpg,campus_images_01004_p04.jpg,4.0,0.6430695056915283,408.0,189.0,581.0,680.0,0.2557291666666667,0.6,success
campus_images_01004.jpg,campus_images_01004_p05.jpg,5.0,0.3770359754562378,406.0,182.0,581.0,684.0,0.26145833333333335,0.6,success
campus_images_01004.jpg,campus_images_01004_p06.jpg,6.0,0.37691938877105713,992.0,519.0,1080.0,848.0,0.17135416666666667,0.6,success
campus_images_01005.jpg,campus_images_01005_p01.jpg,1.0,0.9026437997817993,862.0,312.0,1032.0,801.0,0.2546875,0.6,success
campus_images_01005.jpg,campus_images_01005_p02.jpg,2.0,0.8642756938934326,475.0,179.0,619.0,684.0,0.2630208333333333,0.6,success
campus_images_01005.jpg,campus_images_01005_p03.jpg,3.0,0.8482962250709534,2.0,247.0,116.0,589.0,0.178125,0.6,success
campus_images_01005.jpg,campus_images_01005_p04.jpg,4.0,0.6489021182060242,717.0,458.0,819.0,718.0,0.13541666666666666,0.6,success
campus_images_01005.jpg,campus_images_01005_p05.jpg,5.0,0.42484143376350403,984.0,579.0,1077.0,843.0,0.1375,0.6,success
campus_images_01006.jpg,campus_images_01006_p01.jpg,1.0,0.9189492464065552,838.0,273.0,1018.0,785.0,0.26666666666666666,0.6,success
campus_images_01006.jpg,campus_images_01006_p02.jpg,2.0,0.8910028338432312,494.0,184.0,681.0,679.0,0.2578125,0.6,success
campus_images_01006.jpg,campus_images_01006_p03.jpg,3.0,0.8284457325935364,1.0,241.0,113.0,589.0,0.18125,0.6,success
campus_images_01006.jpg,campus_images_01006_p04.jpg,4.0,0.8013567924499512,740.0,470.0,839.0,729.0,0.13489583333333333,0.6,success
campus_images_01006.jpg,campus_images_01006_p05.jpg,5.0,0.6994922161102295,1003.0,409.0,1080.0,840.0,0.22447916666666667,0.6,success
campus_images_01007.jpg,campus_images_01007_p01.jpg,1.0,0.8615479469299316,826.0,262.0,1020.0,768.0,0.2635416666666667,0.6,success
campus_images_01007.jpg,campus_images_01007_p02.jpg,2.0,0.791172206401825,3.0,249.0,113.0,587.0,0.17604166666666668,0.6,success
campus_images_01007.jpg,campus_images_01007_p03.jpg,3.0,0.7441815137863159,553.0,187.0,699.0,668.0,0.25052083333333336,0.6,success
campus_images_01007.jpg,campus_images_01007_p04.jpg,4.0,0.5862762928009033,756.0,475.0,849.0,729.0,0.13229166666666667,0.6,success
campus_images_01007.jpg,campus_images_01007_p05.jpg,5.0,0.45848456025123596,993.0,405.0,1079.0,845.0,0.22916666666666666,0.6,success
campus_images_01008.jpg,campus_images_01008_p01.jpg,1.0,0.8288458585739136,587.0,182.0,709.0,660.0,0.24895833333333334,0.6,success
campus_images_01008.jpg,campus_images_01008_p02.jpg,2.0,0.820517897605896,494.0,236.0,604.0,617.0,0.1984375,0.6,success
campus_images_01008.jpg,campus_images_01008_p03.jpg,3.0,0.7986701130867004,2.0,240.0,109.0,587.0,0.18072916666666666,0.6,success
campus_images_01008.jpg,campus_images_01008_p04.jpg,4.0,0.7266558408737183,810.0,255.0,1014.0,794.0,0.28072916666666664,0.6,success
campus_images_01008.jpg,campus_images_01008_p05.jpg,5.0,0.5448633432388306,992.0,383.0,1079.0,783.0,0.20833333333333334,0.6,success
campus_images_01009.jpg,campus_images_01009_p01.jpg,1.0,0.8608492016792297,614.0,186.0,749.0,671.0,0.2526041666666667,0.6,success
campus_images_01009.jpg,campus_images_01009_p02.jpg,2.0,0.8168695569038391,487.0,241.0,596.0,620.0,0.19739583333333333,0.6,success
campus_images_01009.jpg,campus_images_01009_p03.jpg,3.0,0.7437677383422852,802.0,221.0,1008.0,789.0,0.29583333333333334,0.6,success
campus_images_01009.jpg,campus_images_01009_p04.jpg,4.0,0.7021700143814087,992.0,361.0,1080.0,844.0,0.2515625,0.6,success
campus_images_01009.jpg,campus_images_01009_p05.jpg,5.0,0.6850659847259521,2.0,246.0,105.0,589.0,0.17864583333333334,0.6,success
campus_images_01010.jpg,campus_images_01010_p01.jpg,1.0,0.913677453994751,801.0,201.0,1007.0,795.0,0.309375,0.6,success
campus_images_01010.jpg,campus_images_01010_p02.jpg,2.0,0.8906158208847046,608.0,207.0,765.0,684.0,0.2484375,0.6,success
campus_images_01010.jpg,campus_images_01010_p03.jpg,3.0,0.8457632660865784,0.0,200.0,102.0,655.0,0.23697916666666666,0.6,success
campus_images_01010.jpg,campus_images_01010_p04.jpg,4.0,0.7318247556686401,489.0,244.0,591.0,622.0,0.196875,0.6,success
campus_images_01010.jpg,campus_images_01010_p05.jpg,5.0,0.7178664207458496,988.0,348.0,1080.0,822.0,0.246875,0.6,success
campus_images_01011.jpg,campus_images_01011_p01.jpg,1.0,0.9096124768257141,783.0,196.0,999.0,815.0,0.3223958333333333,0.6,success
campus_images_01011.jpg,campus_images_01011_p02.jpg,2.0,0.8427983522415161,661.0,237.0,796.0,692.0,0.23697916666666666,0.6,success
campus_images_01011.jpg,campus_images_01011_p03.jpg,3.0,0.758845329284668,9.0,211.0,210.0,664.0,0.2359375,0.6,success
campus_images_01011.jpg,campus_images_01011_p04.jpg,4.0,0.7460681796073914,494.0,244.0,601.0,625.0,0.1984375,0.6,success
campus_images_01011.jpg,campus_images_01011_p05.jpg,5.0,0.7079799175262451,963.0,347.0,1080.0,869.0,0.271875,0.6,success
campus_images_01012.jpg,campus_images_01012_p01.jpg,1.0,0.8850437998771667,765.0,208.0,984.0,847.0,0.3328125,0.6,success
campus_images_01012.jpg,campus_images_01012_p02.jpg,2.0,0.8403990864753723,25.0,220.0,253.0,666.0,0.23229166666666667,0.6,success
campus_images_01012.jpg,campus_images_01012_p03.jpg,3.0,0.8136458396911621,689.0,231.0,814.0,708.0,0.2484375,0.6,success
campus_images_01012.jpg,campus_images_01012_p04.jpg,4.0,0.7995664477348328,494.0,248.0,604.0,622.0,0.19479166666666667,0.6,success
campus_images_01012.jpg,campus_images_01012_p05.jpg,5.0,0.6530815362930298,959.0,315.0,1080.0,899.0,0.30416666666666664,0.6,success
campus_images_01012.jpg,campus_images_01012_p06.jpg,6.0,0.30219125747680664,901.0,554.0,989.0,803.0,0.1296875,0.6,success
campus_images_01013.jpg,campus_images_01013_p01.jpg,1.0,0.9057557582855225,737.0,201.0,955.0,847.0,0.33645833333333336,0.6,success
campus_images_01013.jpg,campus_images_01013_p02.jpg,2.0,0.8190369009971619,493.0,248.0,605.0,624.0,0.19583333333333333,0.6,success
campus_images_01013.jpg,campus_images_01013_p03.jpg,3.0,0.7994657158851624,6.0,249.0,103.0,592.0,0.17864583333333334,0.6,success
campus_images_01013.jpg,campus_images_01013_p04.jpg,4.0,0.7822397947311401,105.0,211.0,282.0,670.0,0.2390625,0.6,success
campus_images_01014.jpg,campus_images_01014_p01.jpg,1.0,0.924619734287262,711.0,195.0,950.0,859.0,0.3458333333333333,0.6,success
campus_images_01014.jpg,campus_images_01014_p02.jpg,2.0,0.8660554885864258,158.0,218.0,314.0,679.0,0.24010416666666667,0.6,success
campus_images_01014.jpg,campus_images_01014_p03.jpg,3.0,0.7791985273361206,11.0,259.0,102.0,594.0,0.17447916666666666,0.6,success
campus_images_01014.jpg,campus_images_01014_p04.jpg,4.0,0.7775097489356995,491.0,256.0,614.0,625.0,0.1921875,0.6,success
campus_images_01015.jpg,campus_images_01015_p01.jpg,1.0,0.9057244658470154,687.0,202.0,937.0,903.0,0.3651041666666667,0.6,success
campus_images_01015.jpg,campus_images_01015_p02.jpg,2.0,0.9009532332420349,189.0,224.0,404.0,686.0,0.240625,0.6,success
campus_images_01015.jpg,campus_images_01015_p03.jpg,3.0,0.7976547479629517,499.0,277.0,621.0,634.0,0.1859375,0.6,success
campus_images_01015.jpg,campus_images_01015_p04.jpg,4.0,0.7344802618026733,9.0,257.0,104.0,598.0,0.17760416666666667,0.6,success
campus_images_01015.jpg,campus_images_01015_p05.jpg,5.0,0.6991872191429138,965.0,289.0,1080.0,911.0,0.32395833333333335,0.6,success
campus_images_01016.jpg,campus_images_01016_p01.jpg,1.0,0.9108142256736755,687.0,193.0,939.0,929.0,0.38333333333333336,0.6,success
campus_images_01016.jpg,campus_images_01016_p02.jpg,2.0,0.7975084781646729,978.0,285.0,1080.0,908.0,0.32447916666666665,0.6,success
campus_images_01016.jpg,campus_images_01016_p03.jpg,3.0,0.763843834400177,5.0,256.0,106.0,598.0,0.178125,0.6,success
campus_images_01016.jpg,campus_images_01016_p04.jpg,4.0,0.7017088532447815,504.0,296.0,623.0,636.0,0.17708333333333334,0.6,success
campus_images_01016.jpg,campus_images_01016_p05.jpg,5.0,0.5639969706535339,241.0,227.0,417.0,689.0,0.240625,0.6,success
campus_images_01017.jpg,campus_images_01017_p01.jpg,1.0,0.8975421786308289,693.0,177.0,944.0,927.0,0.390625,0.6,success
campus_images_01017.jpg,campus_images_01017_p02.jpg,2.0,0.8622387051582336,311.0,212.0,442.0,691.0,0.24947916666666667,0.6,success
campus_images_01017.jpg,campus_images_01017_p03.jpg,3.0,0.7618538737297058,8.0,258.0,103.0,597.0,0.1765625,0.6,success
campus_images_01017.jpg,campus_images_01017_p04.jpg,4.0,0.7526013255119324,522.0,295.0,632.0,633.0,0.17604166666666668,0.6,success
campus_images_01017.jpg,campus_images_01017_p05.jpg,5.0,0.30148082971572876,929.0,559.0,1003.0,800.0,0.12552083333333333,0.6,success
campus_images_01018.jpg,campus_images_01018_p01.jpg,1.0,0.9091854095458984,679.0,178.0,944.0,984.0,0.4197916666666667,0.6,success
campus_images_01018.jpg,campus_images_01018_p02.jpg,2.0,0.7962532639503479,544.0,294.0,666.0,652.0,0.18645833333333334,0.6,success
campus_images_01018.jpg,campus_images_01018_p03.jpg,3.0,0.7935258150100708,5.0,255.0,102.0,598.0,0.17864583333333334,0.6,success
campus_images_01018.jpg,campus_images_01018_p04.jpg,4.0,0.4122515618801117,341.0,225.0,539.0,690.0,0.2421875,0.6,success
campus_images_01018.jpg,campus_images_01018_p05.jpg,5.0,0.3303978741168976,977.0,341.0,1080.0,865.0,0.27291666666666664,0.6,success
campus_images_01019.jpg,campus_images_01019_p01.jpg,1.0,0.906532347202301,662.0,178.0,940.0,1020.0,0.43854166666666666,0.6,success
campus_images_01019.jpg,campus_images_01019_p02.jpg,2.0,0.8386306762695312,353.0,229.0,580.0,693.0,0.24166666666666667,0.6,success
campus_images_01019.jpg,campus_images_01019_p03.jpg,3.0,0.8024394512176514,3.0,250.0,104.0,597.0,0.18072916666666666,0.6,success
campus_images_01019.jpg,campus_images_01019_p04.jpg,4.0,0.6946515440940857,556.0,314.0,678.0,661.0,0.18072916666666666,0.6,success
campus_images_01019.jpg,campus_images_01019_p05.jpg,5.0,0.49006471037864685,971.0,371.0,1079.0,857.0,0.253125,0.6,success
campus_images_01019.jpg,campus_images_01019_p06.jpg,6.0,0.38212186098098755,939.0,374.0,1078.0,843.0,0.24427083333333333,0.6,success
campus_images_01020.jpg,campus_images_01020_p01.jpg,1.0,0.9136407375335693,638.0,150.0,947.0,1020.0,0.453125,0.6,success
campus_images_01020.jpg,campus_images_01020_p02.jpg,2.0,0.8071226477622986,441.0,220.0,577.0,684.0,0.24166666666666667,0.6,success
campus_images_01020.jpg,campus_images_01020_p03.jpg,3.0,0.7578681707382202,4.0,254.0,109.0,594.0,0.17708333333333334,0.6,success
campus_images_01020.jpg,campus_images_01020_p04.jpg,4.0,0.7540736198425293,577.0,325.0,670.0,663.0,0.17604166666666668,0.6,success
campus_images_01020.jpg,campus_images_01020_p05.jpg,5.0,0.7166324853897095,942.0,388.0,1080.0,857.0,0.24427083333333333,0.6,success
campus_images_01021.jpg,campus_images_01021_p01.jpg,1.0,0.899691641330719,623.0,141.0,951.0,1090.0,0.4942708333333333,0.6,success
campus_images_01021.jpg,campus_images_01021_p02.jpg,2.0,0.8366320133209229,499.0,222.0,623.0,685.0,0.24114583333333334,0.6,success
campus_images_01021.jpg,campus_images_01021_p03.jpg,3.0,0.8224743008613586,1.0,249.0,108.0,595.0,0.18020833333333333,0.6,success
campus_images_01021.jpg,campus_images_01021_p04.jpg,4.0,0.7964587211608887,950.0,328.0,1080.0,859.0,0.2765625,0.6,success
campus_images_01022.jpg,campus_images_01022_p01.jpg,1.0,0.9169045090675354,652.0,139.0,976.0,1139.0,0.5208333333333334,0.6,success
campus_images_01022.jpg,campus_images_01022_p02.jpg,2.0,0.8222843408584595,1.0,246.0,108.0,591.0,0.1796875,0.6,success
campus_images_01022.jpg,campus_images_01022_p03.jpg,3.0,0.8141739368438721,505.0,233.0,669.0,686.0,0.2359375,0.6,success
campus_images_01022.jpg,campus_images_01022_p04.jpg,4.0,0.7341848611831665,952.0,249.0,1080.0,858.0,0.3171875,0.6,success
campus_images_01023.jpg,campus_images_01023_p01.jpg,1.0,0.915915310382843,687.0,115.0,1030.0,1137.0,0.5322916666666667,0.6,success
campus_images_01023.jpg,campus_images_01023_p02.jpg,2.0,0.8471487164497375,1.0,248.0,107.0,591.0,0.17864583333333334,0.6,success
campus_images_01023.jpg,campus_images_01023_p03.jpg,3.0,0.6849744319915771,988.0,227.0,1080.0,828.0,0.31302083333333336,0.6,success
campus_images_01023.jpg,campus_images_01023_p04.jpg,4.0,0.6120193600654602,583.0,224.0,711.0,688.0,0.24166666666666667,0.6,success
campus_images_01024.jpg,campus_images_01024_p01.jpg,1.0,0.9403002858161926,694.0,89.0,1080.0,1206.0,0.5817708333333333,0.8,success
campus_images_01024.jpg,campus_images_01024_p02.jpg,2.0,0.8507288098335266,1.0,248.0,108.0,590.0,0.178125,0.6,success
campus_images_01024.jpg,campus_images_01024_p03.jpg,3.0,0.8022273778915405,597.0,221.0,728.0,687.0,0.24270833333333333,0.6,success
campus_images_01025.jpg,campus_images_01025_p01.jpg,1.0,0.937965989112854,698.0,107.0,1080.0,1337.0,0.640625,0.8,success
campus_images_01025.jpg,campus_images_01025_p02.jpg,2.0,0.8616534471511841,626.0,222.0,759.0,700.0,0.24895833333333334,0.6,success
campus_images_01025.jpg,campus_images_01025_p03.jpg,3.0,0.8261890411376953,0.0,251.0,110.0,592.0,0.17760416666666667,0.6,success
campus_images_01025.jpg,campus_images_01025_p04.jpg,4.0,0.3492542505264282,1008.0,201.0,1080.0,413.0,0.11041666666666666,0.6,success
campus_images_01026.jpg,campus_images_01026_p01.jpg,1.0,0.9297497868537903,711.0,85.0,1080.0,1358.0,0.6630208333333333,0.8,success
campus_images_01026.jpg,campus_images_01026_p02.jpg,2.0,0.8408927321434021,645.0,258.0,773.0,702.0,0.23125,0.6,success
campus_images_01026.jpg,campus_images_01026_p03.jpg,3.0,0.8114234209060669,0.0,248.0,117.0,596.0,0.18125,0.6,success
campus_images_01026.jpg,campus_images_01026_p04.jpg,4.0,0.41603267192840576,598.0,392.0,638.0,512.0,0.0625,0.6,success
campus_images_01027.jpg,campus_images_01027_p01.jpg,1.0,0.9197990894317627,726.0,30.0,1080.0,1368.0,0.696875,0.8,success
campus_images_01027.jpg,campus_images_01027_p02.jpg,2.0,0.805535078048706,2.0,251.0,113.0,597.0,0.18020833333333333,0.6,success
campus_images_01027.jpg,campus_images_01027_p03.jpg,3.0,0.6480656266212463,666.0,269.0,796.0,695.0,0.221875,0.6,success
campus_images_01027.jpg,campus_images_01027_p04.jpg,4.0,0.5741502046585083,597.0,404.0,634.0,519.0,0.059895833333333336,0.6,success
campus_images_01028.jpg,campus_images_01028_p01.jpg,1.0,0.9037531018257141,735.0,52.0,1080.0,1554.0,0.7822916666666667,0.8,success
campus_images_01028.jpg,campus_images_01028_p02.jpg,2.0,0.8233920335769653,1.0,253.0,111.0,596.0,0.17864583333333334,0.6,success
campus_images_01028.jpg,campus_images_01028_p03.jpg,3.0,0.518860936164856,710.0,273.0,841.0,737.0,0.24166666666666667,0.6,success
campus_images_01028.jpg,campus_images_01028_p04.jpg,4.0,0.4601092040538788,335.0,376.0,375.0,489.0,0.058854166666666666,0.6,success
campus_images_01029.jpg,campus_images_01029_p01.jpg,1.0,0.7781603932380676,1.0,255.0,113.0,602.0,0.18072916666666666,0.6,success
campus_images_01029.jpg,campus_images_01029_p02.jpg,2.0,0.7640297412872314,812.0,126.0,1080.0,1671.0,0.8046875,0.8,success
campus_images_01029.jpg,campus_images_01029_p03.jpg,3.0,0.6553616523742676,723.0,288.0,857.0,738.0,0.234375,0.6,success
campus_images_01029.jpg,campus_images_01029_p04.jpg,4.0,0.4299106001853943,914.0,130.0,1080.0,421.0,0.1515625,0.6,success
campus_images_01030.jpg,campus_images_01030_p01.jpg,1.0,0.8231827616691589,1.0,254.0,107.0,599.0,0.1796875,0.6,success
campus_images_01030.jpg,campus_images_01030_p02.jpg,2.0,0.6680583357810974,860.0,320.0,1080.0,1644.0,0.6895833333333333,0.8,success
campus_images_01030.jpg,campus_images_01030_p03.jpg,3.0,0.6107432246208191,746.0,345.0,866.0,752.0,0.21197916666666666,0.6,success
campus_images_01030.jpg,campus_images_01030_p04.jpg,4.0,0.5805334448814392,588.0,404.0,629.0,525.0,0.06302083333333333,0.6,success
campus_images_01030.jpg,campus_images_01030_p05.jpg,5.0,0.49802276492118835,873.0,118.0,1080.0,596.0,0.24895833333333334,0.6,success
campus_images_01030.jpg,campus_images_01030_p06.jpg,6.0,0.48803436756134033,860.0,121.0,1080.0,1616.0,0.7786458333333334,0.8,success
campus_images_01030.jpg,campus_images_01030_p07.jpg,7.0,0.4401005208492279,689.0,422.0,771.0,705.0,0.14739583333333334,0.6,success
campus_images_01030.jpg,campus_images_01030_p08.jpg,8.0,0.433430552482605,346.0,392.0,381.0,490.0,0.051041666666666666,0.6,success
campus_images_01031.jpg,campus_images_01031_p01.jpg,1.0,0.8461291193962097,1.0,255.0,108.0,599.0,0.17916666666666667,0.6,success
campus_images_01031.jpg,campus_images_01031_p02.jpg,2.0,0.7147703766822815,771.0,324.0,909.0,759.0,0.2265625,0.6,success
campus_images_01031.jpg,campus_images_01031_p03.jpg,3.0,0.6876072883605957,666.0,409.0,794.0,728.0,0.16614583333333333,0.6,success
campus_images_01031.jpg,campus_images_01031_p04.jpg,4.0,0.6262128353118896,674.0,408.0,797.0,731.0,0.16822916666666668,0.6,success
campus_images_01031.jpg,campus_images_01031_p05.jpg,5.0,0.4115831255912781,866.0,127.0,1080.0,1684.0,0.8109375,0.8,success
campus_images_01032.jpg,campus_images_01032_p01.jpg,1.0,0.8116442561149597,651.0,389.0,772.0,716.0,0.1703125,0.6,success
campus_images_01032.jpg,campus_images_01032_p02.jpg,2.0,0.808022677898407,0.0,255.0,109.0,600.0,0.1796875,0.6,success
campus_images_01032.jpg,campus_images_01032_p03.jpg,3.0,0.7498477101325989,905.0,273.0,1080.0,1001.0,0.37916666666666665,0.6,success
campus_images_01032.jpg,campus_images_01032_p04.jpg,4.0,0.7233419418334961,797.0,325.0,936.0,766.0,0.2296875,0.6,success
campus_images_01032.jpg,campus_images_01032_p05.jpg,5.0,0.5681715607643127,746.0,423.0,823.0,730.0,0.15989583333333332,0.6,success
campus_images_01032.jpg,campus_images_01032_p06.jpg,6.0,0.5622396469116211,585.0,402.0,625.0,524.0,0.06354166666666666,0.6,success
campus_images_01033.jpg,campus_images_01033_p01.jpg,1.0,0.879796028137207,610.0,375.0,763.0,699.0,0.16875,0.6,success
campus_images_01033.jpg,campus_images_01033_p02.jpg,2.0,0.834011435508728,935.0,266.0,1080.0,1076.0,0.421875,0.6,success
campus_images_01033.jpg,campus_images_01033_p03.jpg,3.0,0.8230238556861877,1.0,255.0,110.0,600.0,0.1796875,0.6,success
campus_images_01033.jpg,campus_images_01033_p04.jpg,4.0,0.780057430267334,814.0,358.0,959.0,782.0,0.22083333333333333,0.6,success
campus_images_01033.jpg,campus_images_01033_p05.jpg,5.0,0.7096911668777466,741.0,440.0,840.0,739.0,0.15572916666666667,0.6,success
campus_images_01033.jpg,campus_images_01033_p06.jpg,6.0,0.6041660904884338,580.0,400.0,623.0,527.0,0.06614583333333333,0.6,success
campus_images_01034.jpg,campus_images_01034_p01.jpg,1.0,0.8320967555046082,582.0,372.0,740.0,700.0,0.17083333333333334,0.6,success
campus_images_01034.jpg,campus_images_01034_p02.jpg,2.0,0.8226528167724609,1.0,255.0,110.0,601.0,0.18020833333333333,0.6,success
campus_images_01034.jpg,campus_images_01034_p03.jpg,3.0,0.7663090229034424,763.0,437.0,860.0,736.0,0.15572916666666667,0.6,success
campus_images_01034.jpg,campus_images_01034_p04.jpg,4.0,0.6336491703987122,860.0,408.0,988.0,789.0,0.1984375,0.6,success
campus_images_01035.jpg,campus_images_01035_p01.jpg,1.0,0.842149555683136,594.0,350.0,713.0,692.0,0.178125,0.6,success
campus_images_01035.jpg,campus_images_01035_p02.jpg,2.0,0.8323154449462891,0.0,256.0,109.0,601.0,0.1796875,0.6,success
campus_images_01035.jpg,campus_images_01035_p03.jpg,3.0,0.6912634968757629,766.0,439.0,870.0,761.0,0.16770833333333332,0.6,success
campus_images_01035.jpg,campus_images_01035_p04.jpg,4.0,0.4719967842102051,879.0,451.0,995.0,818.0,0.19114583333333332,0.6,success
campus_images_01036.jpg,campus_images_01036_p01.jpg,1.0,0.841640293598175,0.0,257.0,106.0,604.0,0.18072916666666666,0.6,success
campus_images_01036.jpg,campus_images_01036_p02.jpg,2.0,0.7898871898651123,570.0,341.0,688.0,683.0,0.178125,0.6,success
campus_images_01036.jpg,campus_images_01036_p03.jpg,3.0,0.6479588150978088,784.0,466.0,882.0,767.0,0.15677083333333333,0.6,success
campus_images_01036.jpg,campus_images_01036_p04.jpg,4.0,0.4840454161167145,918.0,455.0,1021.0,829.0,0.19479166666666667,0.6,success
campus_images_01037.jpg,campus_images_01037_p01.jpg,1.0,0.8447362780570984,510.0,341.0,678.0,681.0,0.17708333333333334,0.6,success
campus_images_01037.jpg,campus_images_01037_p02.jpg,2.0,0.7584298849105835,921.0,484.0,1068.0,835.0,0.1828125,0.6,success
campus_images_01037.jpg,campus_images_01037_p03.jpg,3.0,0.7470086812973022,3.0,261.0,105.0,608.0,0.18072916666666666,0.6,success
campus_images_01037.jpg,campus_images_01037_p04.jpg,4.0,0.6384432911872864,771.0,478.0,890.0,771.0,0.15260416666666668,0.6,success
campus_images_01037.jpg,campus_images_01037_p05.jpg,5.0,0.49386081099510193,1022.0,650.0,1080.0,1244.0,0.309375,0.6,success
campus_images_01038.jpg,campus_images_01038_p01.jpg,1.0,0.7709071636199951,2.0,265.0,101.0,608.0,0.17864583333333334,0.6,success
campus_images_01038.jpg,campus_images_01038_p02.jpg,2.0,0.7402053475379944,514.0,330.0,669.0,678.0,0.18125,0.6,success
campus_images_01038.jpg,campus_images_01038_p03.jpg,3.0,0.6149700284004211,935.0,475.0,1078.0,867.0,0.20416666666666666,0.6,success
campus_images_01038.jpg,campus_images_01038_p04.jpg,4.0,0.4909558892250061,797.0,480.0,904.0,773.0,0.15260416666666668,0.6,success
campus_images_01038.jpg,campus_images_01038_p05.jpg,5.0,0.3393128216266632,929.0,461.0,978.0,587.0,0.065625,0.6,success
campus_images_01039.jpg,campus_images_01039_p01.jpg,1.0,0.8359560966491699,472.0,304.0,614.0,673.0,0.1921875,0.6,success
campus_images_01039.jpg,campus_images_01039_p02.jpg,2.0,0.772424042224884,3.0,276.0,102.0,610.0,0.17395833333333333,0.6,success
campus_images_01039.jpg,campus_images_01039_p03.jpg,3.0,0.574993371963501,959.0,497.0,1079.0,858.0,0.18802083333333333,0.6,success
campus_images_01039.jpg,campus_images_01039_p04.jpg,4.0,0.4986150562763214,575.0,413.0,618.0,548.0,0.0703125,0.6,success
campus_images_01039.jpg,campus_images_01039_p05.jpg,5.0,0.3561888039112091,798.0,517.0,905.0,771.0,0.13229166666666667,0.6,success
campus_images_01040.jpg,campus_images_01040_p01.jpg,1.0,0.8501104116439819,422.0,302.0,570.0,674.0,0.19375,0.6,success
campus_images_01040.jpg,campus_images_01040_p02.jpg,2.0,0.8170760869979858,1003.0,528.0,1080.0,885.0,0.1859375,0.6,success
campus_images_01040.jpg,campus_images_01040_p03.jpg,3.0,0.7456640005111694,4.0,279.0,99.0,613.0,0.17395833333333333,0.6,success
campus_images_01040.jpg,campus_images_01040_p04.jpg,4.0,0.6516153216362,569.0,427.0,617.0,553.0,0.065625,0.6,success
campus_images_01040.jpg,campus_images_01040_p05.jpg,5.0,0.41761544346809387,375.0,422.0,408.0,503.0,0.0421875,0.6,success
campus_images_01041.jpg,campus_images_01041_p01.jpg,1.0,0.8736870288848877,380.0,315.0,560.0,683.0,0.19166666666666668,0.6,success
campus_images_01041.jpg,campus_images_01041_p02.jpg,2.0,0.7207120060920715,2.0,276.0,100.0,613.0,0.17552083333333332,0.6,success
campus_images_01041.jpg,campus_images_01041_p03.jpg,3.0,0.5252820253372192,568.0,426.0,612.0,554.0,0.06666666666666667,0.6,success
campus_images_01041.jpg,campus_images_01041_p04.jpg,4.0,0.4801406264305115,999.0,630.0,1064.0,868.0,0.12395833333333334,0.6,success
campus_images_01041.jpg,campus_images_01041_p05.jpg,5.0,0.30513855814933777,963.0,499.0,1040.0,716.0,0.11302083333333333,0.6,success
campus_images_01042.jpg,campus_images_01042_p01.jpg,1.0,0.8466010093688965,346.0,309.0,511.0,685.0,0.19583333333333333,0.6,success
campus_images_01042.jpg,campus_images_01042_p02.jpg,2.0,0.7363110184669495,991.0,625.0,1077.0,868.0,0.1265625,0.6,success
campus_images_01042.jpg,campus_images_01042_p03.jpg,3.0,0.6263710856437683,567.0,428.0,613.0,555.0,0.06614583333333333,0.6,success
campus_images_01042.jpg,campus_images_01042_p04.jpg,4.0,0.6138952374458313,4.0,277.0,100.0,613.0,0.175,0.6,success
campus_images_01043.jpg,campus_images_01043_p01.jpg,1.0,0.8683897852897644,309.0,304.0,433.0,685.0,0.1984375,0.6,success
campus_images_01043.jpg,campus_images_01043_p02.jpg,2.0,0.7957733869552612,964.0,619.0,1073.0,860.0,0.12552083333333333,0.6,success
campus_images_01043.jpg,campus_images_01043_p03.jpg,3.0,0.7160902619361877,3.0,273.0,99.0,613.0,0.17708333333333334,0.6,success
campus_images_01043.jpg,campus_images_01043_p04.jpg,4.0,0.6597195267677307,570.0,434.0,618.0,561.0,0.06614583333333333,0.6,success
campus_images_01043.jpg,campus_images_01043_p05.jpg,5.0,0.47893041372299194,908.0,470.0,958.0,605.0,0.0703125,0.6,success
campus_images_01043.jpg,campus_images_01043_p06.jpg,6.0,0.34416624903678894,791.0,508.0,907.0,777.0,0.14010416666666667,0.6,success
campus_images_01044.jpg,campus_images_01044_p01.jpg,1.0,0.8591436147689819,258.0,296.0,429.0,681.0,0.20052083333333334,0.6,success
campus_images_01044.jpg,campus_images_01044_p02.jpg,2.0,0.7753986120223999,573.0,432.0,621.0,559.0,0.06614583333333333,0.6,success
campus_images_01044.jpg,campus_images_01044_p03.jpg,3.0,0.6593419909477234,4.0,278.0,99.0,610.0,0.17291666666666666,0.6,success
campus_images_01044.jpg,campus_images_01044_p04.jpg,4.0,0.5627179145812988,953.0,599.0,1060.0,862.0,0.13697916666666668,0.6,success
campus_images_01044.jpg,campus_images_01044_p05.jpg,5.0,0.47129860520362854,796.0,495.0,904.0,775.0,0.14583333333333334,0.6,success
campus_images_01044.jpg,campus_images_01044_p06.jpg,6.0,0.46790215373039246,905.0,462.0,954.0,600.0,0.071875,0.6,success
campus_images_01044.jpg,campus_images_01044_p07.jpg,7.0,0.31437864899635315,952.0,601.0,1060.0,860.0,0.13489583333333333,0.6,success
campus_images_01045.jpg,campus_images_01045_p01.jpg,1.0,0.7636829614639282,207.0,294.0,318.0,679.0,0.20052083333333334,0.6,success
campus_images_01045.jpg,campus_images_01045_p02.jpg,2.0,0.7513115406036377,929.0,583.0,1053.0,858.0,0.14322916666666666,0.6,success
campus_images_01045.jpg,campus_images_01045_p03.jpg,3.0,0.714963972568512,1.0,277.0,97.0,610.0,0.1734375,0.6,success
campus_images_01045.jpg,campus_images_01045_p04.jpg,4.0,0.6913579702377319,799.0,492.0,909.0,774.0,0.146875,0.6,success
campus_images_01045.jpg,campus_images_01045_p05.jpg,5.0,0.6419567465782166,575.0,433.0,623.0,559.0,0.065625,0.6,success
campus_images_01045.jpg,campus_images_01045_p06.jpg,6.0,0.5435971021652222,901.0,470.0,951.0,621.0,0.07864583333333333,0.6,success
campus_images_01046.jpg,campus_images_01046_p01.jpg,1.0,0.8178887367248535,123.0,297.0,318.0,680.0,0.19947916666666668,0.6,success
campus_images_01046.jpg,campus_images_01046_p02.jpg,2.0,0.6750622987747192,944.0,582.0,1045.0,846.0,0.1375,0.6,success
campus_images_01046.jpg,campus_images_01046_p03.jpg,3.0,0.6471713185310364,579.0,428.0,625.0,561.0,0.06927083333333334,0.6,success
campus_images_01046.jpg,campus_images_01046_p04.jpg,4.0,0.6382849812507629,3.0,274.0,100.0,606.0,0.17291666666666666,0.6,success
campus_images_01046.jpg,campus_images_01046_p05.jpg,5.0,0.5416498780250549,797.0,493.0,914.0,771.0,0.14479166666666668,0.6,success
campus_images_01046.jpg,campus_images_01046_p06.jpg,6.0,0.42796584963798523,897.0,457.0,953.0,614.0,0.08177083333333333,0.6,success
campus_images_01047.jpg,campus_images_01047_p01.jpg,1.0,0.7391641736030579,579.0,432.0,627.0,560.0,0.06666666666666667,0.6,success
campus_images_01047.jpg,campus_images_01047_p02.jpg,2.0,0.6793826818466187,924.0,578.0,1034.0,841.0,0.13697916666666668,0.6,success
campus_images_01047.jpg,campus_images_01047_p03.jpg,3.0,0.4979248046875,1.0,267.0,104.0,600.0,0.1734375,0.6,success
campus_images_01047.jpg,campus_images_01047_p04.jpg,4.0,0.47303009033203125,109.0,290.0,267.0,681.0,0.20364583333333333,0.6,success
campus_images_01047.jpg,campus_images_01047_p05.jpg,5.0,0.37265434861183167,104.0,294.0,198.0,674.0,0.19791666666666666,0.6,success
campus_images_01047.jpg,campus_images_01047_p06.jpg,6.0,0.3235262930393219,1029.0,579.0,1079.0,803.0,0.11666666666666667,0.6,success
campus_images_01047.jpg,campus_images_01047_p07.jpg,7.0,0.32341569662094116,793.0,469.0,908.0,766.0,0.1546875,0.6,success
campus_images_01048.jpg,campus_images_01048_p01.jpg,1.0,0.8240950703620911,918.0,559.0,1031.0,836.0,0.14427083333333332,0.6,success
campus_images_01048.jpg,campus_images_01048_p02.jpg,2.0,0.6706068515777588,581.0,434.0,627.0,562.0,0.06666666666666667,0.6,success
campus_images_01048.jpg,campus_images_01048_p03.jpg,3.0,0.6573511362075806,56.0,308.0,179.0,681.0,0.19427083333333334,0.6,success
campus_images_01048.jpg,campus_images_01048_p04.jpg,4.0,0.41075778007507324,795.0,477.0,897.0,775.0,0.15520833333333334,0.6,success
campus_images_01048.jpg,campus_images_01048_p05.jpg,5.0,0.3973771631717682,1030.0,569.0,1080.0,888.0,0.16614583333333333,0.6,success
campus_images_01049.jpg,campus_images_01049_p01.jpg,1.0,0.8064815402030945,900.0,549.0,1018.0,835.0,0.14895833333333333,0.6,success
campus_images_01049.jpg,campus_images_01049_p02.jpg,2.0,0.7827701568603516,0.0,276.0,172.0,681.0,0.2109375,0.6,success
campus_images_01049.jpg,campus_images_01049_p03.jpg,3.0,0.6525678038597107,793.0,504.0,895.0,778.0,0.14270833333333333,0.6,success
campus_images_01049.jpg,campus_images_01049_p04.jpg,4.0,0.5434302687644958,581.0,432.0,630.0,570.0,0.071875,0.6,success
campus_images_01049.jpg,campus_images_01049_p05.jpg,5.0,0.49782297015190125,1028.0,578.0,1080.0,888.0,0.16145833333333334,0.6,success
campus_images_01049.jpg,campus_images_01049_p06.jpg,6.0,0.3161996304988861,874.0,524.0,944.0,655.0,0.06822916666666666,0.6,success
campus_images_01050.jpg,campus_images_01050_p01.jpg,1.0,0.8276345729827881,877.0,535.0,1007.0,839.0,0.15833333333333333,0.6,success
campus_images_01050.jpg,campus_images_01050_p02.jpg,2.0,0.6758688688278198,0.0,269.0,90.0,673.0,0.21041666666666667,0.6,success
campus_images_01050.jpg,campus_images_01050_p03.jpg,3.0,0.5953834652900696,806.0,499.0,909.0,776.0,0.14427083333333332,0.6,success
campus_images_01050.jpg,campus_images_01050_p04.jpg,4.0,0.5926700234413147,586.0,441.0,634.0,572.0,0.06822916666666666,0.6,success
campus_images_01050.jpg,campus_images_01050_p05.jpg,5.0,0.5194030404090881,1019.0,559.0,1080.0,888.0,0.17135416666666667,0.6,success
campus_images_01051.jpg,campus_images_01051_p01.jpg,1.0,0.8325915336608887,880.0,530.0,1000.0,834.0,0.15833333333333333,0.6,success
campus_images_01051.jpg,campus_images_01051_p02.jpg,2.0,0.7370923757553101,1007.0,541.0,1080.0,893.0,0.18333333333333332,0.6,success
campus_images_01051.jpg,campus_images_01051_p03.jpg,3.0,0.6275482773780823,802.0,501.0,905.0,780.0,0.1453125,0.6,success
campus_images_01051.jpg,campus_images_01051_p04.jpg,4.0,0.5682036280632019,589.0,434.0,638.0,571.0,0.07135416666666666,0.6,success
campus_images_01051.jpg,campus_images_01051_p05.jpg,5.0,0.5371044278144836,3.0,277.0,94.0,611.0,0.17395833333333333,0.6,success
campus_images_01052.jpg,campus_images_01052_p01.jpg,1.0,0.8231815695762634,877.0,516.0,992.0,826.0,0.16145833333333334,0.6,success
campus_images_01052.jpg,campus_images_01052_p02.jpg,2.0,0.7382975816726685,999.0,540.0,1080.0,890.0,0.18229166666666666,0.6,success
campus_images_01052.jpg,campus_images_01052_p03.jpg,3.0,0.6025810837745667,2.0,278.0,94.0,612.0,0.17395833333333333,0.6,success
campus_images_01052.jpg,campus_images_01052_p04.jpg,4.0,0.38042765855789185,585.0,437.0,643.0,580.0,0.07447916666666667,0.6,success
campus_images_01052.jpg,campus_images_01052_p05.jpg,5.0,0.31551453471183777,150.0,417.0,195.0,507.0,0.046875,0.6,success
campus_images_01053.jpg,campus_images_01053_p01.jpg,1.0,0.8325147032737732,873.0,517.0,990.0,819.0,0.15729166666666666,0.6,success
campus_images_01053.jpg,campus_images_01053_p02.jpg,2.0,0.8098012208938599,985.0,536.0,1080.0,887.0,0.1828125,0.6,success
campus_images_01053.jpg,campus_images_01053_p03.jpg,3.0,0.6219697594642639,2.0,277.0,91.0,614.0,0.17552083333333332,0.6,success
campus_images_01053.jpg,campus_images_01053_p04.jpg,4.0,0.5937500596046448,594.0,445.0,643.0,586.0,0.0734375,0.6,success
campus_images_01054.jpg,campus_images_01054_p01.jpg,1.0,0.8477783203125,985.0,520.0,1080.0,891.0,0.19322916666666667,0.6,success
campus_images_01054.jpg,campus_images_01054_p02.jpg,2.0,0.8215935230255127,871.0,497.0,989.0,823.0,0.16979166666666667,0.6,success
campus_images_01054.jpg,campus_images_01054_p03.jpg,3.0,0.605592668056488,592.0,446.0,639.0,586.0,0.07291666666666667,0.6,success
campus_images_01054.jpg,campus_images_01054_p04.jpg,4.0,0.49820876121520996,1.0,282.0,92.0,615.0,0.1734375,0.6,success
campus_images_01055.jpg,campus_images_01055_p01.jpg,1.0,0.7879364490509033,850.0,484.0,984.0,817.0,0.1734375,0.6,success
campus_images_01055.jpg,campus_images_01055_p02.jpg,2.0,0.7863531708717346,971.0,506.0,1079.0,866.0,0.1875,0.6,success
campus_images_01055.jpg,campus_images_01055_p03.jpg,3.0,0.6933332681655884,1.0,283.0,90.0,617.0,0.17395833333333333,0.6,success
campus_images_01055.jpg,campus_images_01055_p04.jpg,4.0,0.6200401186943054,592.0,447.0,639.0,586.0,0.07239583333333334,0.6,success
campus_images_01055.jpg,campus_images_01055_p05.jpg,5.0,0.47631654143333435,805.0,481.0,894.0,793.0,0.1625,0.6,success
campus_images_01056.jpg,campus_images_01056_p01.jpg,1.0,0.8271791934967041,963.0,498.0,1079.0,889.0,0.20364583333333333,0.6,success
campus_images_01056.jpg,campus_images_01056_p02.jpg,2.0,0.668075442314148,834.0,482.0,973.0,828.0,0.18020833333333333,0.6,success
campus_images_01056.jpg,campus_images_01056_p03.jpg,3.0,0.6647539138793945,1.0,279.0,90.0,618.0,0.1765625,0.6,success
campus_images_01056.jpg,campus_images_01056_p04.jpg,4.0,0.5941044688224792,594.0,455.0,644.0,591.0,0.07083333333333333,0.6,success
campus_images_01057.jpg,campus_images_01057_p01.jpg,1.0,0.8775193095207214,942.0,484.0,1078.0,876.0,0.20416666666666666,0.6,success
campus_images_01057.jpg,campus_images_01057_p02.jpg,2.0,0.7180147171020508,597.0,454.0,645.0,591.0,0.07135416666666666,0.6,success
campus_images_01057.jpg,campus_images_01057_p03.jpg,3.0,0.6580592393875122,1.0,283.0,90.0,619.0,0.175,0.6,success
campus_images_01057.jpg,campus_images_01057_p04.jpg,4.0,0.6215956807136536,825.0,472.0,958.0,826.0,0.184375,0.6,success
campus_images_01057.jpg,campus_images_01057_p05.jpg,5.0,0.34948405623435974,794.0,475.0,959.0,827.0,0.18333333333333332,0.6,success
campus_images_01058.jpg,campus_images_01058_p01.jpg,1.0,0.8629733920097351,789.0,452.0,945.0,818.0,0.190625,0.6,success
campus_images_01058.jpg,campus_images_01058_p02.jpg,2.0,0.8524171113967896,935.0,474.0,1068.0,862.0,0.20208333333333334,0.6,success
campus_images_01058.jpg,campus_images_01058_p03.jpg,3.0,0.6591075658798218,2.0,295.0,91.0,619.0,0.16875,0.6,success
campus_images_01058.jpg,campus_images_01058_p04.jpg,4.0,0.6067403554916382,597.0,452.0,649.0,595.0,0.07447916666666667,0.6,success
campus_images_01059.jpg,campus_images_01059_p01.jpg,1.0,0.8302013874053955,795.0,451.0,926.0,808.0,0.1859375,0.6,success
campus_images_01059.jpg,campus_images_01059_p02.jpg,2.0,0.7889045476913452,931.0,472.0,1070.0,855.0,0.19947916666666668,0.6,success
campus_images_01059.jpg,campus_images_01059_p03.jpg,3.0,0.7215263247489929,602.0,464.0,653.0,596.0,0.06875,0.6,success
campus_images_01059.jpg,campus_images_01059_p04.jpg,4.0,0.6611554622650146,1.0,293.0,90.0,623.0,0.171875,0.6,success
campus_images_01060.jpg,campus_images_01060_p01.jpg,1.0,0.7977330088615417,782.0,449.0,917.0,807.0,0.18645833333333334,0.6,success
campus_images_01060.jpg,campus_images_01060_p02.jpg,2.0,0.7813623547554016,920.0,472.0,1068.0,866.0,0.20520833333333333,0.6,success
campus_images_01060.jpg,campus_images_01060_p03.jpg,3.0,0.6989815831184387,1.0,295.0,87.0,625.0,0.171875,0.6,success
campus_images_01060.jpg,campus_images_01060_p04.jpg,4.0,0.6237084269523621,603.0,468.0,654.0,599.0,0.06822916666666666,0.6,success
campus_images_01061.jpg,campus_images_01061_p01.jpg,1.0,0.872020423412323,918.0,453.0,1079.0,861.0,0.2125,0.6,success
campus_images_01061.jpg,campus_images_01061_p02.jpg,2.0,0.7646598219871521,1.0,296.0,86.0,628.0,0.17291666666666666,0.6,success
campus_images_01061.jpg,campus_images_01061_p03.jpg,3.0,0.7642711997032166,798.0,427.0,915.0,807.0,0.19791666666666666,0.6,success
campus_images_01061.jpg,campus_images_01061_p04.jpg,4.0,0.6437471508979797,604.0,469.0,654.0,601.0,0.06875,0.6,success
campus_images_01062.jpg,campus_images_01062_p01.jpg,1.0,0.8843024373054504,902.0,441.0,1052.0,863.0,0.21979166666666666,0.6,success
campus_images_01062.jpg,campus_images_01062_p02.jpg,2.0,0.8649590611457825,766.0,426.0,903.0,805.0,0.19739583333333333,0.6,success
campus_images_01062.jpg,campus_images_01062_p03.jpg,3.0,0.5344542264938354,1.0,301.0,84.0,633.0,0.17291666666666666,0.6,success
campus_images_01062.jpg,campus_images_01062_p04.jpg,4.0,0.429618775844574,605.0,467.0,657.0,603.0,0.07083333333333333,0.6,success
campus_images_01063.jpg,campus_images_01063_p01.jpg,1.0,0.8407100439071655,878.0,414.0,1030.0,870.0,0.2375,0.6,success
campus_images_01063.jpg,campus_images_01063_p02.jpg,2.0,0.8115701079368591,748.0,430.0,894.0,811.0,0.1984375,0.6,success
campus_images_01063.jpg,campus_images_01063_p03.jpg,3.0,0.6693986058235168,1.0,303.0,84.0,636.0,0.1734375,0.6,success
campus_images_01063.jpg,campus_images_01063_p04.jpg,4.0,0.44174158573150635,609.0,476.0,661.0,607.0,0.06822916666666666,0.6,success
campus_images_01064.jpg,campus_images_01064_p01.jpg,1.0,0.8707995414733887,878.0,398.0,1018.0,882.0,0.2520833333333333,0.6,success
campus_images_01064.jpg,campus_images_01064_p02.jpg,2.0,0.8464945554733276,736.0,411.0,875.0,817.0,0.21145833333333333,0.6,success
campus_images_01064.jpg,campus_images_01064_p03.jpg,3.0,0.640770673751831,1.0,311.0,82.0,643.0,0.17291666666666666,0.6,success
campus_images_01064.jpg,campus_images_01064_p04.jpg,4.0,0.486185759305954,1017.0,549.0,1078.0,761.0,0.11041666666666666,0.6,success
campus_images_01064.jpg,campus_images_01064_p05.jpg,5.0,0.37184038758277893,614.0,466.0,667.0,617.0,0.07864583333333333,0.6,success
campus_images_01065.jpg,campus_images_01065_p01.jpg,1.0,0.8627253174781799,852.0,393.0,1016.0,856.0,0.24114583333333334,0.6,success
campus_images_01065.jpg,campus_images_01065_p02.jpg,2.0,0.8617075085639954,720.0,390.0,865.0,797.0,0.21197916666666666,0.6,success
campus_images_01065.jpg,campus_images_01065_p03.jpg,3.0,0.6860761642456055,1.0,318.0,83.0,649.0,0.17239583333333333,0.6,success
campus_images_01065.jpg,campus_images_01065_p04.jpg,4.0,0.4644666016101837,644.0,487.0,762.0,783.0,0.15416666666666667,0.6,success
campus_images_01066.jpg,campus_images_01066_p01.jpg,1.0,0.8859929442405701,703.0,390.0,848.0,805.0,0.21614583333333334,0.6,success
campus_images_01066.jpg,campus_images_01066_p02.jpg,2.0,0.7660467624664307,843.0,401.0,1041.0,857.0,0.2375,0.6,success
campus_images_01066.jpg,campus_images_01066_p03.jpg,3.0,0.7270309329032898,1.0,324.0,81.0,653.0,0.17135416666666667,0.6,success
campus_images_01066.jpg,campus_images_01066_p04.jpg,4.0,0.5791621804237366,628.0,464.0,743.0,767.0,0.1578125,0.6,success
campus_images_01067.jpg,campus_images_01067_p01.jpg,1.0,0.8678416609764099,689.0,387.0,839.0,816.0,0.2234375,0.6,success
campus_images_01067.jpg,campus_images_01067_p02.jpg,2.0,0.7344998121261597,837.0,398.0,1040.0,860.0,0.240625,0.6,success
campus_images_01067.jpg,campus_images_01067_p03.jpg,3.0,0.5897105932235718,1.0,326.0,80.0,657.0,0.17239583333333333,0.6,success
campus_images_01067.jpg,campus_images_01067_p04.jpg,4.0,0.4959865212440491,604.0,472.0,711.0,755.0,0.14739583333333334,0.6,success
campus_images_01068.jpg,campus_images_01068_p01.jpg,1.0,0.878449559211731,677.0,359.0,836.0,816.0,0.23802083333333332,0.6,success
campus_images_01068.jpg,campus_images_01068_p02.jpg,2.0,0.8476335406303406,833.0,379.0,1012.0,850.0,0.2453125,0.6,success
campus_images_01068.jpg,campus_images_01068_p03.jpg,3.0,0.7693859934806824,0.0,327.0,82.0,658.0,0.17239583333333333,0.6,success
campus_images_01068.jpg,campus_images_01068_p04.jpg,4.0,0.34596753120422363,584.0,464.0,694.0,756.0,0.15208333333333332,0.6,success
campus_images_01069.jpg,campus_images_01069_p01.jpg,1.0,0.8921966552734375,827.0,353.0,996.0,852.0,0.2598958333333333,0.6,success
campus_images_01069.jpg,campus_images_01069_p02.jpg,2.0,0.8887015581130981,666.0,349.0,834.0,815.0,0.24270833333333333,0.6,success
campus_images_01069.jpg,campus_images_01069_p03.jpg,3.0,0.6468391418457031,583.0,456.0,678.0,748.0,0.15208333333333332,0.6,success
campus_images_01069.jpg,campus_images_01069_p04.jpg,4.0,0.6420077681541443,1.0,332.0,83.0,658.0,0.16979166666666667,0.6,success
campus_images_01069.jpg,campus_images_01069_p05.jpg,5.0,0.37460702657699585,276.0,447.0,311.0,546.0,0.0515625,0.6,success
campus_images_01070.jpg,campus_images_01070_p01.jpg,1.0,0.9032937288284302,641.0,354.0,821.0,834.0,0.25,0.6,success
campus_images_01070.jpg,campus_images_01070_p02.jpg,2.0,0.8107119798660278,811.0,333.0,986.0,850.0,0.26927083333333335,0.6,success
campus_images_01070.jpg,campus_images_01070_p03.jpg,3.0,0.7199392914772034,1.0,333.0,85.0,658.0,0.16927083333333334,0.6,success
campus_images_01070.jpg,campus_images_01070_p04.jpg,4.0,0.5815272927284241,551.0,442.0,667.0,739.0,0.1546875,0.6,success
campus_images_01071.jpg,campus_images_01071_p01.jpg,1.0,0.885748028755188,633.0,340.0,800.0,847.0,0.2640625,0.6,success
campus_images_01071.jpg,campus_images_01071_p02.jpg,2.0,0.8484345078468323,805.0,307.0,976.0,860.0,0.28802083333333334,0.6,success
campus_images_01071.jpg,campus_images_01071_p03.jpg,3.0,0.7796765565872192,0.0,331.0,85.0,659.0,0.17083333333333334,0.6,success
campus_images_01071.jpg,campus_images_01071_p04.jpg,4.0,0.7173824906349182,532.0,424.0,661.0,735.0,0.16197916666666667,0.6,success
campus_images_01072.jpg,campus_images_01072_p01.jpg,1.0,0.8877225518226624,616.0,336.0,795.0,850.0,0.2677083333333333,0.6,success
campus_images_01072.jpg,campus_images_01072_p02.jpg,2.0,0.6876842975616455,1.0,328.0,84.0,659.0,0.17239583333333333,0.6,success
campus_images_01072.jpg,campus_images_01072_p03.jpg,3.0,0.5411427021026611,799.0,285.0,984.0,846.0,0.2921875,0.6,success
campus_images_01072.jpg,campus_images_01072_p04.jpg,4.0,0.39291971921920776,796.0,287.0,985.0,848.0,0.2921875,0.6,success
campus_images_01073.jpg,campus_images_01073_p01.jpg,1.0,0.8962453007698059,612.0,338.0,786.0,880.0,0.28229166666666666,0.6,success
campus_images_01073.jpg,campus_images_01073_p02.jpg,2.0,0.877422034740448,785.0,278.0,997.0,863.0,0.3046875,0.6,success
campus_images_01073.jpg,campus_images_01073_p03.jpg,3.0,0.6354776620864868,1.0,324.0,84.0,659.0,0.17447916666666666,0.6,success
campus_images_01073.jpg,campus_images_01073_p04.jpg,4.0,0.585699737071991,504.0,388.0,623.0,703.0,0.1640625,0.6,success
campus_images_01074.jpg,campus_images_01074_p01.jpg,1.0,0.884647011756897,795.0,281.0,993.0,892.0,0.3182291666666667,0.6,success
campus_images_01074.jpg,campus_images_01074_p02.jpg,2.0,0.7342589497566223,479.0,376.0,590.0,689.0,0.16302083333333334,0.6,success
campus_images_01074.jpg,campus_images_01074_p03.jpg,3.0,0.7074485421180725,609.0,337.0,782.0,897.0,0.2916666666666667,0.6,success
campus_images_01074.jpg,campus_images_01074_p04.jpg,4.0,0.6119881868362427,610.0,333.0,781.0,892.0,0.2911458333333333,0.6,success
campus_images_01074.jpg,campus_images_01074_p05.jpg,5.0,0.5727677941322327,1.0,328.0,86.0,659.0,0.17239583333333333,0.6,success
campus_images_01075.jpg,campus_images_01075_p01.jpg,1.0,0.907142698764801,775.0,276.0,981.0,895.0,0.3223958333333333,0.6,success
campus_images_01075.jpg,campus_images_01075_p02.jpg,2.0,0.7462515234947205,596.0,328.0,782.0,894.0,0.2947916666666667,0.6,success
campus_images_01075.jpg,campus_images_01075_p03.jpg,3.0,0.7418230772018433,459.0,372.0,564.0,685.0,0.16302083333333334,0.6,success
campus_images_01075.jpg,campus_images_01075_p04.jpg,4.0,0.6664075255393982,1.0,326.0,87.0,657.0,0.17239583333333333,0.6,success
campus_images_01075.jpg,campus_images_01075_p05.jpg,5.0,0.48983022570610046,598.0,331.0,782.0,893.0,0.29270833333333335,0.6,success
campus_images_01075.jpg,campus_images_01075_p06.jpg,6.0,0.4407651126384735,933.0,583.0,1028.0,802.0,0.1140625,0.6,success
campus_images_01075.jpg,campus_images_01075_p07.jpg,7.0,0.35963183641433716,1005.0,615.0,1078.0,834.0,0.1140625,0.6,success
campus_images_01076.jpg,campus_images_01076_p01.jpg,1.0,0.9083025455474854,584.0,326.0,779.0,921.0,0.3098958333333333,0.6,success
campus_images_01076.jpg,campus_images_01076_p02.jpg,2.0,0.905656099319458,768.0,270.0,974.0,892.0,0.32395833333333335,0.6,success
campus_images_01076.jpg,campus_images_01076_p03.jpg,3.0,0.8024551868438721,417.0,342.0,561.0,691.0,0.18177083333333333,0.6,success
campus_images_01076.jpg,campus_images_01076_p04.jpg,4.0,0.6445614099502563,1.0,327.0,88.0,658.0,0.17239583333333333,0.6,success
campus_images_01076.jpg,campus_images_01076_p05.jpg,5.0,0.5514842867851257,1006.0,617.0,1078.0,837.0,0.11458333333333333,0.6,success
campus_images_01076.jpg,campus_images_01076_p06.jpg,6.0,0.4000360667705536,290.0,445.0,332.0,548.0,0.05364583333333333,0.6,success
campus_images_01076.jpg,campus_images_01076_p07.jpg,7.0,0.30991992354393005,337.0,452.0,372.0,523.0,0.03697916666666667,0.6,success
campus_images_01077.jpg,campus_images_01077_p01.jpg,1.0,0.9003716707229614,574.0,327.0,772.0,942.0,0.3203125,0.6,success
campus_images_01077.jpg,campus_images_01077_p02.jpg,2.0,0.8794274926185608,768.0,274.0,965.0,931.0,0.3421875,0.6,success
campus_images_01077.jpg,campus_images_01077_p03.jpg,3.0,0.811436116695404,396.0,334.0,548.0,683.0,0.18177083333333333,0.6,success
campus_images_01077.jpg,campus_images_01077_p04.jpg,4.0,0.696745753288269,2.0,328.0,91.0,659.0,0.17239583333333333,0.6,success
campus_images_01077.jpg,campus_images_01077_p05.jpg,5.0,0.4780212640762329,968.0,588.0,1040.0,821.0,0.12135416666666667,0.6,success
campus_images_01077.jpg,campus_images_01077_p06.jpg,6.0,0.41637587547302246,296.0,443.0,338.0,549.0,0.05520833333333333,0.6,success
campus_images_01077.jpg,campus_images_01077_p07.jpg,7.0,0.3677402436733246,1009.0,616.0,1075.0,847.0,0.1203125,0.6,success
campus_images_01078.jpg,campus_images_01078_p01.jpg,1.0,0.9092110991477966,568.0,316.0,764.0,943.0,0.3265625,0.6,success
campus_images_01078.jpg,campus_images_01078_p02.jpg,2.0,0.8878905773162842,748.0,271.0,953.0,942.0,0.3494791666666667,0.6,success
campus_images_01078.jpg,campus_images_01078_p03.jpg,3.0,0.6871604919433594,3.0,329.0,92.0,659.0,0.171875,0.6,success
campus_images_01078.jpg,campus_images_01078_p04.jpg,4.0,0.6451458930969238,370.0,331.0,515.0,682.0,0.1828125,0.6,success
campus_images_01078.jpg,campus_images_01078_p05.jpg,5.0,0.6401939988136292,971.0,596.0,1043.0,815.0,0.1140625,0.6,success
campus_images_01078.jpg,campus_images_01078_p06.jpg,6.0,0.4892178773880005,294.0,442.0,342.0,549.0,0.05572916666666667,0.6,success
campus_images_01078.jpg,campus_images_01078_p07.jpg,7.0,0.3415636420249939,367.0,332.0,515.0,681.0,0.18177083333333333,0.6,success
campus_images_01079.jpg,campus_images_01079_p01.jpg,1.0,0.9249513149261475,559.0,317.0,764.0,964.0,0.33697916666666666,0.6,success
campus_images_01079.jpg,campus_images_01079_p02.jpg,2.0,0.8973782062530518,747.0,261.0,943.0,943.0,0.35520833333333335,0.6,success
campus_images_01079.jpg,campus_images_01079_p03.jpg,3.0,0.8503214120864868,308.0,335.0,476.0,689.0,0.184375,0.6,success
campus_images_01079.jpg,campus_images_01079_p04.jpg,4.0,0.5851664543151855,3.0,327.0,96.0,659.0,0.17291666666666666,0.6,success
campus_images_01079.jpg,campus_images_01079_p05.jpg,5.0,0.3872525691986084,1021.0,570.0,1080.0,850.0,0.14583333333333334,0.6,success
campus_images_01080.jpg,campus_images_01080_p01.jpg,1.0,0.9355774521827698,561.0,319.0,764.0,1002.0,0.35572916666666665,0.6,success
campus_images_01080.jpg,campus_images_01080_p02.jpg,2.0,0.9152605533599854,746.0,255.0,943.0,970.0,0.3723958333333333,0.6,success
campus_images_01080.jpg,campus_images_01080_p03.jpg,3.0,0.8558647036552429,262.0,332.0,422.0,689.0,0.1859375,0.6,success
campus_images_01080.jpg,campus_images_01080_p04.jpg,4.0,0.6477577686309814,5.0,328.0,106.0,655.0,0.1703125,0.6,success
campus_images_01080.jpg,campus_images_01080_p05.jpg,5.0,0.5307464599609375,1021.0,572.0,1080.0,859.0,0.14947916666666666,0.6,success
campus_images_01080.jpg,campus_images_01080_p06.jpg,6.0,0.45456933975219727,977.0,584.0,1045.0,812.0,0.11875,0.6,success
campus_images_01080.jpg,campus_images_01080_p07.jpg,7.0,0.3417593538761139,439.0,445.0,485.0,550.0,0.0546875,0.6,success
campus_images_01081.jpg,campus_images_01081_p01.jpg,1.0,0.9344708919525146,562.0,314.0,776.0,1005.0,0.35989583333333336,0.6,success
campus_images_01081.jpg,campus_images_01081_p02.jpg,2.0,0.915326714515686,747.0,260.0,945.0,991.0,0.3807291666666667,0.6,success
campus_images_01081.jpg,campus_images_01081_p03.jpg,3.0,0.8335393071174622,224.0,305.0,373.0,689.0,0.2,0.6,success
campus_images_01081.jpg,campus_images_01081_p04.jpg,4.0,0.7149360179901123,3.0,328.0,100.0,650.0,0.16770833333333332,0.6,success
campus_images_01081.jpg,campus_images_01081_p05.jpg,5.0,0.5105396509170532,1019.0,589.0,1079.0,869.0,0.14583333333333334,0.6,success
campus_images_01081.jpg,campus_images_01081_p06.jpg,6.0,0.41176024079322815,434.0,441.0,471.0,549.0,0.05625,0.6,success
campus_images_01081.jpg,campus_images_01081_p07.jpg,7.0,0.369890034198761,149.0,466.0,199.0,552.0,0.04479166666666667,0.6,success
campus_images_01081.jpg,campus_images_01081_p08.jpg,8.0,0.34554922580718994,984.0,590.0,1048.0,814.0,0.11666666666666667,0.6,success
campus_images_01082.jpg,campus_images_01082_p01.jpg,1.0,0.932137131690979,561.0,305.0,777.0,1007.0,0.365625,0.6,success
campus_images_01082.jpg,campus_images_01082_p02.jpg,2.0,0.9116056561470032,746.0,250.0,958.0,1007.0,0.39427083333333335,0.6,success
campus_images_01082.jpg,campus_images_01082_p03.jpg,3.0,0.8389224410057068,175.0,312.0,355.0,686.0,0.19479166666666667,0.6,success
campus_images_01082.jpg,campus_images_01082_p04.jpg,4.0,0.5594449639320374,3.0,318.0,107.0,649.0,0.17239583333333333,0.6,success
campus_images_01082.jpg,campus_images_01082_p05.jpg,5.0,0.49525919556617737,1.0,318.0,97.0,648.0,0.171875,0.6,success
campus_images_01083.jpg,campus_images_01083_p01.jpg,1.0,0.9413745999336243,551.0,307.0,782.0,1053.0,0.3885416666666667,0.6,success
campus_images_01083.jpg,campus_images_01083_p02.jpg,2.0,0.9148513674736023,744.0,236.0,963.0,1001.0,0.3984375,0.6,success
campus_images_01083.jpg,campus_images_01083_p03.jpg,3.0,0.8023711442947388,126.0,306.0,279.0,684.0,0.196875,0.6,success
campus_images_01083.jpg,campus_images_01083_p04.jpg,4.0,0.6694401502609253,1.0,319.0,97.0,649.0,0.171875,0.6,success
campus_images_01084.jpg,campus_images_01084_p01.jpg,1.0,0.90920490026474,532.0,303.0,773.0,1071.0,0.4,0.6,success
campus_images_01084.jpg,campus_images_01084_p02.jpg,2.0,0.9030777812004089,748.0,218.0,964.0,1033.0,0.4244791666666667,0.6,success
campus_images_01084.jpg,campus_images_01084_p03.jpg,3.0,0.8766269683837891,51.0,298.0,240.0,685.0,0.2015625,0.6,success
campus_images_01084.jpg,campus_images_01084_p04.jpg,4.0,0.4489562213420868,976.0,568.0,1074.0,869.0,0.15677083333333333,0.6,success
campus_images_01084.jpg,campus_images_01084_p05.jpg,5.0,0.37143346667289734,6.0,321.0,96.0,640.0,0.16614583333333333,0.6,success
campus_images_01085.jpg,campus_images_01085_p01.jpg,1.0,0.9402212500572205,523.0,292.0,769.0,1072.0,0.40625,0.6,success
campus_images_01085.jpg,campus_images_01085_p02.jpg,2.0,0.8933688998222351,756.0,220.0,991.0,1063.0,0.4390625,0.6,success
campus_images_01085.jpg,campus_images_01085_p03.jpg,3.0,0.6070032119750977,969.0,586.0,1075.0,868.0,0.146875,0.6,success
campus_images_01085.jpg,campus_images_01085_p04.jpg,4.0,0.5551477074623108,0.0,297.0,138.0,724.0,0.22239583333333332,0.6,success
campus_images_01085.jpg,campus_images_01085_p05.jpg,5.0,0.5309552550315857,0.0,295.0,138.0,724.0,0.2234375,0.6,success
campus_images_01085.jpg,campus_images_01085_p06.jpg,6.0,0.4952775537967682,23.0,291.0,190.0,675.0,0.2,0.6,success
campus_images_01085.jpg,campus_images_01085_p07.jpg,7.0,0.30386462807655334,463.0,455.0,491.0,533.0,0.040625,0.6,success
campus_images_01086.jpg,campus_images_01086_p01.jpg,1.0,0.9340150952339172,523.0,292.0,781.0,1140.0,0.44166666666666665,0.6,success
campus_images_01086.jpg,campus_images_01086_p02.jpg,2.0,0.8972856998443604,768.0,210.0,1024.0,1095.0,0.4609375,0.6,success
campus_images_01086.jpg,campus_images_01086_p03.jpg,3.0,0.7957070469856262,0.0,259.0,147.0,725.0,0.24270833333333333,0.6,success
campus_images_01086.jpg,campus_images_01086_p04.jpg,4.0,0.318615585565567,475.0,456.0,517.0,535.0,0.04114583333333333,0.6,success
campus_images_01086.jpg,campus_images_01086_p05.jpg,5.0,0.31126663088798523,148.0,447.0,202.0,539.0,0.04791666666666667,0.6,success
campus_images_01087.jpg,campus_images_01087_p01.jpg,1.0,0.923865556716919,538.0,289.0,805.0,1181.0,0.46458333333333335,0.6,success
campus_images_01087.jpg,campus_images_01087_p02.jpg,2.0,0.9161983132362366,783.0,195.0,1049.0,1111.0,0.47708333333333336,0.6,success
campus_images_01087.jpg,campus_images_01087_p03.jpg,3.0,0.8571755290031433,2.0,249.0,135.0,722.0,0.24635416666666668,0.6,success
campus_images_01088.jpg,campus_images_01088_p01.jpg,1.0,0.9207969903945923,800.0,189.0,1069.0,1180.0,0.5161458333333333,0.6,success
campus_images_01088.jpg,campus_images_01088_p02.jpg,2.0,0.9129825830459595,555.0,273.0,847.0,1184.0,0.4744791666666667,0.6,success
campus_images_01088.jpg,campus_images_01088_p03.jpg,3.0,0.5274525880813599,37.0,246.0,236.0,732.0,0.253125,0.6,success
campus_images_01089.jpg,campus_images_01089_p01.jpg,1.0,0.9303420782089233,810.0,189.0,1080.0,1248.0,0.5515625,0.8,success
campus_images_01089.jpg,campus_images_01089_p02.jpg,2.0,0.9036712646484375,574.0,274.0,869.0,1232.0,0.49895833333333334,0.6,success
campus_images_01089.jpg,campus_images_01089_p03.jpg,3.0,0.7532462477684021,1.0,305.0,96.0,630.0,0.16927083333333334,0.6,success
campus_images_01089.jpg,campus_images_01089_p04.jpg,4.0,0.6221268773078918,69.0,251.0,278.0,734.0,0.2515625,0.6,success
campus_images_01090.jpg,campus_images_01090_p01.jpg,1.0,0.9510340094566345,584.0,271.0,892.0,1315.0,0.54375,0.6,success
campus_images_01090.jpg,campus_images_01090_p02.jpg,2.0,0.932708740234375,835.0,172.0,1080.0,1254.0,0.5635416666666667,0.8,success
campus_images_01090.jpg,campus_images_01090_p03.jpg,3.0,0.8854063749313354,118.0,252.0,283.0,740.0,0.25416666666666665,0.6,success
campus_images_01090.jpg,campus_images_01090_p04.jpg,4.0,0.7955090403556824,5.0,305.0,102.0,639.0,0.17395833333333333,0.6,success
campus_images_01091.jpg,campus_images_01091_p01.jpg,1.0,0.9325759410858154,593.0,250.0,906.0,1342.0,0.56875,0.8,success
campus_images_01091.jpg,campus_images_01091_p02.jpg,2.0,0.8686690926551819,883.0,321.0,1080.0,1301.0,0.5104166666666666,0.6,success
campus_images_01091.jpg,campus_images_01091_p03.jpg,3.0,0.863044261932373,186.0,248.0,319.0,740.0,0.25625,0.6,success
campus_images_01091.jpg,campus_images_01091_p04.jpg,4.0,0.7974765300750732,5.0,303.0,101.0,641.0,0.17604166666666668,0.6,success
campus_images_01092.jpg,campus_images_01092_p01.jpg,1.0,0.93333899974823,213.0,254.0,425.0,737.0,0.2515625,0.6,success
campus_images_01092.jpg,campus_images_01092_p02.jpg,2.0,0.9301031827926636,609.0,234.0,947.0,1354.0,0.5833333333333334,0.8,success
campus_images_01092.jpg,campus_images_01092_p03.jpg,3.0,0.8183425664901733,2.0,300.0,98.0,638.0,0.17604166666666668,0.6,success
campus_images_01093.jpg,campus_images_01093_p01.jpg,1.0,0.903201162815094,642.0,250.0,1008.0,1535.0,0.6692708333333334,0.8,success
campus_images_01093.jpg,campus_images_01093_p02.jpg,2.0,0.7744876146316528,2.0,301.0,101.0,639.0,0.17604166666666668,0.6,success
campus_images_01093.jpg,campus_images_01093_p03.jpg,3.0,0.45402640104293823,229.0,253.0,437.0,737.0,0.2520833333333333,0.6,success
campus_images_01094.jpg,campus_images_01094_p01.jpg,1.0,0.9330995678901672,672.0,228.0,1077.0,1565.0,0.6963541666666667,0.8,success
campus_images_01094.jpg,campus_images_01094_p02.jpg,2.0,0.8547113537788391,315.0,249.0,444.0,737.0,0.25416666666666665,0.6,success
campus_images_01094.jpg,campus_images_01094_p03.jpg,3.0,0.8263384699821472,1.0,298.0,97.0,637.0,0.1765625,0.6,success
campus_images_01095.jpg,campus_images_01095_p01.jpg,1.0,0.9429137706756592,745.0,196.0,1080.0,1585.0,0.7234375,0.8,success
campus_images_01095.jpg,campus_images_01095_p02.jpg,2.0,0.8088382482528687,2.0,299.0,97.0,635.0,0.175,0.6,success
campus_images_01095.jpg,campus_images_01095_p03.jpg,3.0,0.7659144401550293,356.0,251.0,525.0,745.0,0.25729166666666664,0.6,success
campus_images_01096.jpg,campus_images_01096_p01.jpg,1.0,0.9293924570083618,362.0,251.0,571.0,747.0,0.25833333333333336,0.6,success
campus_images_01096.jpg,campus_images_01096_p02.jpg,2.0,0.9105161428451538,798.0,201.0,1080.0,1888.0,0.8786458333333333,1.0,success
campus_images_01096.jpg,campus_images_01096_p03.jpg,3.0,0.8180663585662842,0.0,297.0,94.0,634.0,0.17552083333333332,0.6,success
campus_images_01097.jpg,campus_images_01097_p01.jpg,1.0,0.8519724011421204,854.0,195.0,1080.0,1910.0,0.8932291666666666,1.0,success
campus_images_01097.jpg,campus_images_01097_p02.jpg,2.0,0.8396499156951904,388.0,254.0,558.0,750.0,0.25833333333333336,0.6,success
campus_images_01097.jpg,campus_images_01097_p03.jpg,3.0,0.808883547782898,754.0,550.0,851.0,793.0,0.1265625,0.6,success
campus_images_01097.jpg,campus_images_01097_p04.jpg,4.0,0.7651386260986328,1.0,299.0,94.0,634.0,0.17447916666666666,0.6,success
campus_images_01097.jpg,campus_images_01097_p05.jpg,5.0,0.3966459035873413,316.0,427.0,357.0,531.0,0.05416666666666667,0.6,success
campus_images_01098.jpg,campus_images_01098_p01.jpg,1.0,0.8176570534706116,1.0,298.0,93.0,632.0,0.17395833333333333,0.6,success
campus_images_01098.jpg,campus_images_01098_p02.jpg,2.0,0.809776246547699,909.0,345.0,1080.0,1916.0,0.8182291666666667,0.8,success
campus_images_01098.jpg,campus_images_01098_p03.jpg,3.0,0.8027451634407043,466.0,251.0,600.0,751.0,0.2604166666666667,0.6,success
campus_images_01098.jpg,campus_images_01098_p04.jpg,4.0,0.7546727061271667,758.0,540.0,839.0,786.0,0.128125,0.6,success
campus_images_01099.jpg,campus_images_01099_p01.jpg,1.0,0.891347348690033,492.0,254.0,693.0,749.0,0.2578125,0.6,success
campus_images_01099.jpg,campus_images_01099_p02.jpg,2.0,0.7399780750274658,729.0,535.0,822.0,774.0,0.12447916666666667,0.6,success
campus_images_01099.jpg,campus_images_01099_p03.jpg,3.0,0.6585686802864075,2.0,301.0,94.0,633.0,0.17291666666666666,0.6,success
campus_images_01099.jpg,campus_images_01099_p04.jpg,4.0,0.47004619240760803,916.0,1089.0,1080.0,1919.0,0.4322916666666667,0.6,success
campus_images_01099.jpg,campus_images_01099_p05.jpg,5.0,0.42357829213142395,957.0,546.0,1045.0,745.0,0.10364583333333334,0.6,success
campus_images_01099.jpg,campus_images_01099_p06.jpg,6.0,0.390033096075058,908.0,631.0,992.0,861.0,0.11979166666666667,0.6,success
campus_images_01100.jpg,campus_images_01100_p01.jpg,1.0,0.9216185808181763,489.0,261.0,706.0,751.0,0.2552083333333333,0.6,success
campus_images_01100.jpg,campus_images_01100_p02.jpg,2.0,0.8133573532104492,712.0,524.0,814.0,771.0,0.12864583333333332,0.6,success
campus_images_01100.jpg,campus_images_01100_p03.jpg,3.0,0.641731321811676,2.0,300.0,94.0,633.0,0.1734375,0.6,success
campus_images_01100.jpg,campus_images_01100_p04.jpg,4.0,0.5990447402000427,814.0,584.0,912.0,819.0,0.12239583333333333,0.6,success
campus_images_01100.jpg,campus_images_01100_p05.jpg,5.0,0.5374574661254883,908.0,614.0,985.0,848.0,0.121875,0.6,success
campus_images_01100.jpg,campus_images_01100_p06.jpg,6.0,0.4395304024219513,942.0,1582.0,1080.0,1919.0,0.17552083333333332,0.6,success
campus_images_01100.jpg,campus_images_01100_p07.jpg,7.0,0.409919798374176,965.0,548.0,1044.0,743.0,0.1015625,0.6,success
campus_images_01100.jpg,campus_images_01100_p08.jpg,8.0,0.40865015983581543,2.0,300.0,92.0,632.0,0.17291666666666666,0.6,success
campus_images_01101.jpg,campus_images_01101_p01.jpg,1.0,0.7832849621772766,707.0,514.0,796.0,765.0,0.13072916666666667,0.6,success
campus_images_01101.jpg,campus_images_01101_p02.jpg,2.0,0.7600520253181458,1.0,298.0,94.0,634.0,0.175,0.6,success
campus_images_01101.jpg,campus_images_01101_p03.jpg,3.0,0.7440058588981628,553.0,259.0,703.0,751.0,0.25625,0.6,success
campus_images_01101.jpg,campus_images_01101_p04.jpg,4.0,0.6382180452346802,805.0,585.0,912.0,816.0,0.1203125,0.6,success
campus_images_01101.jpg,campus_images_01101_p05.jpg,5.0,0.6170241832733154,901.0,618.0,970.0,836.0,0.11354166666666667,0.6,success
campus_images_01101.jpg,campus_images_01101_p06.jpg,6.0,0.6163005232810974,971.0,548.0,1044.0,773.0,0.1171875,0.6,success
campus_images_01102.jpg,campus_images_01102_p01.jpg,1.0,0.7942478060722351,609.0,259.0,735.0,770.0,0.26614583333333336,0.6,success
campus_images_01102.jpg,campus_images_01102_p02.jpg,2.0,0.7215569615364075,1.0,303.0,94.0,636.0,0.1734375,0.6,success
campus_images_01102.jpg,campus_images_01102_p03.jpg,3.0,0.7036529183387756,982.0,552.0,1067.0,789.0,0.1234375,0.6,success
campus_images_01102.jpg,campus_images_01102_p04.jpg,4.0,0.6951937675476074,796.0,589.0,887.0,804.0,0.11197916666666667,0.6,success
campus_images_01102.jpg,campus_images_01102_p05.jpg,5.0,0.6259017586708069,884.0,613.0,962.0,834.0,0.11510416666666666,0.6,success
campus_images_01102.jpg,campus_images_01102_p06.jpg,6.0,0.4838765561580658,697.0,510.0,780.0,761.0,0.13072916666666667,0.6,success
campus_images_01103.jpg,campus_images_01103_p01.jpg,1.0,0.7759531736373901,979.0,555.0,1065.0,797.0,0.12604166666666666,0.6,success
campus_images_01103.jpg,campus_images_01103_p02.jpg,2.0,0.7754043936729431,2.0,304.0,92.0,637.0,0.1734375,0.6,success
campus_images_01103.jpg,campus_images_01103_p03.jpg,3.0,0.6416910290718079,874.0,597.0,951.0,854.0,0.13385416666666666,0.6,success
campus_images_01103.jpg,campus_images_01103_p04.jpg,4.0,0.5236537456512451,787.0,583.0,884.0,808.0,0.1171875,0.6,success
campus_images_01103.jpg,campus_images_01103_p05.jpg,5.0,0.4834652841091156,625.0,267.0,782.0,782.0,0.2682291666666667,0.6,success
campus_images_01103.jpg,campus_images_01103_p06.jpg,6.0,0.34104713797569275,372.0,445.0,410.0,537.0,0.04791666666666667,0.6,success
campus_images_01104.jpg,campus_images_01104_p01.jpg,1.0,0.7898708581924438,992.0,559.0,1078.0,796.0,0.1234375,0.6,success
campus_images_01104.jpg,campus_images_01104_p02.jpg,2.0,0.7622756361961365,662.0,259.0,792.0,783.0,0.27291666666666664,0.6,success
campus_images_01104.jpg,campus_images_01104_p03.jpg,3.0,0.6843429207801819,3.0,302.0,93.0,640.0,0.17604166666666668,0.6,success
campus_images_01104.jpg,campus_images_01104_p04.jpg,4.0,0.47570398449897766,846.0,593.0,953.0,840.0,0.12864583333333332,0.6,success
campus_images_01105.jpg,campus_images_01105_p01.jpg,1.0,0.8298092484474182,689.0,265.0,829.0,788.0,0.27239583333333334,0.6,success
campus_images_01105.jpg,campus_images_01105_p02.jpg,2.0,0.7501987218856812,3.0,307.0,92.0,643.0,0.175,0.6,success
campus_images_01105.jpg,campus_images_01105_p03.jpg,3.0,0.6334109306335449,714.0,206.0,1080.0,1877.0,0.8703125,1.0,success
campus_images_01106.jpg,campus_images_01106_p01.jpg,1.0,0.9063389897346497,432.0,222.0,1080.0,1913.0,0.8807291666666667,1.0,success
campus_images_01106.jpg,campus_images_01106_p02.jpg,2.0,0.7938343286514282,1.0,306.0,90.0,645.0,0.1765625,0.6,success
campus_images_01106.jpg,campus_images_01106_p03.jpg,3.0,0.45786741375923157,625.0,476.0,708.0,765.0,0.15052083333333333,0.6,success
campus_images_01107.jpg,campus_images_01107_p01.jpg,1.0,0.9418270587921143,279.0,226.0,1080.0,1914.0,0.8791666666666667,1.0,success
campus_images_01107.jpg,campus_images_01107_p02.jpg,2.0,0.8187135457992554,1.0,308.0,91.0,645.0,0.17552083333333332,0.6,success
campus_images_01107.jpg,campus_images_01107_p03.jpg,3.0,0.635464608669281,341.0,466.0,376.0,544.0,0.040625,0.6,success
campus_images_01107.jpg,campus_images_01107_p04.jpg,4.0,0.5058259963989258,920.0,255.0,1080.0,559.0,0.15833333333333333,0.6,success
campus_images_01107.jpg,campus_images_01107_p05.jpg,5.0,0.3865987956523895,431.0,470.0,461.0,544.0,0.03854166666666667,0.6,success
campus_images_01107.jpg,campus_images_01107_p06.jpg,6.0,0.3327876329421997,962.0,538.0,1006.0,615.0,0.04010416666666667,0.6,success
campus_images_01108.jpg,campus_images_01108_p01.jpg,1.0,0.9464290142059326,172.0,210.0,1080.0,1913.0,0.8869791666666667,1.0,success
campus_images_01108.jpg,campus_images_01108_p02.jpg,2.0,0.8355740904808044,0.0,305.0,89.0,644.0,0.1765625,0.6,success
campus_images_01108.jpg,campus_images_01108_p03.jpg,3.0,0.7427793741226196,689.0,226.0,892.0,547.0,0.1671875,0.6,success
campus_images_01108.jpg,campus_images_01108_p04.jpg,4.0,0.40536677837371826,999.0,531.0,1044.0,609.0,0.040625,0.6,success
campus_images_01109.jpg,campus_images_01109_p01.jpg,1.0,0.9295536279678345,79.0,234.0,1078.0,1920.0,0.878125,1.0,success
campus_images_01109.jpg,campus_images_01109_p02.jpg,2.0,0.8033620119094849,0.0,305.0,85.0,643.0,0.17604166666666668,0.6,success
campus_images_01109.jpg,campus_images_01109_p03.jpg,3.0,0.750665009021759,1005.0,529.0,1078.0,834.0,0.15885416666666666,0.6,success
campus_images_01109.jpg,campus_images_01109_p04.jpg,4.0,0.6445426344871521,765.0,301.0,891.0,593.0,0.15208333333333332,0.6,success
campus_images_01109.jpg,campus_images_01109_p05.jpg,5.0,0.5627182126045227,498.0,242.0,668.0,518.0,0.14375,0.6,success
campus_images_01110.jpg,campus_images_01110_p01.jpg,1.0,0.8904502987861633,0.0,267.0,840.0,1920.0,0.8609375,1.0,success
campus_images_01110.jpg,campus_images_01110_p02.jpg,2.0,0.8525559902191162,754.0,304.0,910.0,820.0,0.26875,0.6,success
campus_images_01110.jpg,campus_images_01110_p03.jpg,3.0,0.7461863160133362,1014.0,565.0,1079.0,843.0,0.14479166666666668,0.6,success
campus_images_01110.jpg,campus_images_01110_p04.jpg,4.0,0.6227282881736755,0.0,304.0,84.0,645.0,0.17760416666666667,0.6,success
campus_images_01110.jpg,campus_images_01110_p05.jpg,5.0,0.5936239957809448,703.0,524.0,788.0,775.0,0.13072916666666667,0.6,success
campus_images_01110.jpg,campus_images_01110_p06.jpg,6.0,0.5659000277519226,306.0,279.0,447.0,545.0,0.13854166666666667,0.6,success
campus_images_01110.jpg,campus_images_01110_p07.jpg,7.0,0.40938979387283325,305.0,278.0,447.0,547.0,0.14010416666666667,0.6,success
campus_images_01111.jpg,campus_images_01111_p01.jpg,1.0,0.8356224298477173,0.0,244.0,648.0,1906.0,0.865625,1.0,success
campus_images_01111.jpg,campus_images_01111_p02.jpg,2.0,0.7664469480514526,561.0,435.0,665.0,715.0,0.14583333333333334,0.6,success
campus_images_01111.jpg,campus_images_01111_p03.jpg,3.0,0.7208982110023499,1010.0,567.0,1080.0,843.0,0.14375,0.6,success
campus_images_01111.jpg,campus_images_01111_p04.jpg,4.0,0.682993471622467,787.0,311.0,935.0,821.0,0.265625,0.6,success
campus_images_01111.jpg,campus_images_01111_p05.jpg,5.0,0.5478321313858032,779.0,309.0,934.0,821.0,0.26666666666666666,0.6,success
campus_images_01111.jpg,campus_images_01111_p06.jpg,6.0,0.40329498052597046,970.0,1024.0,1080.0,1307.0,0.14739583333333334,0.6,success
campus_images_01111.jpg,campus_images_01111_p07.jpg,7.0,0.31011494994163513,692.0,505.0,805.0,785.0,0.14583333333333334,0.6,success
campus_images_01112.jpg,campus_images_01112_p01.jpg,1.0,0.8572074174880981,808.0,312.0,1001.0,819.0,0.2640625,0.6,success
campus_images_01112.jpg,campus_images_01112_p02.jpg,2.0,0.7785775065422058,551.0,438.0,640.0,707.0,0.14010416666666667,0.6,success
campus_images_01112.jpg,campus_images_01112_p03.jpg,3.0,0.7575879693031311,0.0,233.0,498.0,1897.0,0.8666666666666667,1.0,success
campus_images_01112.jpg,campus_images_01112_p04.jpg,4.0,0.6804988980293274,685.0,495.0,772.0,770.0,0.14322916666666666,0.6,success
campus_images_01112.jpg,campus_images_01112_p05.jpg,5.0,0.49962833523750305,745.0,537.0,826.0,805.0,0.13958333333333334,0.6,success
campus_images_01113.jpg,campus_images_01113_p01.jpg,1.0,0.8615667819976807,828.0,74.0,1080.0,1308.0,0.6427083333333333,0.8,success
campus_images_01113.jpg,campus_images_01113_p02.jpg,2.0,0.7433585524559021,522.0,428.0,634.0,712.0,0.14791666666666667,0.6,success
campus_images_01113.jpg,campus_images_01113_p03.jpg,3.0,0.6299884915351868,664.0,491.0,757.0,749.0,0.134375,0.6,success
campus_images_01113.jpg,campus_images_01113_p04.jpg,4.0,0.5674975514411926,728.0,536.0,830.0,810.0,0.14270833333333333,0.6,success
campus_images_01113.jpg,campus_images_01113_p05.jpg,5.0,0.5373327732086182,0.0,282.0,409.0,1920.0,0.853125,1.0,success
campus_images_01113.jpg,campus_images_01113_p06.jpg,6.0,0.39892736077308655,823.0,312.0,962.0,844.0,0.27708333333333335,0.6,success
campus_images_01113.jpg,campus_images_01113_p07.jpg,7.0,0.3161224126815796,822.0,316.0,962.0,679.0,0.1890625,0.6,success
campus_images_01114.jpg,campus_images_01114_p01.jpg,1.0,0.9267623424530029,700.0,111.0,1080.0,1304.0,0.6213541666666667,0.8,success
campus_images_01114.jpg,campus_images_01114_p02.jpg,2.0,0.8337334990501404,519.0,415.0,624.0,709.0,0.153125,0.6,success
campus_images_01114.jpg,campus_images_01114_p03.jpg,3.0,0.6471187472343445,0.0,333.0,297.0,1917.0,0.825,0.8,success
campus_images_01114.jpg,campus_images_01114_p04.jpg,4.0,0.4469939172267914,646.0,497.0,743.0,744.0,0.12864583333333332,0.6,success
campus_images_01115.jpg,campus_images_01115_p01.jpg,1.0,0.9115257859230042,661.0,114.0,1048.0,1226.0,0.5791666666666667,0.8,success
campus_images_01115.jpg,campus_images_01115_p02.jpg,2.0,0.8528279066085815,514.0,409.0,605.0,694.0,0.1484375,0.6,success
campus_images_01115.jpg,campus_images_01115_p03.jpg,3.0,0.7979008555412292,979.0,612.0,1071.0,868.0,0.13333333333333333,0.6,success
campus_images_01115.jpg,campus_images_01115_p04.jpg,4.0,0.5501896739006042,2.0,324.0,84.0,499.0,0.09114583333333333,0.6,success
campus_images_01115.jpg,campus_images_01115_p05.jpg,5.0,0.4995741844177246,0.0,478.0,232.0,1732.0,0.653125,0.8,success
campus_images_01116.jpg,campus_images_01116_p01.jpg,1.0,0.8963344097137451,614.0,118.0,1008.0,1156.0,0.540625,0.6,success
campus_images_01116.jpg,campus_images_01116_p02.jpg,2.0,0.8313254117965698,962.0,619.0,1059.0,885.0,0.13854166666666667,0.6,success
campus_images_01116.jpg,campus_images_01116_p03.jpg,3.0,0.7691639065742493,501.0,407.0,604.0,695.0,0.15,0.6,success
campus_images_01116.jpg,campus_images_01116_p04.jpg,4.0,0.6408317685127258,0.0,494.0,174.0,1701.0,0.6286458333333333,0.8,success
campus_images_01116.jpg,campus_images_01116_p05.jpg,5.0,0.5361018180847168,863.0,604.0,966.0,864.0,0.13541666666666666,0.6,success
campus_images_01117.jpg,campus_images_01117_p01.jpg,1.0,0.9338160753250122,436.0,153.0,857.0,1156.0,0.5223958333333333,0.6,success
campus_images_01117.jpg,campus_images_01117_p02.jpg,2.0,0.8074094653129578,1.0,322.0,91.0,657.0,0.17447916666666666,0.6,success
campus_images_01117.jpg,campus_images_01117_p03.jpg,3.0,0.7518099546432495,955.0,627.0,1050.0,879.0,0.13125,0.6,success
campus_images_01117.jpg,campus_images_01117_p04.jpg,4.0,0.7165970206260681,851.0,374.0,1031.0,873.0,0.2598958333333333,0.6,success
campus_images_01117.jpg,campus_images_01117_p05.jpg,5.0,0.6434677839279175,458.0,398.0,567.0,689.0,0.1515625,0.6,success
campus_images_01117.jpg,campus_images_01117_p06.jpg,6.0,0.5660836696624756,0.0,644.0,94.0,1702.0,0.5510416666666667,0.8,success
campus_images_01118.jpg,campus_images_01118_p01.jpg,1.0,0.9471243023872375,423.0,163.0,824.0,1115.0,0.49583333333333335,0.6,success
campus_images_01118.jpg,campus_images_01118_p02.jpg,2.0,0.8358330726623535,1.0,324.0,87.0,654.0,0.171875,0.6,success
campus_images_01118.jpg,campus_images_01118_p03.jpg,3.0,0.8039230108261108,881.0,376.0,1040.0,884.0,0.26458333333333334,0.6,success
campus_images_01119.jpg,campus_images_01119_p01.jpg,1.0,0.932256281375885,353.0,155.0,664.0,1071.0,0.47708333333333336,0.6,success
campus_images_01119.jpg,campus_images_01119_p02.jpg,2.0,0.8319997787475586,1.0,324.0,86.0,654.0,0.171875,0.6,success
campus_images_01119.jpg,campus_images_01119_p03.jpg,3.0,0.8040493130683899,897.0,371.0,1076.0,902.0,0.2765625,0.6,success
campus_images_01119.jpg,campus_images_01119_p04.jpg,4.0,0.6242807507514954,634.0,488.0,730.0,766.0,0.14479166666666668,0.6,success
campus_images_01120.jpg,campus_images_01120_p01.jpg,1.0,0.910089910030365,255.0,167.0,587.0,1068.0,0.46927083333333336,0.6,success
campus_images_01120.jpg,campus_images_01120_p02.jpg,2.0,0.8421404361724854,0.0,324.0,85.0,655.0,0.17239583333333333,0.6,success
campus_images_01120.jpg,campus_images_01120_p03.jpg,3.0,0.7903700470924377,897.0,373.0,1070.0,886.0,0.2671875,0.6,success
campus_images_01120.jpg,campus_images_01120_p04.jpg,4.0,0.5027568340301514,607.0,474.0,737.0,763.0,0.15052083333333333,0.6,success
campus_images_01121.jpg,campus_images_01121_p01.jpg,1.0,0.9245943427085876,202.0,190.0,557.0,1054.0,0.45,0.6,success
campus_images_01121.jpg,campus_images_01121_p02.jpg,2.0,0.8207266926765442,1.0,324.0,84.0,654.0,0.171875,0.6,success
campus_images_01121.jpg,campus_images_01121_p03.jpg,3.0,0.7695534229278564,855.0,625.0,936.0,854.0,0.11927083333333334,0.6,success
campus_images_01121.jpg,campus_images_01121_p04.jpg,4.0,0.7003012895584106,921.0,372.0,1058.0,902.0,0.2760416666666667,0.6,success
campus_images_01121.jpg,campus_images_01121_p05.jpg,5.0,0.6234055161476135,603.0,462.0,721.0,764.0,0.15729166666666666,0.6,success
campus_images_01121.jpg,campus_images_01121_p06.jpg,6.0,0.39713260531425476,530.0,435.0,631.0,714.0,0.1453125,0.6,success
campus_images_01122.jpg,campus_images_01122_p01.jpg,1.0,0.9116777777671814,192.0,179.0,476.0,997.0,0.42604166666666665,0.6,success
campus_images_01122.jpg,campus_images_01122_p02.jpg,2.0,0.8434728980064392,843.0,619.0,951.0,854.0,0.12239583333333333,0.6,success
campus_images_01122.jpg,campus_images_01122_p03.jpg,3.0,0.7770592570304871,1.0,325.0,86.0,655.0,0.171875,0.6,success
campus_images_01122.jpg,campus_images_01122_p04.jpg,4.0,0.7000836133956909,512.0,424.0,616.0,704.0,0.14583333333333334,0.6,success
campus_images_01122.jpg,campus_images_01122_p05.jpg,5.0,0.6928417086601257,918.0,374.0,1068.0,903.0,0.2755208333333333,0.6,success
campus_images_01122.jpg,campus_images_01122_p06.jpg,6.0,0.6735751032829285,578.0,454.0,706.0,752.0,0.15520833333333334,0.6,success
campus_images_01123.jpg,campus_images_01123_p01.jpg,1.0,0.9157307147979736,168.0,185.0,410.0,980.0,0.4140625,0.6,success
campus_images_01123.jpg,campus_images_01123_p02.jpg,2.0,0.8491617441177368,840.0,620.0,949.0,851.0,0.1203125,0.6,success
campus_images_01123.jpg,campus_images_01123_p03.jpg,3.0,0.7613264322280884,1.0,323.0,86.0,655.0,0.17291666666666666,0.6,success
campus_images_01123.jpg,campus_images_01123_p04.jpg,4.0,0.7414278388023376,505.0,408.0,605.0,707.0,0.15572916666666667,0.6,success
campus_images_01123.jpg,campus_images_01123_p05.jpg,5.0,0.6232089400291443,578.0,445.0,675.0,728.0,0.14739583333333334,0.6,success
campus_images_01123.jpg,campus_images_01123_p06.jpg,6.0,0.5762799978256226,923.0,389.0,1079.0,908.0,0.2703125,0.6,success
campus_images_01123.jpg,campus_images_01123_p07.jpg,7.0,0.34118443727493286,400.0,335.0,478.0,661.0,0.16979166666666667,0.6,success
campus_images_01124.jpg,campus_images_01124_p01.jpg,1.0,0.9092857837677002,102.0,199.0,389.0,977.0,0.40520833333333334,0.6,success
campus_images_01124.jpg,campus_images_01124_p02.jpg,2.0,0.8870221972465515,931.0,420.0,1080.0,896.0,0.24791666666666667,0.6,success
campus_images_01124.jpg,campus_images_01124_p03.jpg,3.0,0.876846969127655,834.0,618.0,941.0,854.0,0.12291666666666666,0.6,success
campus_images_01124.jpg,campus_images_01124_p04.jpg,4.0,0.8522362112998962,328.0,352.0,475.0,665.0,0.16302083333333334,0.6,success
campus_images_01124.jpg,campus_images_01124_p05.jpg,5.0,0.754364013671875,1.0,316.0,87.0,655.0,0.1765625,0.6,success
campus_images_01124.jpg,campus_images_01124_p06.jpg,6.0,0.7137830257415771,570.0,434.0,664.0,738.0,0.15833333333333333,0.6,success
campus_images_01124.jpg,campus_images_01124_p07.jpg,7.0,0.4115377366542816,505.0,520.0,585.0,703.0,0.0953125,0.6,success
campus_images_01125.jpg,campus_images_01125_p01.jpg,1.0,0.9335514903068542,44.0,191.0,347.0,948.0,0.39427083333333335,0.6,success
campus_images_01125.jpg,campus_images_01125_p02.jpg,2.0,0.8542476892471313,952.0,419.0,1080.0,922.0,0.26197916666666665,0.6,success
campus_images_01125.jpg,campus_images_01125_p03.jpg,3.0,0.8196150064468384,311.0,349.0,455.0,670.0,0.1671875,0.6,success
campus_images_01125.jpg,campus_images_01125_p04.jpg,4.0,0.7729169130325317,562.0,417.0,654.0,729.0,0.1625,0.6,success
campus_images_01125.jpg,campus_images_01125_p05.jpg,5.0,0.7099127173423767,821.0,601.0,938.0,849.0,0.12916666666666668,0.6,success
campus_images_01125.jpg,campus_images_01125_p06.jpg,6.0,0.610782265663147,468.0,399.0,566.0,690.0,0.1515625,0.6,success
campus_images_01125.jpg,campus_images_01125_p07.jpg,7.0,0.3968326151371002,821.0,601.0,938.0,850.0,0.1296875,0.6,success
campus_images_01126.jpg,campus_images_01126_p01.jpg,1.0,0.9135909676551819,1.0,197.0,249.0,932.0,0.3828125,0.6,success
campus_images_01126.jpg,campus_images_01126_p02.jpg,2.0,0.8542899489402771,951.0,429.0,1079.0,940.0,0.26614583333333336,0.6,success
campus_images_01126.jpg,campus_images_01126_p03.jpg,3.0,0.825440526008606,812.0,580.0,935.0,851.0,0.14114583333333333,0.6,success
campus_images_01126.jpg,campus_images_01126_p04.jpg,4.0,0.8213694095611572,288.0,335.0,397.0,669.0,0.17395833333333333,0.6,success
campus_images_01126.jpg,campus_images_01126_p05.jpg,5.0,0.8132236003875732,542.0,405.0,630.0,716.0,0.16197916666666667,0.6,success
campus_images_01126.jpg,campus_images_01126_p06.jpg,6.0,0.7622779607772827,466.0,380.0,562.0,691.0,0.16197916666666667,0.6,success
campus_images_01127.jpg,campus_images_01127_p01.jpg,1.0,0.8720275163650513,238.0,339.0,363.0,676.0,0.17552083333333332,0.6,success
campus_images_01127.jpg,campus_images_01127_p02.jpg,2.0,0.8015735149383545,456.0,365.0,545.0,692.0,0.1703125,0.6,success
campus_images_01127.jpg,campus_images_01127_p03.jpg,3.0,0.7992358207702637,811.0,579.0,930.0,850.0,0.14114583333333333,0.6,success
campus_images_01127.jpg,campus_images_01127_p04.jpg,4.0,0.7900564670562744,968.0,459.0,1080.0,947.0,0.25416666666666665,0.6,success
campus_images_01127.jpg,campus_images_01127_p05.jpg,5.0,0.7833676338195801,3.0,218.0,208.0,927.0,0.3692708333333333,0.6,success
campus_images_01127.jpg,campus_images_01127_p06.jpg,6.0,0.645135223865509,537.0,401.0,613.0,715.0,0.16354166666666667,0.6,success
campus_images_01128.jpg,campus_images_01128_p01.jpg,1.0,0.8706761598587036,200.0,352.0,353.0,680.0,0.17083333333333334,0.6,success
campus_images_01128.jpg,campus_images_01128_p02.jpg,2.0,0.813465416431427,429.0,364.0,526.0,692.0,0.17083333333333334,0.6,success
campus_images_01128.jpg,campus_images_01128_p03.jpg,3.0,0.8093464374542236,979.0,497.0,1080.0,945.0,0.23333333333333334,0.6,success
campus_images_01128.jpg,campus_images_01128_p04.jpg,4.0,0.8007152676582336,803.0,609.0,920.0,853.0,0.12708333333333333,0.6,success
campus_images_01128.jpg,campus_images_01128_p05.jpg,5.0,0.7198714017868042,0.0,222.0,185.0,916.0,0.3614583333333333,0.6,success
campus_images_01128.jpg,campus_images_01128_p06.jpg,6.0,0.698623538017273,507.0,399.0,615.0,728.0,0.17135416666666667,0.6,success
campus_images_01129.jpg,campus_images_01129_p01.jpg,1.0,0.8388052582740784,796.0,612.0,905.0,855.0,0.1265625,0.6,success
campus_images_01129.jpg,campus_images_01129_p02.jpg,2.0,0.7845348119735718,381.0,364.0,506.0,694.0,0.171875,0.6,success
campus_images_01129.jpg,campus_images_01129_p03.jpg,3.0,0.7306004166603088,171.0,348.0,276.0,680.0,0.17291666666666666,0.6,success
campus_images_01129.jpg,campus_images_01129_p04.jpg,4.0,0.6935141086578369,1019.0,508.0,1080.0,953.0,0.23177083333333334,0.6,success
campus_images_01129.jpg,campus_images_01129_p05.jpg,5.0,0.620671272277832,490.0,387.0,601.0,715.0,0.17083333333333334,0.6,success
campus_images_01129.jpg,campus_images_01129_p06.jpg,6.0,0.5822429656982422,1.0,225.0,115.0,876.0,0.3390625,0.6,success
campus_images_01129.jpg,campus_images_01129_p07.jpg,7.0,0.5384703874588013,0.0,238.0,118.0,873.0,0.3307291666666667,0.6,success
campus_images_01129.jpg,campus_images_01129_p08.jpg,8.0,0.43498846888542175,64.0,304.0,235.0,781.0,0.2484375,0.6,success
campus_images_01130.jpg,campus_images_01130_p01.jpg,1.0,0.8123814463615417,80.0,292.0,236.0,778.0,0.253125,0.6,success
campus_images_01130.jpg,campus_images_01130_p02.jpg,2.0,0.7990007996559143,787.0,608.0,897.0,852.0,0.12708333333333333,0.6,success
campus_images_01130.jpg,campus_images_01130_p03.jpg,3.0,0.7397533655166626,471.0,379.0,573.0,700.0,0.1671875,0.6,success
campus_images_01130.jpg,campus_images_01130_p04.jpg,4.0,0.7202901244163513,0.0,321.0,103.0,872.0,0.2869791666666667,0.6,success
campus_images_01130.jpg,campus_images_01130_p05.jpg,5.0,0.6296817064285278,380.0,365.0,505.0,694.0,0.17135416666666667,0.6,success
campus_images_01130.jpg,campus_images_01130_p06.jpg,6.0,0.4939597249031067,1019.0,544.0,1079.0,944.0,0.20833333333333334,0.6,success
campus_images_01130.jpg,campus_images_01130_p07.jpg,7.0,0.3179984986782074,379.0,366.0,504.0,695.0,0.17135416666666667,0.6,success
campus_images_01131.jpg,campus_images_01131_p01.jpg,1.0,0.8373169302940369,780.0,590.0,898.0,842.0,0.13125,0.6,success
campus_images_01131.jpg,campus_images_01131_p02.jpg,2.0,0.8004056811332703,454.0,377.0,549.0,703.0,0.16979166666666667,0.6,success
campus_images_01131.jpg,campus_images_01131_p03.jpg,3.0,0.7819918990135193,364.0,372.0,469.0,696.0,0.16875,0.6,success
campus_images_01131.jpg,campus_images_01131_p04.jpg,4.0,0.5772070288658142,117.0,292.0,263.0,781.0,0.2546875,0.6,success
campus_images_01131.jpg,campus_images_01131_p05.jpg,5.0,0.5389676094055176,0.0,322.0,95.0,866.0,0.2833333333333333,0.6,success
campus_images_01132.jpg,campus_images_01132_p01.jpg,1.0,0.8445857167243958,774.0,571.0,891.0,834.0,0.13697916666666668,0.6,success
campus_images_01132.jpg,campus_images_01132_p02.jpg,2.0,0.8118528723716736,318.0,371.0,453.0,702.0,0.17239583333333333,0.6,success
campus_images_01132.jpg,campus_images_01132_p03.jpg,3.0,0.5688039064407349,32.0,354.0,167.0,693.0,0.1765625,0.6,success
campus_images_01132.jpg,campus_images_01132_p04.jpg,4.0,0.5109397768974304,431.0,382.0,548.0,701.0,0.16614583333333333,0.6,success
campus_images_01133.jpg,campus_images_01133_p01.jpg,1.0,0.8613367080688477,188.0,298.0,392.0,784.0,0.253125,0.6,success
campus_images_01133.jpg,campus_images_01133_p02.jpg,2.0,0.8433496952056885,769.0,568.0,888.0,828.0,0.13541666666666666,0.6,success
campus_images_01133.jpg,campus_images_01133_p03.jpg,3.0,0.8070428371429443,0.0,327.0,107.0,697.0,0.19270833333333334,0.6,success
campus_images_01133.jpg,campus_images_01133_p04.jpg,4.0,0.4981992244720459,398.0,377.0,491.0,705.0,0.17083333333333334,0.6,success
campus_images_01133.jpg,campus_images_01133_p05.jpg,5.0,0.4391213059425354,331.0,378.0,423.0,692.0,0.16354166666666667,0.6,success
campus_images_01134.jpg,campus_images_01134_p01.jpg,1.0,0.8148754239082336,769.0,556.0,888.0,834.0,0.14479166666666668,0.6,success
campus_images_01134.jpg,campus_images_01134_p02.jpg,2.0,0.8109816908836365,247.0,296.0,409.0,781.0,0.2526041666666667,0.6,success
campus_images_01134.jpg,campus_images_01134_p03.jpg,3.0,0.7258663177490234,0.0,316.0,104.0,692.0,0.19583333333333333,0.6,success
campus_images_01134.jpg,campus_images_01134_p04.jpg,4.0,0.47982051968574524,377.0,379.0,465.0,713.0,0.17395833333333333,0.6,success
campus_images_01134.jpg,campus_images_01134_p05.jpg,5.0,0.3473324477672577,552.0,488.0,605.0,632.0,0.075,0.6,success
campus_images_01135.jpg,campus_images_01135_p01.jpg,1.0,0.8542096018791199,293.0,298.0,502.0,787.0,0.2546875,0.6,success
campus_images_01135.jpg,campus_images_01135_p02.jpg,2.0,0.8275410532951355,760.0,540.0,886.0,832.0,0.15208333333333332,0.6,success
campus_images_01135.jpg,campus_images_01135_p03.jpg,3.0,0.7696985602378845,0.0,315.0,106.0,670.0,0.18489583333333334,0.6,success
campus_images_01135.jpg,campus_images_01135_p04.jpg,4.0,0.6731469631195068,241.0,357.0,328.0,695.0,0.17604166666666668,0.6,success
campus_images_01135.jpg,campus_images_01135_p05.jpg,5.0,0.35978963971138,565.0,508.0,620.0,635.0,0.06614583333333333,0.6,success
campus_images_01136.jpg,campus_images_01136_p01.jpg,1.0,0.844054102897644,756.0,525.0,882.0,832.0,0.15989583333333332,0.6,success
campus_images_01136.jpg,campus_images_01136_p02.jpg,2.0,0.8291025161743164,329.0,304.0,511.0,790.0,0.253125,0.6,success
campus_images_01136.jpg,campus_images_01136_p03.jpg,3.0,0.7662160992622375,202.0,366.0,345.0,706.0,0.17708333333333334,0.6,success
campus_images_01136.jpg,campus_images_01136_p04.jpg,4.0,0.7363991141319275,2.0,316.0,103.0,660.0,0.17916666666666667,0.6,success
campus_images_01136.jpg,campus_images_01136_p05.jpg,5.0,0.41530534625053406,573.0,499.0,622.0,616.0,0.0609375,0.6,success
campus_images_01137.jpg,campus_images_01137_p01.jpg,1.0,0.8300071954727173,4.0,318.0,105.0,659.0,0.17760416666666667,0.6,success
campus_images_01137.jpg,campus_images_01137_p02.jpg,2.0,0.7994644641876221,740.0,522.0,869.0,831.0,0.1609375,0.6,success
campus_images_01137.jpg,campus_images_01137_p03.jpg,3.0,0.771080493927002,397.0,294.0,550.0,789.0,0.2578125,0.6,success
campus_images_01137.jpg,campus_images_01137_p04.jpg,4.0,0.6992865204811096,254.0,363.0,374.0,707.0,0.17916666666666667,0.6,success
campus_images_01137.jpg,campus_images_01137_p05.jpg,5.0,0.4605523943901062,174.0,366.0,290.0,707.0,0.17760416666666667,0.6,success
campus_images_01137.jpg,campus_images_01137_p06.jpg,6.0,0.4361087381839752,575.0,489.0,629.0,624.0,0.0703125,0.6,success
campus_images_01138.jpg,campus_images_01138_p01.jpg,1.0,0.8433350920677185,5.0,317.0,110.0,663.0,0.18020833333333333,0.6,success
campus_images_01138.jpg,campus_images_01138_p02.jpg,2.0,0.8235830664634705,150.0,362.0,242.0,706.0,0.17916666666666667,0.6,success
campus_images_01138.jpg,campus_images_01138_p03.jpg,3.0,0.8095356225967407,438.0,306.0,622.0,791.0,0.2526041666666667,0.6,success
campus_images_01138.jpg,campus_images_01138_p04.jpg,4.0,0.7995017766952515,733.0,531.0,853.0,831.0,0.15625,0.6,success
campus_images_01138.jpg,campus_images_01138_p05.jpg,5.0,0.6585820317268372,220.0,370.0,328.0,711.0,0.17760416666666667,0.6,success
campus_images_01139.jpg,campus_images_01139_p01.jpg,1.0,0.8401938676834106,456.0,316.0,649.0,793.0,0.2484375,0.6,success
campus_images_01139.jpg,campus_images_01139_p02.jpg,2.0,0.8364846706390381,717.0,519.0,840.0,828.0,0.1609375,0.6,success
campus_images_01139.jpg,campus_images_01139_p03.jpg,3.0,0.8070041537284851,5.0,321.0,111.0,661.0,0.17708333333333334,0.6,success
campus_images_01139.jpg,campus_images_01139_p04.jpg,4.0,0.5088551044464111,99.0,364.0,206.0,715.0,0.1828125,0.6,success
campus_images_01139.jpg,campus_images_01139_p05.jpg,5.0,0.48218193650245667,172.0,363.0,321.0,716.0,0.18385416666666668,0.6,success
campus_images_01139.jpg,campus_images_01139_p06.jpg,6.0,0.43345725536346436,100.0,367.0,222.0,719.0,0.18333333333333332,0.6,success
campus_images_01140.jpg,campus_images_01140_p01.jpg,1.0,0.8114479184150696,700.0,484.0,832.0,838.0,0.184375,0.6,success
campus_images_01140.jpg,campus_images_01140_p02.jpg,2.0,0.7471250891685486,549.0,319.0,671.0,800.0,0.25052083333333336,0.6,success
campus_images_01140.jpg,campus_images_01140_p03.jpg,3.0,0.7393823862075806,134.0,401.0,226.0,724.0,0.16822916666666668,0.6,success
campus_images_01140.jpg,campus_images_01140_p04.jpg,4.0,0.7308016419410706,61.0,382.0,162.0,720.0,0.17604166666666668,0.6,success
campus_images_01140.jpg,campus_images_01140_p05.jpg,5.0,0.5079343914985657,7.0,361.0,85.0,658.0,0.1546875,0.6,success
campus_images_01141.jpg,campus_images_01141_p01.jpg,1.0,0.8484290242195129,679.0,467.0,811.0,816.0,0.18177083333333333,0.6,success
campus_images_01141.jpg,campus_images_01141_p02.jpg,2.0,0.8014301657676697,561.0,336.0,727.0,810.0,0.246875,0.6,success
campus_images_01141.jpg,campus_images_01141_p03.jpg,3.0,0.6131247878074646,44.0,385.0,217.0,732.0,0.18072916666666666,0.6,success
campus_images_01141.jpg,campus_images_01141_p04.jpg,4.0,0.3502534031867981,3.0,376.0,65.0,664.0,0.15,0.6,success
campus_images_01142.jpg,campus_images_01142_p01.jpg,1.0,0.8378638029098511,695.0,458.0,796.0,804.0,0.18020833333333333,0.6,success
campus_images_01142.jpg,campus_images_01142_p02.jpg,2.0,0.6969051361083984,0.0,372.0,95.0,723.0,0.1828125,0.6,success
campus_images_01142.jpg,campus_images_01142_p03.jpg,3.0,0.6921587586402893,566.0,335.0,747.0,808.0,0.24635416666666668,0.6,success
campus_images_01142.jpg,campus_images_01142_p04.jpg,4.0,0.5602063536643982,566.0,334.0,749.0,815.0,0.25052083333333336,0.6,success
campus_images_01142.jpg,campus_images_01142_p05.jpg,5.0,0.47444260120391846,77.0,443.0,185.0,730.0,0.14947916666666666,0.6,success
campus_images_01143.jpg,campus_images_01143_p01.jpg,1.0,0.8260703682899475,2.0,329.0,128.0,738.0,0.21302083333333333,0.6,success
campus_images_01143.jpg,campus_images_01143_p02.jpg,2.0,0.6720353960990906,636.0,322.0,767.0,818.0,0.25833333333333336,0.6,success
campus_images_01143.jpg,campus_images_01143_p03.jpg,3.0,0.33384406566619873,408.0,524.0,447.0,578.0,0.028125,0.6,success
campus_images_01144.jpg,campus_images_01144_p01.jpg,1.0,0.8342382907867432,0.0,329.0,122.0,737.0,0.2125,0.6,success
campus_images_01144.jpg,campus_images_01144_p02.jpg,2.0,0.8258441686630249,631.0,333.0,802.0,821.0,0.25416666666666665,0.6,success
campus_images_01144.jpg,campus_images_01144_p03.jpg,3.0,0.4131108224391937,289.0,468.0,326.0,567.0,0.0515625,0.6,success
campus_images_01144.jpg,campus_images_01144_p04.jpg,4.0,0.34696024656295776,407.0,494.0,445.0,577.0,0.043229166666666666,0.6,success
campus_images_01145.jpg,campus_images_01145_p01.jpg,1.0,0.7818579077720642,647.0,337.0,822.0,823.0,0.253125,0.6,success
campus_images_01145.jpg,campus_images_01145_p02.jpg,2.0,0.693471372127533,8.0,349.0,118.0,683.0,0.17395833333333333,0.6,success
campus_images_01145.jpg,campus_images_01145_p03.jpg,3.0,0.4036720097064972,599.0,408.0,720.0,746.0,0.17604166666666668,0.6,success
campus_images_01146.jpg,campus_images_01146_p01.jpg,1.0,0.7751879692077637,3.0,333.0,120.0,685.0,0.18333333333333332,0.6,success
campus_images_01146.jpg,campus_images_01146_p02.jpg,2.0,0.7348898649215698,556.0,429.0,707.0,758.0,0.17135416666666667,0.6,success
campus_images_01146.jpg,campus_images_01146_p03.jpg,3.0,0.6796533465385437,657.0,370.0,843.0,838.0,0.24375,0.6,success
campus_images_01147.jpg,campus_images_01147_p01.jpg,1.0,0.8342850804328918,739.0,372.0,894.0,826.0,0.23645833333333333,0.6,success
campus_images_01147.jpg,campus_images_01147_p02.jpg,2.0,0.8148865699768066,545.0,416.0,717.0,798.0,0.19895833333333332,0.6,success
campus_images_01147.jpg,campus_images_01147_p03.jpg,3.0,0.7548984289169312,2.0,344.0,120.0,680.0,0.175,0.6,success
campus_images_01148.jpg,campus_images_01148_p01.jpg,1.0,0.8793845772743225,524.0,382.0,715.0,785.0,0.20989583333333334,0.6,success
campus_images_01148.jpg,campus_images_01148_p02.jpg,2.0,0.8391313552856445,751.0,374.0,913.0,864.0,0.2552083333333333,0.6,success
campus_images_01148.jpg,campus_images_01148_p03.jpg,3.0,0.8152701258659363,2.0,340.0,122.0,681.0,0.17760416666666667,0.6,success
campus_images_01148.jpg,campus_images_01148_p04.jpg,4.0,0.4009857475757599,893.0,618.0,956.0,820.0,0.10520833333333333,0.6,success
campus_images_01149.jpg,campus_images_01149_p01.jpg,1.0,0.8072127103805542,2.0,344.0,121.0,681.0,0.17552083333333332,0.6,success
campus_images_01149.jpg,campus_images_01149_p02.jpg,2.0,0.7578725814819336,514.0,348.0,688.0,752.0,0.21041666666666667,0.6,success
campus_images_01149.jpg,campus_images_01149_p03.jpg,3.0,0.743447482585907,759.0,416.0,936.0,887.0,0.2453125,0.6,success
campus_images_01149.jpg,campus_images_01149_p04.jpg,4.0,0.34600451588630676,903.0,617.0,976.0,824.0,0.1078125,0.6,success
campus_images_01150.jpg,campus_images_01150_p01.jpg,1.0,0.7925862669944763,1.0,337.0,119.0,677.0,0.17708333333333334,0.6,success
campus_images_01150.jpg,campus_images_01150_p02.jpg,2.0,0.7891626358032227,294.0,6.0,1079.0,1914.0,0.99375,1.0,success
campus_images_01150.jpg,campus_images_01150_p03.jpg,3.0,0.40879708528518677,165.0,493.0,210.0,581.0,0.04583333333333333,0.6,success
campus_images_01151.jpg,campus_images_01151_p01.jpg,1.0,0.9267082810401917,1.0,4.0,1080.0,1920.0,0.9979166666666667,1.0,success
campus_images_01151.jpg,campus_images_01151_p02.jpg,2.0,0.39133551716804504,906.0,427.0,1001.0,680.0,0.13177083333333334,0.6,success
campus_images_01152.jpg,campus_images_01152_p01.jpg,1.0,0.8878638744354248,451.0,320.0,602.0,773.0,0.2359375,0.6,success
campus_images_01152.jpg,campus_images_01152_p02.jpg,2.0,0.7741785049438477,860.0,452.0,1042.0,907.0,0.23697916666666666,0.6,success
campus_images_01152.jpg,campus_images_01152_p03.jpg,3.0,0.7720004916191101,0.0,144.0,726.0,1917.0,0.9234375,1.0,success
campus_images_01153.jpg,campus_images_01153_p01.jpg,1.0,0.8860188722610474,401.0,315.0,542.0,778.0,0.24114583333333334,0.6,success
campus_images_01153.jpg,campus_images_01153_p02.jpg,2.0,0.8072611093521118,865.0,483.0,1050.0,908.0,0.22135416666666666,0.6,success
campus_images_01153.jpg,campus_images_01153_p03.jpg,3.0,0.7975130677223206,0.0,332.0,112.0,679.0,0.18072916666666666,0.6,success
campus_images_01153.jpg,campus_images_01153_p04.jpg,4.0,0.41915827989578247,0.0,1194.0,132.0,1915.0,0.37552083333333336,0.6,success
campus_images_01154.jpg,campus_images_01154_p01.jpg,1.0,0.8916794061660767,358.0,317.0,523.0,778.0,0.24010416666666667,0.6,success
campus_images_01154.jpg,campus_images_01154_p02.jpg,2.0,0.8244408369064331,0.0,333.0,111.0,681.0,0.18125,0.6,success
campus_images_01154.jpg,campus_images_01154_p03.jpg,3.0,0.7376043796539307,902.0,482.0,1071.0,938.0,0.2375,0.6,success
campus_images_01155.jpg,campus_images_01155_p01.jpg,1.0,0.9310953617095947,293.0,324.0,523.0,780.0,0.2375,0.6,success
campus_images_01155.jpg,campus_images_01155_p02.jpg,2.0,0.8160499334335327,1.0,335.0,111.0,684.0,0.18177083333333333,0.6,success
campus_images_01155.jpg,campus_images_01155_p03.jpg,3.0,0.4410317838191986,911.0,523.0,1079.0,953.0,0.22395833333333334,0.6,success
campus_images_01156.jpg,campus_images_01156_p01.jpg,1.0,0.9079742431640625,276.0,319.0,460.0,778.0,0.2390625,0.6,success
campus_images_01156.jpg,campus_images_01156_p02.jpg,2.0,0.8307909369468689,945.0,537.0,1079.0,979.0,0.23020833333333332,0.6,success
campus_images_01156.jpg,campus_images_01156_p03.jpg,3.0,0.7890186309814453,0.0,338.0,111.0,686.0,0.18125,0.6,success
campus_images_01157.jpg,campus_images_01157_p01.jpg,1.0,0.8892866373062134,235.0,318.0,371.0,785.0,0.24322916666666666,0.6,success
campus_images_01157.jpg,campus_images_01157_p02.jpg,2.0,0.5891222953796387,0.0,338.0,112.0,682.0,0.17916666666666667,0.6,success
campus_images_01158.jpg,campus_images_01158_p01.jpg,1.0,0.9280363917350769,160.0,322.0,364.0,791.0,0.24427083333333333,0.6,success
campus_images_01158.jpg,campus_images_01158_p02.jpg,2.0,0.6429123282432556,0.0,341.0,100.0,684.0,0.17864583333333334,0.6,success
campus_images_01158.jpg,campus_images_01158_p03.jpg,3.0,0.522855281829834,929.0,697.0,1027.0,956.0,0.13489583333333333,0.6,success
campus_images_01159.jpg,campus_images_01159_p01.jpg,1.0,0.6964133977890015,912.0,667.0,1022.0,942.0,0.14322916666666666,0.6,success
campus_images_01159.jpg,campus_images_01159_p02.jpg,2.0,0.6727540493011475,1.0,343.0,89.0,685.0,0.178125,0.6,success
campus_images_01159.jpg,campus_images_01159_p03.jpg,3.0,0.4123136103153229,1016.0,668.0,1080.0,983.0,0.1640625,0.6,success
campus_images_01160.jpg,campus_images_01160_p01.jpg,1.0,0.8602970838546753,110.0,312.0,260.0,792.0,0.25,0.6,success
campus_images_01160.jpg,campus_images_01160_p02.jpg,2.0,0.7946714162826538,908.0,667.0,1017.0,935.0,0.13958333333333334,0.6,success
campus_images_01160.jpg,campus_images_01160_p03.jpg,3.0,0.7825648188591003,0.0,338.0,86.0,687.0,0.18177083333333333,0.6,success
campus_images_01161.jpg,campus_images_01161_p01.jpg,1.0,0.7889705896377563,879.0,644.0,1009.0,927.0,0.14739583333333334,0.6,success
campus_images_01161.jpg,campus_images_01161_p02.jpg,2.0,0.7084312438964844,0.0,344.0,81.0,674.0,0.171875,0.6,success
campus_images_01161.jpg,campus_images_01161_p03.jpg,3.0,0.606257438659668,26.0,306.0,233.0,798.0,0.25625,0.6,success
campus_images_01162.jpg,campus_images_01162_p01.jpg,1.0,0.9267904162406921,3.0,316.0,231.0,803.0,0.25364583333333335,0.6,success
campus_images_01162.jpg,campus_images_01162_p02.jpg,2.0,0.676235020160675,894.0,638.0,995.0,926.0,0.15,0.6,success
campus_images_01163.jpg,campus_images_01163_p01.jpg,1.0,0.8676000237464905,857.0,624.0,976.0,923.0,0.15572916666666667,0.6,success
campus_images_01163.jpg,campus_images_01163_p02.jpg,2.0,0.8132327198982239,0.0,313.0,162.0,801.0,0.25416666666666665,0.6,success
campus_images_01164.jpg,campus_images_01164_p01.jpg,1.0,0.8035626411437988,0.0,364.0,95.0,806.0,0.23020833333333332,0.6,success
campus_images_01164.jpg,campus_images_01164_p02.jpg,2.0,0.7863062024116516,857.0,607.0,961.0,895.0,0.15,0.6,success
campus_images_01164.jpg,campus_images_01164_p03.jpg,3.0,0.46784377098083496,857.0,605.0,962.0,896.0,0.1515625,0.6,success
campus_images_01164.jpg,campus_images_01164_p04.jpg,4.0,0.32883983850479126,833.0,543.0,885.0,668.0,0.06510416666666667,0.6,success
campus_images_01165.jpg,campus_images_01165_p01.jpg,1.0,0.8097484707832336,829.0,619.0,946.0,892.0,0.1421875,0.6,success
campus_images_01165.jpg,campus_images_01165_p02.jpg,2.0,0.7346956729888916,0.0,376.0,84.0,804.0,0.22291666666666668,0.6,success
campus_images_01165.jpg,campus_images_01165_p03.jpg,3.0,0.7142655849456787,575.0,1019.0,1080.0,1913.0,0.465625,0.6,success
campus_images_01166.jpg,campus_images_01166_p01.jpg,1.0,0.8937543034553528,79.0,2.0,1080.0,1883.0,0.9796875,1.0,success
campus_images_01166.jpg,campus_images_01166_p02.jpg,2.0,0.5335486531257629,0.0,374.0,79.0,689.0,0.1640625,0.6,success
campus_images_01166.jpg,campus_images_01166_p03.jpg,3.0,0.4497810900211334,101.0,502.0,146.0,584.0,0.042708333333333334,0.6,success
campus_images_01167.jpg,campus_images_01167_p01.jpg,1.0,0.778676450252533,0.0,1.0,652.0,1868.0,0.9723958333333333,1.0,success
campus_images_01167.jpg,campus_images_01167_p02.jpg,2.0,0.6973835825920105,798.0,561.0,921.0,890.0,0.17135416666666667,0.6,success
campus_images_01168.jpg,campus_images_01168_p01.jpg,1.0,0.8017915487289429,784.0,546.0,912.0,874.0,0.17083333333333334,0.6,success
campus_images_01168.jpg,campus_images_01168_p02.jpg,2.0,0.642581582069397,0.0,545.0,380.0,1914.0,0.7130208333333333,0.8,success
campus_images_01168.jpg,campus_images_01168_p03.jpg,3.0,0.3950265049934387,910.0,548.0,985.0,727.0,0.09322916666666667,0.6,success
campus_images_01169.jpg,campus_images_01169_p01.jpg,1.0,0.7334731221199036,785.0,546.0,896.0,876.0,0.171875,0.6,success
campus_images_01169.jpg,campus_images_01169_p02.jpg,2.0,0.6988896727561951,0.0,348.0,71.0,684.0,0.175,0.6,success
campus_images_01169.jpg,campus_images_01169_p03.jpg,3.0,0.5530331134796143,916.0,554.0,989.0,718.0,0.08541666666666667,0.6,success
campus_images_01170.jpg,campus_images_01170_p01.jpg,1.0,0.7980700135231018,767.0,554.0,873.0,882.0,0.17083333333333334,0.6,success
campus_images_01170.jpg,campus_images_01170_p02.jpg,2.0,0.6783337593078613,0.0,356.0,81.0,690.0,0.17395833333333333,0.6,success
campus_images_01171.jpg,campus_images_01171_p01.jpg,1.0,0.8330198526382446,745.0,558.0,859.0,878.0,0.16666666666666666,0.6,success
campus_images_01171.jpg,campus_images_01171_p02.jpg,2.0,0.6406962871551514,0.0,370.0,75.0,693.0,0.16822916666666668,0.6,success
campus_images_01172.jpg,campus_images_01172_p01.jpg,1.0,0.8290215730667114,735.0,552.0,851.0,851.0,0.15572916666666667,0.6,success
campus_images_01172.jpg,campus_images_01172_p02.jpg,2.0,0.7188976407051086,0.0,362.0,77.0,692.0,0.171875,0.6,success
campus_images_01172.jpg,campus_images_01172_p03.jpg,3.0,0.5100827813148499,923.0,588.0,1023.0,736.0,0.07708333333333334,0.6,success
campus_images_01172.jpg,campus_images_01172_p04.jpg,4.0,0.4074263274669647,830.0,558.0,885.0,697.0,0.07239583333333334,0.6,success
campus_images_01173.jpg,campus_images_01173_p01.jpg,1.0,0.8047897815704346,715.0,548.0,835.0,847.0,0.15572916666666667,0.6,success
campus_images_01173.jpg,campus_images_01173_p02.jpg,2.0,0.7030889987945557,0.0,362.0,73.0,691.0,0.17135416666666667,0.6,success
campus_images_01173.jpg,campus_images_01173_p03.jpg,3.0,0.41382595896720886,927.0,586.0,1039.0,759.0,0.09010416666666667,0.6,success
campus_images_01174.jpg,campus_images_01174_p01.jpg,1.0,0.8175387382507324,700.0,540.0,823.0,851.0,0.16197916666666667,0.6,success
campus_images_01174.jpg,campus_images_01174_p02.jpg,2.0,0.6983379125595093,0.0,359.0,73.0,691.0,0.17291666666666666,0.6,success
campus_images_01174.jpg,campus_images_01174_p03.jpg,3.0,0.49837571382522583,949.0,590.0,1049.0,759.0,0.08802083333333334,0.6,success
campus_images_01174.jpg,campus_images_01174_p04.jpg,4.0,0.363348126411438,855.0,561.0,906.0,702.0,0.0734375,0.6,success
